U+4E00	1	0
U+4E01	1	1
U+4E02	1	1
U+4E03	1	1
U+4E04	1	1
U+4E05	1	1
U+4E06	1	1
U+4E07	1	2
U+4E08	1	2
U+4E09	1	2
U+4E0A	1	2
U+4E0B	1	2
U+4E0C	1	2
U+4E0D	1	3
U+4E0E	1	3
U+4E0F	1	3
U+4E10	1	3
U+4E11	1	3
U+4E12	1	3
U+4E13	1	3
U+4E14	1	4
U+4E15	1	4
U+4E16	1	4
U+4E17	1	3
U+4E18	1	4
U+4E19	1	4
U+4E1A	1	4
U+4E1B	1	4
U+4E1C	1	4
U+4E1D	1	4
U+4E1E	1	5
U+4E1F	1	5
U+4E20	1	5
U+4E21	1	5
U+4E22	1	5
U+4E23	1	6
U+4E24	1	6
U+4E25	1	6
U+4E26	1	7
U+4E27	1	7
U+4E28	2	0
U+4E29	2	1
U+4E2A	2	2
U+4E2B	2	2
U+4E2C	90	0
U+4E2D	2	3
U+4E2E	2	3
U+4E2F	2	3
U+4E30	2	3
U+4E31	2	4
U+4E32	2	6
U+4E33	2	7
U+4E34	2	8
U+4E35	2	9
U+4E36	3	0
U+4E37	3	1
U+4E38	3	2
U+4E39	3	3
U+4E3A	3	3
U+4E3B	3	4
U+4E3C	3	4
U+4E3D	1	6
U+4E3E	3	8
U+4E3F	4	0
U+4E40	4	0
U+4E41	4	0
U+4E42	4	1
U+4E43	4	1
U+4E44	4	1
U+4E45	4	2
U+4E46	4	2
U+4E47	4	2
U+4E48	4	2
U+4E49	3	2
U+4E4A	4	2
U+4E4B	4	3
U+4E4C	4	3
U+4E4D	4	4
U+4E4E	4	4
U+4E4F	4	4
U+4E50	4	4
U+4E51	4	5
U+4E52	4	5
U+4E53	4	5
U+4E54	4	5
U+4E55	4	6
U+4E56	4	7
U+4E57	4	8
U+4E58	4	9
U+4E59	5	0
U+4E5A	5	0
U+4E5B	5	0
U+4E5C	5	1
U+4E5D	5	1
U+4E5E	5	2
U+4E5F	5	2
U+4E60	5	2
U+4E61	52	0
U+4E62	46	1
U+4E63	5	3
U+4E64	5	3
U+4E65	5	3
U+4E66	5	3
U+4E67	5	4
U+4E68	5	5
U+4E69	5	5
U+4E6A	5	5
U+4E6B	5	5
U+4E6C	5	5
U+4E6D	5	5
U+4E6E	5	5
U+4E6F	5	5
U+4E70	5	5
U+4E71	5	6
U+4E72	5	6
U+4E73	5	7
U+4E74	5	7
U+4E75	5	7
U+4E76	5	7
U+4E77	5	7
U+4E78	5	7
U+4E79	5	8
U+4E7A	5	8
U+4E7B	5	8
U+4E7C	5	8
U+4E7D	5	9
U+4E7E	5	10
U+4E7F	5	10
U+4E80	5	10
U+4E81	5	11
U+4E82	5	12
U+4E83	5	12
U+4E84	5	12
U+4E85	6	0
U+4E86	6	1
U+4E87	6	2
U+4E88	6	3
U+4E89	6	5
U+4E8A	6	6
U+4E8B	6	7
U+4E8C	7	0
U+4E8D	7	1
U+4E8E	7	1
U+4E8F	7	1
U+4E90	1	2
U+4E91	7	2
U+4E92	7	2
U+4E93	7	2
U+4E94	7	2
U+4E95	7	2
U+4E96	7	2
U+4E97	7	3
U+4E98	7	4
U+4E99	7	4
U+4E9A	7	4
U+4E9B	7	5
U+4E9C	7	5
U+4E9D	7	6
U+4E9E	7	6
U+4E9F	7	6
U+4EA0	8	0
U+4EA1	8	1
U+4EA2	8	2
U+4EA3	8	2
U+4EA4	8	4
U+4EA5	8	4
U+4EA6	8	4
U+4EA7	8	4
U+4EA8	8	5
U+4EA9	8	5
U+4EAA	8	5
U+4EAB	8	6
U+4EAC	8	6
U+4EAD	8	7
U+4EAE	8	7
U+4EAF	8	7
U+4EB0	8	7
U+4EB1	8	7
U+4EB2	8	7
U+4EB3	8	8
U+4EB4	8	10
U+4EB5	8	10
U+4EB6	8	11
U+4EB7	8	11
U+4EB8	8	14
U+4EB9	8	19
U+4EBA	9	0
U+4EBB	9	0
U+4EBC	9	1
U+4EBD	9	1
U+4EBE	9	1
U+4EBF	9	1
U+4EC0	9	2
U+4EC1	9	2
U+4EC2	9	2
U+4EC3	9	2
U+4EC4	9	2
U+4EC5	9	2
U+4EC6	9	2
U+4EC7	9	2
U+4EC8	9	2
U+4EC9	9	2
U+4ECA	9	2
U+4ECB	9	2
U+4ECC	9	2
U+4ECD	9	2
U+4ECE	9	2
U+4ECF	9	2
U+4ED0	9	2
U+4ED1	9	2
U+4ED2	9	2
U+4ED3	9	2
U+4ED4	9	3
U+4ED5	9	3
U+4ED6	9	3
U+4ED7	9	3
U+4ED8	9	3
U+4ED9	9	3
U+4EDA	9	3
U+4EDB	9	3
U+4EDC	9	3
U+4EDD	9	3
U+4EDE	9	3
U+4EDF	9	3
U+4EE0	9	3
U+4EE1	9	3
U+4EE2	9	3
U+4EE3	9	3
U+4EE4	9	3
U+4EE5	9	3
U+4EE6	9	3
U+4EE7	9	3
U+4EE8	9	3
U+4EE9	9	3
U+4EEA	9	3
U+4EEB	9	3
U+4EEC	9	3
U+4EED	9	3
U+4EEE	9	4
U+4EEF	9	4
U+4EF0	9	4
U+4EF1	9	4
U+4EF2	9	4
U+4EF3	9	4
U+4EF4	9	4
U+4EF5	9	4
U+4EF6	9	4
U+4EF7	9	4
U+4EF8	9	4
U+4EF9	9	4
U+4EFA	9	4
U+4EFB	9	4
U+4EFC	9	4
U+4EFD	9	4
U+4EFE	9	4
U+4EFF	9	4
U+4F00	9	4
U+4F01	9	4
U+4F02	9	4
U+4F03	9	4
U+4F04	9	4
U+4F05	9	4
U+4F06	9	4
U+4F07	9	4
U+4F08	9	4
U+4F09	9	4
U+4F0A	9	4
U+4F0B	9	4
U+4F0C	9	4
U+4F0D	9	4
U+4F0E	9	4
U+4F0F	9	4
U+4F10	9	4
U+4F11	9	4
U+4F12	9	4
U+4F13	9	4
U+4F14	9	4
U+4F15	9	4
U+4F16	9	4
U+4F17	9	4
U+4F18	9	4
U+4F19	9	4
U+4F1A	9	4
U+4F1B	9	4
U+4F1C	9	4
U+4F1D	9	4
U+4F1E	9	4
U+4F1F	9	4
U+4F20	9	4
U+4F21	9	4
U+4F22	9	4
U+4F23	9	4
U+4F24	9	4
U+4F25	9	4
U+4F26	9	4
U+4F27	9	4
U+4F28	9	4
U+4F29	9	4
U+4F2A	9	4
U+4F2B	9	4
U+4F2C	9	4
U+4F2D	9	5
U+4F2E	9	5
U+4F2F	9	5
U+4F30	9	5
U+4F31	9	5
U+4F32	9	5
U+4F33	9	5
U+4F34	9	5
U+4F35	9	5
U+4F36	9	5
U+4F37	9	5
U+4F38	9	5
U+4F39	9	5
U+4F3A	9	5
U+4F3B	9	5
U+4F3C	9	5
U+4F3D	9	5
U+4F3E	9	5
U+4F3F	9	5
U+4F40	9	5
U+4F41	9	5
U+4F42	9	5
U+4F43	9	5
U+4F44	9	5
U+4F45	9	5
U+4F46	9	5
U+4F47	9	5
U+4F48	9	5
U+4F49	9	5
U+4F4A	9	5
U+4F4B	9	5
U+4F4C	9	5
U+4F4D	9	5
U+4F4E	9	5
U+4F4F	9	5
U+4F50	9	5
U+4F51	9	5
U+4F52	9	5
U+4F53	9	5
U+4F54	9	5
U+4F55	9	5
U+4F56	9	5
U+4F57	9	5
U+4F58	9	5
U+4F59	9	5
U+4F5A	9	5
U+4F5B	9	5
U+4F5C	9	5
U+4F5D	9	5
U+4F5E	9	5
U+4F5F	9	5
U+4F60	9	5
U+4F61	9	5
U+4F62	9	5
U+4F63	9	5
U+4F64	9	5
U+4F65	9	5
U+4F66	9	5
U+4F67	9	5
U+4F68	9	5
U+4F69	9	6
U+4F6A	9	6
U+4F6B	9	6
U+4F6C	9	6
U+4F6D	9	6
U+4F6E	9	6
U+4F6F	9	6
U+4F70	9	6
U+4F71	9	6
U+4F72	9	6
U+4F73	9	6
U+4F74	9	6
U+4F75	9	6
U+4F76	9	6
U+4F77	9	6
U+4F78	9	6
U+4F79	9	6
U+4F7A	9	6
U+4F7B	9	6
U+4F7C	9	6
U+4F7D	9	6
U+4F7E	9	6
U+4F7F	9	6
U+4F80	9	6
U+4F81	9	6
U+4F82	9	6
U+4F83	9	6
U+4F84	9	6
U+4F85	9	6
U+4F86	9	6
U+4F87	9	6
U+4F88	9	6
U+4F89	9	6
U+4F8A	9	6
U+4F8B	9	6
U+4F8C	9	6
U+4F8D	9	6
U+4F8E	9	6
U+4F8F	9	6
U+4F90	9	6
U+4F91	9	6
U+4F92	9	6
U+4F93	9	6
U+4F94	9	6
U+4F95	9	6
U+4F96	9	6
U+4F97	9	6
U+4F98	9	6
U+4F99	9	6
U+4F9A	9	6
U+4F9B	9	6
U+4F9C	9	6
U+4F9D	9	6
U+4F9E	9	6
U+4F9F	9	6
U+4FA0	9	6
U+4FA1	9	6
U+4FA2	9	6
U+4FA3	9	6
U+4FA4	9	6
U+4FA5	9	6
U+4FA6	9	6
U+4FA7	9	6
U+4FA8	9	6
U+4FA9	9	6
U+4FAA	9	6
U+4FAB	9	6
U+4FAC	9	6
U+4FAD	9	6
U+4FAE	9	7
U+4FAF	9	7
U+4FB0	9	7
U+4FB1	9	7
U+4FB2	9	7
U+4FB3	9	7
U+4FB4	9	7
U+4FB5	9	7
U+4FB6	9	7
U+4FB7	9	7
U+4FB8	9	7
U+4FB9	9	7
U+4FBA	9	7
U+4FBB	9	7
U+4FBC	9	7
U+4FBD	9	7
U+4FBE	9	7
U+4FBF	9	7
U+4FC0	9	7
U+4FC1	9	7
U+4FC2	9	7
U+4FC3	9	7
U+4FC4	9	7
U+4FC5	9	7
U+4FC6	9	7
U+4FC7	9	7
U+4FC8	9	7
U+4FC9	9	7
U+4FCA	9	7
U+4FCB	9	7
U+4FCC	9	7
U+4FCD	9	7
U+4FCE	9	7
U+4FCF	9	7
U+4FD0	9	7
U+4FD1	9	7
U+4FD2	9	7
U+4FD3	9	7
U+4FD4	9	7
U+4FD5	9	7
U+4FD6	9	7
U+4FD7	9	7
U+4FD8	9	7
U+4FD9	9	7
U+4FDA	9	7
U+4FDB	9	7
U+4FDC	9	7
U+4FDD	9	7
U+4FDE	9	7
U+4FDF	9	7
U+4FE0	9	7
U+4FE1	9	7
U+4FE2	9	7
U+4FE3	9	7
U+4FE4	9	7
U+4FE5	9	7
U+4FE6	9	7
U+4FE7	9	7
U+4FE8	9	7
U+4FE9	9	7
U+4FEA	9	7
U+4FEB	9	7
U+4FEC	9	7
U+4FED	9	7
U+4FEE	9	8
U+4FEF	9	8
U+4FF0	9	8
U+4FF1	9	8
U+4FF2	9	8
U+4FF3	9	8
U+4FF4	9	8
U+4FF5	9	8
U+4FF6	9	8
U+4FF7	9	8
U+4FF8	9	8
U+4FF9	9	8
U+4FFA	9	8
U+4FFB	9	8
U+4FFC	9	8
U+4FFD	9	8
U+4FFE	9	8
U+4FFF	9	8
U+5000	9	8
U+5001	9	8
U+5002	9	8
U+5003	9	8
U+5004	9	8
U+5005	9	8
U+5006	9	8
U+5007	9	8
U+5008	9	8
U+5009	9	8
U+500A	9	8
U+500B	9	8
U+500C	9	8
U+500D	9	8
U+500E	9	8
U+500F	9	8
U+5010	9	8
U+5011	9	8
U+5012	9	8
U+5013	9	8
U+5014	9	8
U+5015	9	8
U+5016	9	8
U+5017	9	8
U+5018	9	8
U+5019	9	8
U+501A	9	8
U+501B	9	8
U+501C	9	8
U+501D	9	8
U+501E	9	8
U+501F	9	8
U+5020	9	8
U+5021	9	8
U+5022	9	8
U+5023	9	8
U+5024	9	8
U+5025	9	8
U+5026	9	8
U+5027	9	8
U+5028	9	8
U+5029	9	8
U+502A	9	8
U+502B	9	8
U+502C	9	8
U+502D	9	8
U+502E	9	8
U+502F	9	8
U+5030	9	8
U+5031	9	8
U+5032	9	8
U+5033	9	8
U+5034	9	8
U+5035	9	8
U+5036	9	8
U+5037	9	8
U+5038	9	8
U+5039	9	8
U+503A	9	8
U+503B	9	9
U+503C	9	8
U+503D	9	8
U+503E	9	8
U+503F	9	8
U+5040	9	9
U+5041	9	9
U+5042	9	9
U+5043	9	9
U+5044	9	9
U+5045	9	9
U+5046	9	9
U+5047	9	9
U+5048	9	9
U+5049	9	9
U+504A	9	9
U+504B	9	9
U+504C	9	9
U+504D	9	9
U+504E	9	9
U+504F	9	9
U+5050	9	9
U+5051	9	9
U+5052	9	9
U+5053	9	9
U+5054	9	9
U+5055	9	9
U+5056	9	9
U+5057	9	9
U+5058	9	9
U+5059	9	9
U+505A	9	9
U+505B	9	9
U+505C	9	9
U+505D	9	9
U+505E	9	9
U+505F	9	9
U+5060	9	9
U+5061	9	9
U+5062	9	9
U+5063	9	9
U+5064	9	9
U+5065	9	9
U+5066	9	9
U+5067	9	9
U+5068	9	9
U+5069	9	9
U+506A	9	9
U+506B	9	9
U+506C	9	9
U+506D	9	9
U+506E	9	9
U+506F	9	9
U+5070	9	9
U+5071	9	9
U+5072	9	9
U+5073	9	9
U+5074	9	9
U+5075	9	9
U+5076	9	9
U+5077	9	9
U+5078	9	9
U+5079	9	9
U+507A	9	9
U+507B	9	9
U+507C	9	9
U+507D	9	9
U+507E	9	9
U+507F	9	9
U+5080	9	10
U+5081	9	10
U+5082	9	10
U+5083	9	10
U+5084	9	10
U+5085	9	10
U+5086	9	10
U+5087	9	10
U+5088	9	10
U+5089	9	10
U+508A	9	10
U+508B	9	10
U+508C	9	10
U+508D	9	10
U+508E	9	10
U+508F	9	10
U+5090	9	10
U+5091	9	10
U+5092	9	10
U+5093	9	10
U+5094	9	10
U+5095	9	10
U+5096	9	10
U+5097	9	10
U+5098	9	10
U+5099	9	10
U+509A	9	10
U+509B	9	10
U+509C	9	10
U+509D	9	10
U+509E	9	10
U+509F	9	10
U+50A0	9	10
U+50A1	9	10
U+50A2	9	10
U+50A3	9	10
U+50A4	9	10
U+50A5	9	10
U+50A6	9	10
U+50A7	9	10
U+50A8	9	10
U+50A9	9	10
U+50AA	9	11
U+50AB	9	11
U+50AC	9	11
U+50AD	9	11
U+50AE	9	11
U+50AF	9	11
U+50B0	9	11
U+50B1	9	11
U+50B2	9	11
U+50B3	9	11
U+50B4	9	11
U+50B5	9	11
U+50B6	9	11
U+50B7	9	11
U+50B8	9	11
U+50B9	9	11
U+50BA	9	11
U+50BB	9	11
U+50BC	9	11
U+50BD	9	11
U+50BE	9	11
U+50BF	9	11
U+50C0	9	11
U+50C1	9	11
U+50C2	9	11
U+50C3	9	11
U+50C4	9	11
U+50C5	9	11
U+50C6	9	11
U+50C7	9	11
U+50C8	9	11
U+50C9	9	11
U+50CA	9	11
U+50CB	9	11
U+50CC	9	11
U+50CD	9	11
U+50CE	9	12
U+50CF	9	12
U+50D0	9	12
U+50D1	9	12
U+50D2	9	12
U+50D3	9	12
U+50D4	9	12
U+50D5	9	12
U+50D6	9	12
U+50D7	9	12
U+50D8	9	12
U+50D9	9	12
U+50DA	9	12
U+50DB	9	12
U+50DC	9	12
U+50DD	9	12
U+50DE	9	12
U+50DF	9	12
U+50E0	9	12
U+50E1	9	12
U+50E2	9	12
U+50E3	9	12
U+50E4	9	12
U+50E5	9	12
U+50E6	9	12
U+50E7	9	12
U+50E8	9	12
U+50E9	9	12
U+50EA	9	12
U+50EB	9	12
U+50EC	9	12
U+50ED	9	12
U+50EE	9	12
U+50EF	9	12
U+50F0	9	12
U+50F1	9	12
U+50F2	9	13
U+50F3	9	12
U+50F4	9	12
U+50F5	9	13
U+50F6	9	13
U+50F7	9	13
U+50F8	9	13
U+50F9	9	13
U+50FA	9	13
U+50FB	9	13
U+50FC	9	13
U+50FD	9	13
U+50FE	9	13
U+50FF	9	13
U+5100	9	13
U+5101	9	13
U+5102	9	13
U+5103	9	13
U+5104	9	13
U+5105	9	13
U+5106	9	13
U+5107	9	13
U+5108	9	13
U+5109	9	13
U+510A	9	13
U+510B	9	13
U+510C	9	13
U+510D	9	13
U+510E	9	13
U+510F	9	13
U+5110	9	14
U+5111	9	14
U+5112	9	14
U+5113	9	14
U+5114	9	14
U+5115	9	14
U+5116	9	14
U+5117	9	14
U+5118	9	14
U+5119	9	14
U+511A	9	14
U+511B	9	14
U+511C	9	14
U+511D	9	14
U+511E	9	14
U+511F	9	15
U+5120	9	15
U+5121	9	15
U+5122	9	15
U+5123	9	15
U+5124	9	15
U+5125	9	15
U+5126	9	15
U+5127	9	15
U+5128	9	15
U+5129	9	15
U+512A	9	15
U+512B	9	14
U+512C	9	15
U+512D	9	16
U+512E	9	16
U+512F	9	16
U+5130	9	16
U+5131	9	16
U+5132	9	16
U+5133	9	17
U+5134	9	17
U+5135	9	17
U+5136	9	18
U+5137	9	19
U+5138	9	19
U+5139	9	19
U+513A	9	19
U+513B	9	20
U+513C	9	20
U+513D	9	21
U+513E	9	22
U+513F	10	0
U+5140	10	1
U+5141	10	2
U+5142	10	2
U+5143	10	2
U+5144	10	3
U+5145	10	4
U+5146	10	4
U+5147	10	4
U+5148	10	4
U+5149	10	4
U+514A	10	4
U+514B	10	5
U+514C	10	5
U+514D	10	5
U+514E	10	5
U+514F	10	5
U+5150	10	5
U+5151	10	5
U+5152	10	6
U+5153	10	6
U+5154	10	6
U+5155	10	6
U+5156	10	6
U+5157	10	7
U+5158	10	7
U+5159	10	7
U+515A	10	8
U+515B	10	8
U+515C	10	9
U+515D	10	9
U+515E	10	9
U+515F	10	10
U+5160	10	10
U+5161	10	11
U+5162	10	12
U+5163	10	14
U+5164	10	19
U+5165	11	0
U+5166	11	1
U+5167	11	2
U+5168	11	4
U+5169	11	6
U+516A	11	7
U+516B	12	0
U+516C	12	2
U+516D	12	2
U+516E	12	2
U+516F	12	2
U+5170	12	3
U+5171	12	4
U+5172	12	4
U+5173	12	4
U+5174	12	4
U+5175	12	5
U+5176	12	6
U+5177	12	6
U+5178	12	6
U+5179	12	7
U+517A	12	8
U+517B	12	7
U+517C	12	8
U+517D	12	9
U+517E	12	11
U+517F	12	11
U+5180	12	14
U+5181	12	16
U+5182	13	0
U+5183	13	2
U+5184	13	2
U+5185	13	2
U+5186	13	2
U+5187	13	2
U+5188	13	2
U+5189	13	3
U+518A	13	3
U+518B	13	3
U+518C	13	3
U+518D	13	4
U+518E	13	4
U+518F	13	5
U+5190	13	6
U+5191	13	7
U+5192	13	7
U+5193	13	8
U+5194	13	8
U+5195	13	9
U+5196	14	0
U+5197	14	2
U+5198	14	2
U+5199	14	3
U+519A	14	3
U+519B	14	4
U+519C	14	4
U+519D	14	5
U+519E	14	6
U+519F	14	7
U+51A0	14	7
U+51A1	14	8
U+51A2	14	8
U+51A3	14	8
U+51A4	14	8
U+51A5	14	8
U+51A6	14	8
U+51A7	14	8
U+51A8	14	9
U+51A9	14	12
U+51AA	14	14
U+51AB	15	0
U+51AC	15	3
U+51AD	15	3
U+51AE	15	3
U+51AF	15	3
U+51B0	15	4
U+51B1	15	4
U+51B2	15	4
U+51B3	15	4
U+51B4	15	4
U+51B5	15	5
U+51B6	15	5
U+51B7	15	5
U+51B8	15	5
U+51B9	15	5
U+51BA	15	5
U+51BB	15	5
U+51BC	15	6
U+51BD	15	6
U+51BE	15	6
U+51BF	15	6
U+51C0	15	6
U+51C1	15	7
U+51C2	15	7
U+51C3	15	7
U+51C4	15	8
U+51C5	15	8
U+51C6	15	8
U+51C7	15	8
U+51C8	15	8
U+51C9	15	8
U+51CA	15	8
U+51CB	15	8
U+51CC	15	8
U+51CD	15	8
U+51CE	15	8
U+51CF	15	9
U+51D0	15	9
U+51D1	15	9
U+51D2	15	10
U+51D3	15	10
U+51D4	15	10
U+51D5	15	10
U+51D6	15	10
U+51D7	15	11
U+51D8	15	12
U+51D9	15	13
U+51DA	15	13
U+51DB	15	13
U+51DC	15	13
U+51DD	15	14
U+51DE	15	14
U+51DF	15	15
U+51E0	16	0
U+51E1	16	1
U+51E2	16	1
U+51E3	16	1
U+51E4	16	2
U+51E5	16	3
U+51E6	16	3
U+51E7	16	3
U+51E8	16	4
U+51E9	16	4
U+51EA	16	4
U+51EB	16	4
U+51EC	16	5
U+51ED	16	6
U+51EE	16	6
U+51EF	16	6
U+51F0	16	9
U+51F1	16	10
U+51F2	16	10
U+51F3	16	12
U+51F4	16	12
U+51F5	17	0
U+51F6	17	2
U+51F7	17	3
U+51F8	17	3
U+51F9	17	3
U+51FA	17	3
U+51FB	17	3
U+51FC	17	4
U+51FD	17	6
U+51FE	17	7
U+51FF	17	10
U+5200	18	0
U+5201	18	0
U+5202	18	0
U+5203	18	1
U+5204	18	1
U+5205	18	2
U+5206	18	2
U+5207	18	2
U+5208	18	2
U+5209	18	3
U+520A	18	3
U+520B	18	3
U+520C	18	3
U+520D	18	3
U+520E	18	4
U+520F	18	4
U+5210	18	4
U+5211	18	4
U+5212	18	4
U+5213	18	4
U+5214	18	4
U+5215	18	4
U+5216	18	4
U+5217	18	4
U+5218	18	4
U+5219	18	4
U+521A	18	4
U+521B	18	4
U+521C	18	5
U+521D	18	5
U+521E	18	5
U+521F	18	5
U+5220	18	5
U+5221	18	5
U+5222	18	5
U+5223	18	5
U+5224	18	5
U+5225	18	5
U+5226	18	5
U+5227	18	5
U+5228	18	5
U+5229	18	5
U+522A	18	5
U+522B	18	5
U+522C	18	5
U+522D	18	5
U+522E	18	6
U+522F	18	6
U+5230	18	6
U+5231	18	6
U+5232	18	6
U+5233	18	6
U+5234	18	6
U+5235	18	6
U+5236	18	6
U+5237	18	6
U+5238	18	6
U+5239	18	6
U+523A	18	6
U+523B	18	6
U+523C	18	6
U+523D	18	6
U+523E	18	6
U+523F	18	6
U+5240	18	6
U+5241	18	6
U+5242	18	6
U+5243	18	7
U+5244	18	7
U+5245	18	7
U+5246	18	7
U+5247	18	7
U+5248	18	7
U+5249	18	7
U+524A	18	7
U+524B	18	7
U+524C	18	7
U+524D	18	7
U+524E	18	7
U+524F	18	7
U+5250	18	7
U+5251	18	7
U+5252	18	8
U+5253	18	8
U+5254	18	8
U+5255	18	8
U+5256	18	8
U+5257	18	8
U+5258	18	8
U+5259	18	8
U+525A	18	8
U+525B	18	8
U+525C	18	8
U+525D	18	8
U+525E	18	8
U+525F	18	8
U+5260	18	8
U+5261	18	8
U+5262	18	8
U+5263	18	8
U+5264	18	8
U+5265	18	8
U+5266	18	8
U+5267	18	8
U+5268	18	9
U+5269	18	10
U+526A	18	9
U+526B	18	9
U+526C	18	9
U+526D	18	9
U+526E	18	9
U+526F	18	9
U+5270	18	9
U+5271	18	9
U+5272	18	10
U+5273	18	10
U+5274	18	10
U+5275	18	10
U+5276	18	9
U+5277	18	11
U+5278	18	11
U+5279	18	11
U+527A	18	11
U+527B	18	11
U+527C	18	11
U+527D	18	11
U+527E	18	11
U+527F	18	11
U+5280	18	12
U+5281	18	12
U+5282	18	12
U+5283	18	12
U+5284	18	12
U+5285	18	13
U+5286	18	13
U+5287	18	13
U+5288	18	13
U+5289	18	13
U+528A	18	13
U+528B	18	13
U+528C	18	13
U+528D	18	13
U+528E	18	13
U+528F	18	13
U+5290	18	14
U+5291	18	14
U+5292	18	14
U+5293	18	14
U+5294	18	14
U+5295	18	15
U+5296	18	17
U+5297	18	19
U+5298	18	19
U+5299	18	21
U+529A	18	21
U+529B	19	0
U+529C	19	1
U+529D	19	2
U+529E	19	2
U+529F	19	3
U+52A0	19	3
U+52A1	19	3
U+52A2	19	3
U+52A3	19	4
U+52A4	19	4
U+52A5	19	4
U+52A6	19	4
U+52A7	19	4
U+52A8	19	4
U+52A9	19	5
U+52AA	19	5
U+52AB	19	5
U+52AC	19	5
U+52AD	19	5
U+52AE	19	5
U+52AF	19	5
U+52B0	19	5
U+52B1	19	5
U+52B2	19	5
U+52B3	19	6
U+52B4	19	5
U+52B5	19	6
U+52B6	19	6
U+52B7	19	6
U+52B8	19	6
U+52B9	19	6
U+52BA	19	6
U+52BB	19	6
U+52BC	19	6
U+52BD	19	6
U+52BE	19	6
U+52BF	19	6
U+52C0	19	7
U+52C1	19	7
U+52C2	19	7
U+52C3	19	7
U+52C4	19	7
U+52C5	19	7
U+52C6	19	7
U+52C7	19	7
U+52C8	19	7
U+52C9	19	7
U+52CA	19	7
U+52CB	19	7
U+52CC	19	8
U+52CD	19	8
U+52CE	19	8
U+52CF	19	8
U+52D0	19	8
U+52D1	19	8
U+52D2	19	9
U+52D3	19	9
U+52D4	19	9
U+52D5	19	9
U+52D6	19	9
U+52D7	72	7
U+52D8	19	9
U+52D9	19	9
U+52DA	19	9
U+52DB	19	10
U+52DC	19	10
U+52DD	19	10
U+52DE	19	10
U+52DF	19	11
U+52E0	19	11
U+52E1	19	11
U+52E2	19	11
U+52E3	19	11
U+52E4	19	11
U+52E5	19	11
U+52E6	19	11
U+52E7	19	11
U+52E8	19	12
U+52E9	19	12
U+52EA	19	12
U+52EB	19	12
U+52EC	19	12
U+52ED	19	12
U+52EE	19	13
U+52EF	19	13
U+52F0	19	13
U+52F1	19	13
U+52F2	19	13
U+52F3	19	14
U+52F4	19	15
U+52F5	19	15
U+52F6	19	15
U+52F7	19	17
U+52F8	19	18
U+52F9	20	0
U+52FA	20	1
U+52FB	20	2
U+52FC	20	2
U+52FD	20	2
U+52FE	20	2
U+52FF	20	2
U+5300	20	2
U+5301	20	2
U+5302	20	2
U+5303	20	3
U+5304	20	3
U+5305	20	3
U+5306	20	3
U+5307	20	3
U+5308	20	4
U+5309	20	5
U+530A	20	6
U+530B	20	6
U+530C	20	6
U+530D	20	7
U+530E	20	8
U+530F	20	9
U+5310	20	9
U+5311	20	10
U+5312	20	10
U+5313	20	11
U+5314	20	13
U+5315	21	0
U+5316	21	2
U+5317	21	3
U+5318	21	9
U+5319	21	9
U+531A	22	0
U+531B	22	3
U+531C	22	3
U+531D	22	3
U+531E	22	3
U+531F	22	4
U+5320	22	4
U+5321	22	4
U+5322	22	4
U+5323	22	5
U+5324	22	5
U+5325	22	5
U+5326	22	6
U+5327	22	7
U+5328	22	7
U+5329	22	7
U+532A	22	8
U+532B	22	8
U+532C	22	9
U+532D	22	9
U+532E	22	9
U+532F	22	11
U+5330	22	12
U+5331	22	12
U+5332	22	12
U+5333	22	13
U+5334	22	14
U+5335	22	15
U+5336	22	17
U+5337	22	18
U+5338	23	0
U+5339	23	2
U+533A	23	2
U+533B	23	5
U+533C	23	6
U+533D	23	7
U+533E	23	9
U+533F	23	9
U+5340	23	9
U+5341	24	0
U+5342	24	1
U+5343	24	1
U+5344	1	2
U+5345	24	2
U+5346	24	2
U+5347	24	2
U+5348	24	2
U+5349	24	3
U+534A	24	3
U+534B	24	4
U+534C	24	3
U+534D	24	4
U+534E	24	4
U+534F	24	4
U+5350	24	4
U+5351	24	6
U+5352	24	6
U+5353	24	6
U+5354	24	6
U+5355	24	6
U+5356	24	6
U+5357	24	7
U+5358	24	7
U+5359	24	9
U+535A	24	10
U+535B	24	19
U+535C	25	0
U+535D	25	2
U+535E	25	2
U+535F	25	3
U+5360	25	3
U+5361	25	3
U+5362	25	3
U+5363	25	5
U+5364	25	5
U+5365	25	6
U+5366	25	6
U+5367	25	6
U+5368	25	9
U+5369	26	0
U+536A	26	1
U+536B	26	1
U+536C	26	2
U+536D	26	3
U+536E	26	3
U+536F	26	3
U+5370	26	4
U+5371	26	4
U+5372	26	5
U+5373	26	5
U+5374	26	5
U+5375	26	5
U+5376	26	6
U+5377	26	6
U+5378	26	6
U+5379	26	6
U+537A	26	6
U+537B	26	7
U+537C	26	7
U+537D	26	7
U+537E	26	9
U+537F	26	8
U+5380	26	11
U+5381	26	11
U+5382	27	0
U+5383	27	2
U+5384	27	2
U+5385	27	2
U+5386	27	2
U+5387	27	3
U+5388	27	3
U+5389	27	3
U+538A	27	4
U+538B	27	4
U+538C	27	4
U+538D	27	4
U+538E	27	5
U+538F	27	5
U+5390	27	5
U+5391	27	5
U+5392	27	6
U+5393	27	6
U+5394	27	6
U+5395	27	6
U+5396	27	7
U+5397	27	7
U+5398	27	7
U+5399	27	7
U+539A	27	7
U+539B	27	7
U+539C	27	8
U+539D	27	8
U+539E	27	8
U+539F	27	8
U+53A0	27	9
U+53A1	27	9
U+53A2	27	9
U+53A3	27	9
U+53A4	27	10
U+53A5	27	10
U+53A6	27	10
U+53A7	27	10
U+53A8	27	10
U+53A9	27	9
U+53AA	27	11
U+53AB	27	11
U+53AC	27	12
U+53AD	27	12
U+53AE	27	12
U+53AF	27	11
U+53B0	27	12
U+53B1	27	13
U+53B2	27	13
U+53B3	27	15
U+53B4	27	17
U+53B5	27	28
U+53B6	28	0
U+53B7	28	2
U+53B8	28	2
U+53B9	28	2
U+53BA	28	3
U+53BB	28	3
U+53BC	28	3
U+53BD	28	4
U+53BE	28	4
U+53BF	28	5
U+53C0	28	6
U+53C1	28	6
U+53C2	28	6
U+53C3	28	9
U+53C4	28	9
U+53C5	28	10
U+53C6	28	12
U+53C7	28	13
U+53C8	29	0
U+53C9	29	1
U+53CA	29	2
U+53CB	29	2
U+53CC	29	2
U+53CD	29	2
U+53CE	29	2
U+53CF	29	3
U+53D0	29	3
U+53D1	29	3
U+53D2	29	4
U+53D3	29	5
U+53D4	29	6
U+53D5	29	6
U+53D6	29	6
U+53D7	29	6
U+53D8	29	6
U+53D9	29	7
U+53DA	29	7
U+53DB	29	7
U+53DC	29	7
U+53DD	29	7
U+53DE	29	8
U+53DF	29	8
U+53E0	29	11
U+53E1	29	14
U+53E2	29	16
U+53E3	30	0
U+53E4	30	2
U+53E5	30	2
U+53E6	30	2
U+53E7	30	2
U+53E8	30	2
U+53E9	30	2
U+53EA	30	2
U+53EB	30	2
U+53EC	30	2
U+53ED	30	2
U+53EE	30	2
U+53EF	30	2
U+53F0	30	2
U+53F1	30	2
U+53F2	30	2
U+53F3	30	2
U+53F4	30	2
U+53F5	30	2
U+53F6	30	2
U+53F7	30	2
U+53F8	30	2
U+53F9	30	2
U+53FA	30	2
U+53FB	30	2
U+53FC	30	2
U+53FD	30	2
U+53FE	30	2
U+53FF	30	3
U+5400	30	3
U+5401	30	3
U+5402	30	3
U+5403	30	3
U+5404	30	3
U+5405	30	3
U+5406	30	3
U+5407	30	3
U+5408	30	3
U+5409	30	3
U+540A	30	3
U+540B	30	3
U+540C	30	3
U+540D	30	3
U+540E	30	3
U+540F	30	3
U+5410	30	3
U+5411	30	3
U+5412	30	3
U+5413	30	3
U+5414	30	3
U+5415	30	3
U+5416	30	3
U+5417	30	3
U+5418	30	4
U+5419	30	4
U+541A	30	4
U+541B	30	4
U+541C	30	4
U+541D	30	4
U+541E	30	4
U+541F	30	4
U+5420	30	4
U+5421	30	4
U+5422	30	4
U+5423	30	4
U+5424	30	4
U+5425	30	4
U+5426	30	4
U+5427	30	4
U+5428	30	4
U+5429	30	4
U+542A	30	4
U+542B	30	4
U+542C	30	4
U+542D	30	4
U+542E	30	4
U+542F	30	4
U+5430	30	4
U+5431	30	4
U+5432	30	4
U+5433	30	4
U+5434	30	4
U+5435	30	4
U+5436	30	4
U+5437	30	4
U+5438	30	4
U+5439	30	4
U+543A	30	4
U+543B	30	4
U+543C	30	4
U+543D	30	4
U+543E	30	4
U+543F	30	4
U+5440	30	4
U+5441	30	4
U+5442	30	4
U+5443	30	4
U+5444	30	4
U+5445	30	4
U+5446	30	4
U+5447	30	4
U+5448	30	4
U+5449	30	4
U+544A	30	4
U+544B	30	4
U+544C	30	4
U+544D	30	4
U+544E	30	4
U+544F	30	4
U+5450	30	4
U+5451	30	4
U+5452	30	4
U+5453	30	4
U+5454	30	4
U+5455	30	4
U+5456	30	4
U+5457	30	4
U+5458	30	4
U+5459	30	4
U+545A	30	4
U+545B	30	4
U+545C	30	4
U+545D	30	5
U+545E	30	5
U+545F	30	5
U+5460	30	5
U+5461	30	5
U+5462	30	5
U+5463	30	5
U+5464	30	5
U+5465	30	5
U+5466	30	5
U+5467	30	5
U+5468	30	5
U+5469	30	5
U+546A	30	5
U+546B	30	5
U+546C	30	5
U+546D	30	5
U+546E	30	5
U+546F	30	5
U+5470	30	5
U+5471	30	5
U+5472	30	5
U+5473	30	5
U+5474	30	5
U+5475	30	5
U+5476	30	5
U+5477	30	5
U+5478	30	5
U+5479	30	5
U+547A	30	5
U+547B	30	5
U+547C	30	5
U+547D	30	5
U+547E	30	5
U+547F	30	5
U+5480	30	5
U+5481	30	5
U+5482	30	5
U+5483	30	5
U+5484	30	5
U+5485	30	5
U+5486	30	5
U+5487	30	5
U+5488	30	5
U+5489	30	5
U+548A	30	5
U+548B	30	5
U+548C	30	5
U+548D	30	5
U+548E	30	5
U+548F	30	5
U+5490	30	5
U+5491	30	5
U+5492	30	5
U+5493	30	5
U+5494	30	5
U+5495	30	5
U+5496	30	5
U+5497	30	5
U+5498	30	5
U+5499	30	5
U+549A	30	5
U+549B	30	5
U+549C	30	5
U+549D	30	5
U+549E	30	6
U+549F	30	6
U+54A0	30	6
U+54A1	30	6
U+54A2	30	6
U+54A3	30	6
U+54A4	30	6
U+54A5	30	6
U+54A6	30	6
U+54A7	30	6
U+54A8	30	6
U+54A9	30	6
U+54AA	30	6
U+54AB	30	6
U+54AC	30	6
U+54AD	30	6
U+54AE	30	6
U+54AF	30	6
U+54B0	30	6
U+54B1	30	6
U+54B2	30	6
U+54B3	30	6
U+54B4	30	6
U+54B5	30	6
U+54B6	30	6
U+54B7	30	6
U+54B8	30	6
U+54B9	30	6
U+54BA	30	6
U+54BB	30	6
U+54BC	30	6
U+54BD	30	6
U+54BE	30	6
U+54BF	30	6
U+54C0	30	6
U+54C1	30	6
U+54C2	30	6
U+54C3	30	6
U+54C4	30	6
U+54C5	30	6
U+54C6	30	6
U+54C7	30	6
U+54C8	30	6
U+54C9	30	6
U+54CA	30	6
U+54CB	30	6
U+54CC	30	6
U+54CD	30	6
U+54CE	30	6
U+54CF	30	6
U+54D0	30	6
U+54D1	30	6
U+54D2	30	6
U+54D3	30	6
U+54D4	30	6
U+54D5	30	6
U+54D6	30	6
U+54D7	30	6
U+54D8	30	6
U+54D9	30	6
U+54DA	30	6
U+54DB	30	6
U+54DC	30	6
U+54DD	30	6
U+54DE	30	6
U+54DF	30	6
U+54E0	30	7
U+54E1	30	7
U+54E2	30	7
U+54E3	30	7
U+54E4	30	7
U+54E5	30	7
U+54E6	30	7
U+54E7	30	7
U+54E8	30	7
U+54E9	30	7
U+54EA	30	7
U+54EB	30	7
U+54EC	30	7
U+54ED	30	7
U+54EE	30	7
U+54EF	30	7
U+54F0	30	7
U+54F1	30	7
U+54F2	30	7
U+54F3	30	7
U+54F4	30	7
U+54F5	30	7
U+54F6	30	7
U+54F7	30	7
U+54F8	30	7
U+54F9	30	7
U+54FA	30	7
U+54FB	30	7
U+54FC	30	7
U+54FD	30	7
U+54FE	30	7
U+54FF	30	7
U+5500	30	7
U+5501	30	7
U+5502	30	7
U+5503	30	7
U+5504	30	7
U+5505	30	7
U+5506	30	7
U+5507	30	7
U+5508	30	7
U+5509	30	7
U+550A	30	7
U+550B	30	7
U+550C	30	7
U+550D	30	7
U+550E	30	7
U+550F	30	7
U+5510	30	7
U+5511	30	7
U+5512	30	7
U+5513	30	7
U+5514	30	7
U+5515	30	7
U+5516	30	7
U+5517	30	7
U+5518	30	7
U+5519	30	7
U+551A	30	7
U+551B	30	7
U+551C	30	7
U+551D	30	7
U+551E	30	7
U+551F	30	7
U+5520	30	7
U+5521	30	7
U+5522	30	7
U+5523	30	7
U+5524	30	7
U+5525	30	7
U+5526	30	7
U+5527	30	7
U+5528	30	8
U+5529	30	8
U+552A	30	8
U+552B	30	8
U+552C	30	8
U+552D	30	8
U+552E	30	8
U+552F	30	8
U+5530	30	8
U+5531	30	8
U+5532	30	8
U+5533	30	8
U+5534	30	8
U+5535	30	8
U+5536	30	8
U+5537	30	8
U+5538	30	8
U+5539	30	8
U+553A	30	8
U+553B	30	8
U+553C	30	8
U+553D	30	8
U+553E	30	8
U+553F	30	8
U+5540	30	8
U+5541	30	8
U+5542	30	8
U+5543	30	8
U+5544	30	8
U+5545	30	8
U+5546	30	8
U+5547	30	8
U+5548	30	8
U+5549	30	8
U+554A	30	8
U+554B	30	8
U+554C	30	8
U+554D	30	8
U+554E	30	8
U+554F	30	8
U+5550	30	8
U+5551	30	8
U+5552	30	8
U+5553	30	8
U+5554	30	8
U+5555	30	8
U+5556	30	8
U+5557	30	8
U+5558	30	8
U+5559	30	9
U+555A	30	8
U+555B	30	8
U+555C	30	8
U+555D	30	8
U+555E	30	8
U+555F	66	7
U+5560	30	8
U+5561	30	8
U+5562	30	8
U+5563	30	8
U+5564	30	8
U+5565	30	8
U+5566	30	8
U+5567	30	8
U+5568	30	8
U+5569	30	8
U+556A	30	8
U+556B	30	9
U+556C	30	8
U+556D	30	8
U+556E	30	8
U+556F	30	8
U+5570	30	8
U+5571	30	8
U+5572	30	8
U+5573	30	8
U+5574	30	8
U+5575	30	8
U+5576	30	8
U+5577	30	8
U+5578	30	8
U+5579	30	8
U+557A	30	9
U+557B	30	9
U+557C	30	9
U+557D	30	9
U+557E	30	9
U+557F	30	9
U+5580	30	9
U+5581	30	9
U+5582	30	9
U+5583	30	9
U+5584	30	9
U+5585	30	9
U+5586	30	9
U+5587	30	9
U+5588	30	9
U+5589	30	9
U+558A	30	9
U+558B	30	9
U+558C	30	9
U+558D	30	10
U+558E	30	9
U+558F	30	9
U+5590	30	9
U+5591	30	9
U+5592	30	9
U+5593	30	9
U+5594	30	9
U+5595	30	9
U+5596	30	9
U+5597	30	9
U+5598	30	9
U+5599	30	9
U+559A	30	9
U+559B	30	9
U+559C	30	9
U+559D	30	9
U+559E	30	9
U+559F	30	9
U+55A0	30	9
U+55A1	30	9
U+55A2	30	9
U+55A3	30	9
U+55A4	30	9
U+55A5	30	9
U+55A6	30	9
U+55A7	30	9
U+55A8	30	9
U+55A9	30	9
U+55AA	30	9
U+55AB	30	9
U+55AC	30	9
U+55AD	30	9
U+55AE	30	9
U+55AF	30	9
U+55B0	30	9
U+55B1	30	9
U+55B2	30	9
U+55B3	30	9
U+55B4	30	9
U+55B5	30	9
U+55B6	30	9
U+55B7	30	9
U+55B8	30	9
U+55B9	30	9
U+55BA	30	9
U+55BB	30	9
U+55BC	30	9
U+55BD	30	9
U+55BE	30	9
U+55BF	30	10
U+55C0	30	10
U+55C1	30	10
U+55C2	30	10
U+55C3	30	10
U+55C4	30	10
U+55C5	30	10
U+55C6	30	10
U+55C7	30	10
U+55C8	30	10
U+55C9	30	10
U+55CA	30	10
U+55CB	30	10
U+55CC	30	10
U+55CD	30	10
U+55CE	30	10
U+55CF	30	10
U+55D0	30	10
U+55D1	30	10
U+55D2	30	10
U+55D3	30	10
U+55D4	30	10
U+55D5	30	10
U+55D6	30	10
U+55D7	30	10
U+55D8	30	10
U+55D9	30	10
U+55DA	30	10
U+55DB	30	10
U+55DC	30	10
U+55DD	30	10
U+55DE	30	10
U+55DF	30	10
U+55E0	30	10
U+55E1	30	10
U+55E2	30	10
U+55E3	30	10
U+55E4	30	10
U+55E5	30	10
U+55E6	30	10
U+55E7	30	10
U+55E8	30	10
U+55E9	30	10
U+55EA	30	10
U+55EB	30	10
U+55EC	30	10
U+55ED	30	10
U+55EE	30	10
U+55EF	30	10
U+55F0	30	10
U+55F1	30	10
U+55F2	30	10
U+55F3	30	10
U+55F4	30	10
U+55F5	30	10
U+55F6	30	11
U+55F7	30	11
U+55F8	30	11
U+55F9	30	11
U+55FA	30	11
U+55FB	30	11
U+55FC	30	11
U+55FD	30	11
U+55FE	30	11
U+55FF	30	11
U+5600	30	11
U+5601	30	11
U+5602	30	11
U+5603	30	11
U+5604	30	11
U+5605	30	11
U+5606	30	11
U+5607	30	11
U+5608	30	11
U+5609	30	11
U+560A	30	11
U+560B	30	11
U+560C	30	11
U+560D	30	11
U+560E	30	11
U+560F	30	11
U+5610	30	11
U+5611	30	11
U+5612	30	11
U+5613	30	11
U+5614	30	11
U+5615	30	11
U+5616	30	11
U+5617	30	11
U+5618	30	11
U+5619	30	11
U+561A	30	11
U+561B	30	11
U+561C	30	11
U+561D	30	11
U+561E	30	11
U+561F	30	12
U+5620	30	12
U+5621	30	11
U+5622	30	11
U+5623	30	11
U+5624	30	11
U+5625	30	11
U+5626	30	11
U+5627	30	11
U+5628	30	12
U+5629	30	12
U+562A	30	12
U+562B	30	12
U+562C	30	12
U+562D	30	12
U+562E	30	12
U+562F	30	12
U+5630	30	12
U+5631	30	12
U+5632	30	12
U+5633	30	12
U+5634	30	12
U+5635	30	12
U+5636	30	12
U+5637	30	12
U+5638	30	12
U+5639	30	12
U+563A	30	12
U+563B	30	12
U+563C	30	12
U+563D	30	12
U+563E	30	12
U+563F	30	12
U+5640	30	12
U+5641	30	12
U+5642	30	12
U+5643	30	12
U+5644	30	12
U+5645	30	12
U+5646	30	12
U+5647	30	12
U+5648	30	12
U+5649	30	12
U+564A	30	12
U+564B	30	12
U+564C	30	12
U+564D	30	12
U+564E	30	12
U+564F	30	12
U+5650	30	12
U+5651	30	11
U+5652	30	12
U+5653	30	11
U+5654	30	12
U+5655	87	11
U+5656	30	12
U+5657	30	12
U+5658	30	12
U+5659	30	12
U+565A	30	12
U+565B	30	12
U+565C	30	12
U+565D	30	12
U+565E	30	13
U+565F	30	13
U+5660	30	13
U+5661	30	13
U+5662	30	13
U+5663	30	13
U+5664	30	13
U+5665	30	13
U+5666	30	13
U+5667	30	13
U+5668	30	13
U+5669	30	13
U+566A	30	13
U+566B	30	13
U+566C	30	13
U+566D	30	13
U+566E	30	13
U+566F	30	13
U+5670	30	13
U+5671	30	13
U+5672	30	13
U+5673	30	13
U+5674	30	12
U+5675	30	13
U+5676	30	13
U+5677	30	13
U+5678	30	13
U+5679	30	13
U+567A	30	13
U+567B	30	13
U+567C	30	13
U+567D	30	14
U+567E	30	14
U+567F	30	14
U+5680	30	14
U+5681	30	14
U+5682	30	14
U+5683	30	14
U+5684	30	14
U+5685	30	14
U+5686	30	14
U+5687	30	14
U+5688	30	14
U+5689	30	14
U+568A	30	14
U+568B	30	14
U+568C	30	14
U+568D	30	14
U+568E	30	14
U+568F	30	14
U+5690	30	14
U+5691	30	14
U+5692	30	14
U+5693	30	14
U+5694	30	15
U+5695	30	15
U+5696	30	15
U+5697	30	15
U+5698	30	15
U+5699	30	15
U+569A	30	15
U+569B	30	15
U+569C	30	15
U+569D	30	15
U+569E	30	15
U+569F	30	15
U+56A0	30	15
U+56A1	30	15
U+56A2	30	15
U+56A3	30	15
U+56A4	30	15
U+56A5	30	16
U+56A6	30	16
U+56A7	30	16
U+56A8	30	16
U+56A9	30	16
U+56AA	30	16
U+56AB	30	16
U+56AC	30	16
U+56AD	30	16
U+56AE	30	16
U+56AF	30	16
U+56B0	30	16
U+56B1	30	17
U+56B2	30	17
U+56B3	30	17
U+56B4	30	17
U+56B5	30	17
U+56B6	30	17
U+56B7	30	17
U+56B8	30	17
U+56B9	30	17
U+56BA	30	14
U+56BB	30	18
U+56BC	30	18
U+56BD	30	18
U+56BE	30	18
U+56BF	30	18
U+56C0	30	18
U+56C1	30	18
U+56C2	30	18
U+56C3	30	18
U+56C4	30	18
U+56C5	30	19
U+56C6	30	19
U+56C7	30	19
U+56C8	30	19
U+56C9	30	19
U+56CA	30	19
U+56CB	30	19
U+56CC	30	20
U+56CD	30	18
U+56CE	30	19
U+56CF	30	20
U+56D0	30	20
U+56D1	30	21
U+56D2	30	21
U+56D3	30	21
U+56D4	30	22
U+56D5	30	22
U+56D6	30	25
U+56D7	31	0
U+56D8	13	3
U+56D9	31	2
U+56DA	31	2
U+56DB	31	2
U+56DC	31	2
U+56DD	31	3
U+56DE	31	3
U+56DF	31	3
U+56E0	31	3
U+56E1	31	3
U+56E2	31	3
U+56E3	31	3
U+56E4	31	4
U+56E5	31	4
U+56E6	31	4
U+56E7	31	4
U+56E8	31	4
U+56E9	31	4
U+56EA	31	4
U+56EB	31	4
U+56EC	31	4
U+56ED	31	4
U+56EE	31	4
U+56EF	31	4
U+56F0	31	4
U+56F1	31	4
U+56F2	31	4
U+56F3	31	4
U+56F4	31	4
U+56F5	31	4
U+56F6	31	5
U+56F7	31	5
U+56F8	31	5
U+56F9	31	5
U+56FA	31	5
U+56FB	31	5
U+56FC	31	5
U+56FD	31	5
U+56FE	31	5
U+56FF	31	6
U+5700	31	6
U+5701	31	7
U+5702	31	7
U+5703	31	7
U+5704	31	7
U+5705	31	7
U+5706	31	7
U+5707	31	8
U+5708	31	8
U+5709	31	8
U+570A	31	8
U+570B	31	8
U+570C	31	9
U+570D	31	9
U+570E	31	9
U+570F	31	8
U+5710	31	9
U+5711	31	10
U+5712	31	10
U+5713	31	10
U+5714	31	10
U+5715	31	10
U+5716	31	11
U+5717	31	11
U+5718	31	11
U+5719	31	11
U+571A	31	12
U+571B	31	13
U+571C	31	13
U+571D	31	19
U+571E	31	23
U+571F	32	0
U+5720	32	1
U+5721	32	1
U+5722	32	2
U+5723	32	2
U+5724	32	2
U+5725	32	2
U+5726	32	2
U+5727	32	2
U+5728	32	3
U+5729	32	3
U+572A	32	3
U+572B	32	3
U+572C	32	3
U+572D	32	3
U+572E	32	3
U+572F	32	3
U+5730	32	3
U+5731	32	3
U+5732	32	3
U+5733	32	3
U+5734	32	3
U+5735	32	3
U+5736	32	3
U+5737	32	3
U+5738	32	3
U+5739	32	3
U+573A	32	3
U+573B	32	4
U+573C	32	4
U+573D	32	4
U+573E	32	4
U+573F	32	4
U+5740	32	4
U+5741	32	4
U+5742	32	4
U+5743	32	4
U+5744	32	4
U+5745	32	4
U+5746	32	4
U+5747	32	4
U+5748	32	4
U+5749	32	4
U+574A	32	4
U+574B	32	4
U+574C	32	4
U+574D	32	4
U+574E	32	4
U+574F	32	4
U+5750	32	4
U+5751	32	4
U+5752	32	4
U+5753	32	4
U+5754	32	4
U+5755	32	4
U+5756	32	4
U+5757	32	4
U+5758	32	4
U+5759	32	4
U+575A	32	4
U+575B	32	4
U+575C	32	4
U+575D	32	4
U+575E	32	4
U+575F	32	4
U+5760	32	4
U+5761	32	5
U+5762	32	5
U+5763	32	5
U+5764	32	5
U+5765	32	5
U+5766	32	5
U+5767	32	5
U+5768	32	5
U+5769	32	5
U+576A	32	5
U+576B	32	5
U+576C	32	5
U+576D	32	5
U+576E	32	5
U+576F	32	5
U+5770	32	5
U+5771	32	5
U+5772	32	5
U+5773	32	5
U+5774	32	5
U+5775	32	5
U+5776	32	5
U+5777	32	5
U+5778	32	5
U+5779	32	5
U+577A	32	5
U+577B	32	5
U+577C	32	5
U+577D	32	5
U+577E	32	5
U+577F	32	5
U+5780	32	5
U+5781	32	5
U+5782	32	5
U+5783	32	5
U+5784	32	5
U+5785	32	5
U+5786	32	5
U+5787	32	5
U+5788	32	5
U+5789	32	5
U+578A	32	5
U+578B	32	6
U+578C	32	6
U+578D	32	6
U+578E	32	6
U+578F	32	6
U+5790	32	6
U+5791	32	6
U+5792	32	6
U+5793	32	6
U+5794	32	6
U+5795	32	6
U+5796	32	6
U+5797	32	6
U+5798	32	6
U+5799	32	6
U+579A	32	6
U+579B	32	6
U+579C	32	6
U+579D	32	6
U+579E	32	6
U+579F	32	6
U+57A0	32	6
U+57A1	32	6
U+57A2	32	6
U+57A3	32	6
U+57A4	32	6
U+57A5	32	6
U+57A6	32	6
U+57A7	32	6
U+57A8	32	6
U+57A9	32	6
U+57AA	32	6
U+57AB	32	6
U+57AC	32	6
U+57AD	32	6
U+57AE	32	6
U+57AF	32	6
U+57B0	32	6
U+57B1	32	6
U+57B2	32	6
U+57B3	32	6
U+57B4	32	6
U+57B5	32	6
U+57B6	32	7
U+57B7	32	7
U+57B8	32	7
U+57B9	32	7
U+57BA	32	7
U+57BB	32	7
U+57BC	32	7
U+57BD	32	7
U+57BE	32	7
U+57BF	32	7
U+57C0	32	7
U+57C1	32	7
U+57C2	32	7
U+57C3	32	7
U+57C4	32	7
U+57C5	32	7
U+57C6	32	7
U+57C7	32	7
U+57C8	32	7
U+57C9	32	7
U+57CA	32	7
U+57CB	32	7
U+57CC	32	7
U+57CD	32	7
U+57CE	32	6
U+57CF	32	7
U+57D0	32	7
U+57D1	32	7
U+57D2	32	7
U+57D3	32	7
U+57D4	32	7
U+57D5	32	7
U+57D6	32	7
U+57D7	32	7
U+57D8	32	7
U+57D9	32	7
U+57DA	32	7
U+57DB	32	7
U+57DC	32	8
U+57DD	32	8
U+57DE	32	8
U+57DF	32	8
U+57E0	32	8
U+57E1	32	8
U+57E2	32	8
U+57E3	32	8
U+57E4	32	8
U+57E5	32	8
U+57E6	32	8
U+57E7	32	8
U+57E8	32	8
U+57E9	32	8
U+57EA	32	9
U+57EB	32	8
U+57EC	32	8
U+57ED	32	8
U+57EE	32	8
U+57EF	32	8
U+57F0	32	8
U+57F1	32	8
U+57F2	32	8
U+57F3	32	8
U+57F4	32	8
U+57F5	32	8
U+57F6	32	8
U+57F7	32	8
U+57F8	32	8
U+57F9	32	8
U+57FA	32	8
U+57FB	32	8
U+57FC	32	8
U+57FD	32	8
U+57FE	32	8
U+57FF	32	8
U+5800	32	8
U+5801	32	8
U+5802	32	8
U+5803	32	8
U+5804	32	8
U+5805	32	8
U+5806	32	8
U+5807	32	8
U+5808	32	8
U+5809	32	8
U+580A	32	8
U+580B	32	8
U+580C	32	8
U+580D	32	8
U+580E	32	8
U+580F	32	8
U+5810	32	8
U+5811	32	8
U+5812	32	8
U+5813	32	8
U+5814	32	8
U+5815	32	9
U+5816	32	9
U+5817	32	9
U+5818	32	9
U+5819	32	9
U+581A	32	9
U+581B	32	9
U+581C	32	9
U+581D	32	9
U+581E	32	9
U+581F	32	9
U+5820	32	9
U+5821	32	9
U+5822	32	9
U+5823	32	9
U+5824	32	9
U+5825	32	9
U+5826	32	9
U+5827	32	9
U+5828	32	9
U+5829	32	9
U+582A	32	9
U+582B	32	9
U+582C	32	9
U+582D	32	9
U+582E	32	9
U+582F	32	9
U+5830	32	9
U+5831	32	9
U+5832	32	9
U+5833	32	9
U+5834	32	9
U+5835	32	9
U+5836	32	9
U+5837	32	9
U+5838	32	9
U+5839	32	9
U+583A	32	9
U+583B	32	9
U+583C	32	9
U+583D	32	10
U+583E	32	9
U+583F	32	9
U+5840	32	9
U+5841	32	9
U+5842	32	9
U+5843	32	10
U+5844	32	9
U+5845	32	9
U+5846	32	9
U+5847	32	9
U+5848	32	9
U+5849	32	10
U+584A	32	10
U+584B	32	10
U+584C	32	10
U+584D	32	10
U+584E	32	10
U+584F	32	10
U+5850	32	10
U+5851	32	10
U+5852	32	10
U+5853	32	10
U+5854	32	10
U+5855	32	10
U+5856	32	10
U+5857	32	10
U+5858	32	10
U+5859	32	10
U+585A	32	10
U+585B	32	10
U+585C	32	10
U+585D	32	10
U+585E	32	10
U+585F	32	10
U+5860	32	10
U+5861	32	10
U+5862	32	10
U+5863	32	10
U+5864	32	10
U+5865	32	10
U+5866	32	10
U+5867	32	10
U+5868	32	10
U+5869	32	10
U+586A	32	10
U+586B	32	10
U+586C	32	10
U+586D	32	10
U+586E	32	10
U+586F	32	10
U+5870	32	10
U+5871	32	10
U+5872	32	11
U+5873	32	11
U+5874	32	11
U+5875	32	11
U+5876	32	11
U+5877	32	11
U+5878	32	11
U+5879	32	11
U+587A	32	11
U+587B	32	11
U+587C	32	11
U+587D	32	11
U+587E	32	11
U+587F	32	11
U+5880	32	11
U+5881	32	11
U+5882	32	11
U+5883	32	11
U+5884	32	11
U+5885	32	11
U+5886	32	11
U+5887	32	11
U+5888	32	11
U+5889	32	11
U+588A	32	11
U+588B	32	11
U+588C	32	11
U+588D	32	11
U+588E	32	11
U+588F	32	11
U+5890	32	11
U+5891	32	11
U+5892	32	11
U+5893	32	11
U+5894	32	11
U+5895	32	11
U+5896	32	11
U+5897	32	11
U+5898	32	11
U+5899	32	11
U+589A	32	11
U+589B	32	11
U+589C	32	12
U+589D	32	12
U+589E	32	12
U+589F	32	12
U+58A0	32	12
U+58A1	32	12
U+58A2	32	12
U+58A3	32	12
U+58A4	32	12
U+58A5	32	12
U+58A6	32	12
U+58A7	32	12
U+58A8	203	3
U+58A9	32	12
U+58AA	32	12
U+58AB	32	12
U+58AC	32	12
U+58AD	32	12
U+58AE	32	12
U+58AF	32	12
U+58B0	32	12
U+58B1	32	12
U+58B2	32	12
U+58B3	32	12
U+58B4	32	12
U+58B5	32	12
U+58B6	32	12
U+58B7	32	12
U+58B8	32	12
U+58B9	32	12
U+58BA	32	13
U+58BB	32	13
U+58BC	32	13
U+58BD	32	13
U+58BE	32	13
U+58BF	32	13
U+58C0	32	13
U+58C1	32	13
U+58C2	32	13
U+58C3	32	13
U+58C4	32	13
U+58C5	32	13
U+58C6	32	13
U+58C7	32	13
U+58C8	32	13
U+58C9	32	13
U+58CA	32	13
U+58CB	32	13
U+58CC	32	13
U+58CD	32	14
U+58CE	32	14
U+58CF	32	14
U+58D0	32	14
U+58D1	32	14
U+58D2	32	14
U+58D3	32	14
U+58D4	32	14
U+58D5	32	14
U+58D6	32	14
U+58D7	32	14
U+58D8	32	15
U+58D9	32	15
U+58DA	32	16
U+58DB	32	16
U+58DC	32	16
U+58DD	32	16
U+58DE	32	16
U+58DF	32	16
U+58E0	32	16
U+58E1	29	17
U+58E2	32	16
U+58E3	32	17
U+58E4	32	17
U+58E5	32	17
U+58E6	32	18
U+58E7	32	20
U+58E8	32	20
U+58E9	32	21
U+58EA	32	22
U+58EB	33	0
U+58EC	33	1
U+58ED	33	2
U+58EE	33	3
U+58EF	33	4
U+58F0	33	4
U+58F1	33	4
U+58F2	33	4
U+58F3	33	4
U+58F4	33	6
U+58F5	33	6
U+58F6	33	7
U+58F7	33	8
U+58F8	33	8
U+58F9	33	9
U+58FA	33	9
U+58FB	33	9
U+58FC	33	10
U+58FD	33	11
U+58FE	33	11
U+58FF	33	12
U+5900	33	12
U+5901	33	13
U+5902	34	0
U+5903	34	1
U+5904	34	2
U+5905	34	3
U+5906	34	4
U+5907	34	5
U+5908	34	6
U+5909	35	6
U+590A	35	0
U+590B	35	4
U+590C	35	5
U+590D	35	6
U+590E	35	7
U+590F	35	7
U+5910	35	11
U+5911	35	15
U+5912	35	16
U+5913	35	15
U+5914	35	19
U+5915	36	0
U+5916	36	2
U+5917	36	2
U+5918	36	2
U+5919	36	3
U+591A	36	3
U+591B	36	3
U+591C	36	5
U+591D	36	5
U+591E	36	7
U+591F	36	8
U+5920	36	8
U+5921	36	9
U+5922	36	11
U+5923	36	11
U+5924	36	11
U+5925	36	11
U+5926	36	12
U+5927	37	0
U+5928	37	0
U+5929	37	1
U+592A	37	1
U+592B	37	1
U+592C	37	1
U+592D	37	1
U+592E	37	2
U+592F	37	2
U+5930	37	2
U+5931	37	2
U+5932	37	2
U+5933	37	2
U+5934	37	2
U+5935	37	3
U+5936	37	3
U+5937	37	3
U+5938	37	3
U+5939	37	3
U+593A	37	3
U+593B	37	3
U+593C	37	3
U+593D	37	4
U+593E	37	4
U+593F	37	4
U+5940	37	4
U+5941	37	4
U+5942	37	4
U+5943	37	5
U+5944	37	5
U+5945	37	5
U+5946	37	5
U+5947	37	5
U+5948	37	5
U+5949	37	5
U+594A	37	7
U+594B	37	5
U+594C	37	5
U+594D	37	5
U+594E	37	6
U+594F	37	6
U+5950	37	6
U+5951	37	6
U+5952	37	6
U+5953	37	6
U+5954	37	5
U+5955	37	6
U+5956	37	6
U+5957	37	7
U+5958	37	7
U+5959	37	7
U+595A	37	7
U+595B	37	8
U+595C	37	8
U+595D	37	8
U+595E	37	8
U+595F	37	8
U+5960	37	9
U+5961	37	9
U+5962	37	9
U+5963	37	9
U+5964	37	9
U+5965	37	9
U+5966	37	10
U+5967	37	10
U+5968	37	10
U+5969	37	11
U+596A	37	11
U+596B	37	11
U+596C	37	11
U+596D	37	12
U+596E	37	13
U+596F	37	13
U+5970	37	15
U+5971	37	19
U+5972	37	21
U+5973	38	0
U+5974	38	2
U+5975	38	2
U+5976	38	2
U+5977	38	3
U+5978	38	3
U+5979	38	3
U+597A	38	3
U+597B	38	3
U+597C	38	3
U+597D	38	3
U+597E	38	3
U+597F	38	3
U+5980	38	3
U+5981	38	3
U+5982	38	3
U+5983	38	3
U+5984	38	3
U+5985	38	3
U+5986	38	3
U+5987	38	3
U+5988	38	3
U+5989	38	4
U+598A	38	4
U+598B	38	4
U+598C	38	4
U+598D	38	6
U+598E	38	4
U+598F	38	4
U+5990	38	4
U+5991	38	4
U+5992	38	4
U+5993	38	4
U+5994	38	4
U+5995	38	4
U+5996	38	4
U+5997	38	4
U+5998	38	4
U+5999	38	4
U+599A	38	4
U+599B	38	4
U+599C	38	4
U+599D	38	4
U+599E	38	4
U+599F	38	4
U+59A0	38	4
U+59A1	38	4
U+59A2	38	4
U+59A3	38	4
U+59A4	38	4
U+59A5	38	4
U+59A6	38	4
U+59A7	38	4
U+59A8	38	4
U+59A9	38	4
U+59AA	38	4
U+59AB	38	4
U+59AC	38	5
U+59AD	38	5
U+59AE	38	5
U+59AF	38	5
U+59B0	38	5
U+59B1	38	5
U+59B2	38	5
U+59B3	38	5
U+59B4	38	5
U+59B5	38	5
U+59B6	38	5
U+59B7	38	5
U+59B8	38	5
U+59B9	38	5
U+59BA	38	5
U+59BB	38	5
U+59BC	38	5
U+59BD	38	5
U+59BE	38	5
U+59BF	38	5
U+59C0	38	5
U+59C1	38	5
U+59C2	38	5
U+59C3	38	5
U+59C4	38	5
U+59C5	38	5
U+59C6	38	5
U+59C7	38	5
U+59C8	38	5
U+59C9	38	5
U+59CA	38	5
U+59CB	38	5
U+59CC	38	5
U+59CD	38	5
U+59CE	38	5
U+59CF	38	5
U+59D0	38	5
U+59D1	38	5
U+59D2	38	5
U+59D3	38	5
U+59D4	38	5
U+59D5	38	5
U+59D6	38	5
U+59D7	38	5
U+59D8	38	6
U+59D9	38	6
U+59DA	38	6
U+59DB	38	6
U+59DC	38	6
U+59DD	38	6
U+59DE	38	6
U+59DF	38	6
U+59E0	38	6
U+59E1	38	6
U+59E2	38	6
U+59E3	38	6
U+59E4	38	6
U+59E5	38	6
U+59E6	38	6
U+59E7	38	6
U+59E8	38	6
U+59E9	38	6
U+59EA	38	6
U+59EB	38	6
U+59EC	38	7
U+59ED	38	6
U+59EE	38	6
U+59EF	38	6
U+59F0	38	6
U+59F1	38	6
U+59F2	38	6
U+59F3	38	6
U+59F4	38	6
U+59F5	38	6
U+59F6	38	6
U+59F7	38	6
U+59F8	38	6
U+59F9	38	6
U+59FA	38	6
U+59FB	38	6
U+59FC	38	6
U+59FD	38	6
U+59FE	38	6
U+59FF	38	6
U+5A00	38	6
U+5A01	38	6
U+5A02	38	6
U+5A03	38	6
U+5A04	119	3
U+5A05	38	6
U+5A06	38	6
U+5A07	38	6
U+5A08	38	6
U+5A09	38	7
U+5A0A	38	7
U+5A0B	38	7
U+5A0C	38	7
U+5A0D	38	7
U+5A0E	38	7
U+5A0F	38	7
U+5A10	38	7
U+5A11	38	7
U+5A12	38	7
U+5A13	38	7
U+5A14	38	7
U+5A15	38	7
U+5A16	38	7
U+5A17	38	7
U+5A18	38	7
U+5A19	38	7
U+5A1A	38	7
U+5A1B	38	7
U+5A1C	38	7
U+5A1D	38	7
U+5A1E	38	7
U+5A1F	38	7
U+5A20	38	7
U+5A21	38	7
U+5A22	38	7
U+5A23	38	7
U+5A24	38	7
U+5A25	38	7
U+5A26	38	7
U+5A27	38	7
U+5A28	38	7
U+5A29	38	7
U+5A2A	38	7
U+5A2B	38	7
U+5A2C	38	8
U+5A2D	38	7
U+5A2E	38	7
U+5A2F	38	7
U+5A30	38	7
U+5A31	38	7
U+5A32	38	7
U+5A33	38	7
U+5A34	38	7
U+5A35	38	8
U+5A36	38	8
U+5A37	38	8
U+5A38	38	8
U+5A39	38	8
U+5A3A	38	8
U+5A3B	38	8
U+5A3C	38	8
U+5A3D	38	7
U+5A3E	38	8
U+5A3F	38	8
U+5A40	38	8
U+5A41	38	8
U+5A42	38	8
U+5A43	38	8
U+5A44	38	8
U+5A45	38	8
U+5A46	38	8
U+5A47	38	8
U+5A48	38	8
U+5A49	38	8
U+5A4A	38	8
U+5A4B	38	8
U+5A4C	38	8
U+5A4D	38	8
U+5A4E	38	8
U+5A4F	38	8
U+5A50	38	8
U+5A51	38	8
U+5A52	38	8
U+5A53	38	8
U+5A54	38	8
U+5A55	38	8
U+5A56	38	8
U+5A57	38	8
U+5A58	38	8
U+5A59	38	8
U+5A5A	38	8
U+5A5B	38	8
U+5A5C	38	8
U+5A5D	38	8
U+5A5E	38	8
U+5A5F	38	8
U+5A60	38	8
U+5A61	38	8
U+5A62	38	8
U+5A63	38	8
U+5A64	38	8
U+5A65	38	8
U+5A66	38	8
U+5A67	38	8
U+5A68	38	8
U+5A69	38	8
U+5A6A	38	8
U+5A6B	38	8
U+5A6C	38	8
U+5A6D	38	8
U+5A6E	38	8
U+5A6F	38	8
U+5A70	38	8
U+5A71	38	8
U+5A72	38	8
U+5A73	38	8
U+5A74	38	8
U+5A75	38	8
U+5A76	38	8
U+5A77	38	9
U+5A78	38	9
U+5A79	38	9
U+5A7A	38	9
U+5A7B	38	9
U+5A7C	38	9
U+5A7D	38	9
U+5A7E	38	9
U+5A7F	38	9
U+5A80	38	9
U+5A81	38	9
U+5A82	38	9
U+5A83	38	9
U+5A84	38	9
U+5A85	38	9
U+5A86	38	9
U+5A87	38	9
U+5A88	38	9
U+5A89	38	9
U+5A8A	38	9
U+5A8B	38	9
U+5A8C	38	9
U+5A8D	38	9
U+5A8E	38	9
U+5A8F	38	9
U+5A90	38	10
U+5A91	38	9
U+5A92	38	9
U+5A93	38	9
U+5A94	38	9
U+5A95	38	9
U+5A96	38	9
U+5A97	38	9
U+5A98	38	9
U+5A99	38	9
U+5A9A	38	9
U+5A9B	38	9
U+5A9C	38	9
U+5A9D	38	9
U+5A9E	38	9
U+5A9F	38	9
U+5AA0	38	9
U+5AA1	38	9
U+5AA2	38	9
U+5AA3	38	9
U+5AA4	38	9
U+5AA5	38	9
U+5AA6	38	9
U+5AA7	38	9
U+5AA8	38	9
U+5AA9	38	9
U+5AAA	38	9
U+5AAB	38	9
U+5AAC	38	9
U+5AAD	38	9
U+5AAE	38	9
U+5AAF	38	9
U+5AB0	38	10
U+5AB1	38	10
U+5AB2	38	10
U+5AB3	38	10
U+5AB4	38	10
U+5AB5	38	10
U+5AB6	38	10
U+5AB7	38	10
U+5AB8	38	10
U+5AB9	38	10
U+5ABA	38	10
U+5ABB	38	10
U+5ABC	38	10
U+5ABD	38	10
U+5ABE	38	10
U+5ABF	38	10
U+5AC0	38	10
U+5AC1	38	10
U+5AC2	38	10
U+5AC3	38	10
U+5AC4	38	10
U+5AC5	38	10
U+5AC6	38	10
U+5AC7	38	10
U+5AC8	38	10
U+5AC9	38	10
U+5ACA	38	10
U+5ACB	38	10
U+5ACC	38	10
U+5ACD	38	10
U+5ACE	38	10
U+5ACF	38	9
U+5AD0	38	10
U+5AD1	38	10
U+5AD2	38	10
U+5AD3	38	10
U+5AD4	38	10
U+5AD5	38	11
U+5AD6	38	11
U+5AD7	38	11
U+5AD8	38	11
U+5AD9	38	11
U+5ADA	38	11
U+5ADB	38	11
U+5ADC	38	11
U+5ADD	38	11
U+5ADE	38	11
U+5ADF	38	11
U+5AE0	38	11
U+5AE1	38	11
U+5AE2	38	11
U+5AE3	38	11
U+5AE4	38	11
U+5AE5	38	11
U+5AE6	38	11
U+5AE7	38	11
U+5AE8	38	11
U+5AE9	38	11
U+5AEA	38	11
U+5AEB	38	11
U+5AEC	38	11
U+5AED	38	11
U+5AEE	38	11
U+5AEF	38	11
U+5AF0	38	11
U+5AF1	38	11
U+5AF2	38	11
U+5AF3	38	12
U+5AF4	38	12
U+5AF5	38	12
U+5AF6	38	12
U+5AF7	38	12
U+5AF8	38	12
U+5AF9	38	12
U+5AFA	38	12
U+5AFB	38	12
U+5AFC	38	12
U+5AFD	38	12
U+5AFE	38	12
U+5AFF	38	12
U+5B00	38	12
U+5B01	38	12
U+5B02	38	12
U+5B03	38	12
U+5B04	38	12
U+5B05	38	12
U+5B06	38	12
U+5B07	38	12
U+5B08	38	12
U+5B09	38	12
U+5B0A	38	12
U+5B0B	38	12
U+5B0C	38	12
U+5B0D	38	12
U+5B0E	38	12
U+5B0F	38	12
U+5B10	38	13
U+5B11	38	13
U+5B12	38	13
U+5B13	38	13
U+5B14	38	13
U+5B15	38	13
U+5B16	38	13
U+5B17	38	13
U+5B18	38	13
U+5B19	38	13
U+5B1A	38	13
U+5B1B	38	13
U+5B1C	38	13
U+5B1D	38	13
U+5B1E	38	13
U+5B1F	38	13
U+5B20	38	13
U+5B21	38	13
U+5B22	38	13
U+5B23	38	14
U+5B24	38	14
U+5B25	38	14
U+5B26	38	14
U+5B27	38	14
U+5B28	38	14
U+5B29	38	14
U+5B2A	38	14
U+5B2B	38	14
U+5B2C	38	14
U+5B2D	38	14
U+5B2E	38	14
U+5B2F	38	14
U+5B30	38	14
U+5B31	38	14
U+5B32	38	14
U+5B33	38	14
U+5B34	38	13
U+5B35	38	14
U+5B36	38	14
U+5B37	38	14
U+5B38	38	15
U+5B39	38	16
U+5B3A	38	15
U+5B3B	38	15
U+5B3C	38	15
U+5B3D	38	15
U+5B3E	38	16
U+5B3F	38	16
U+5B40	38	17
U+5B41	38	17
U+5B42	38	17
U+5B43	38	17
U+5B44	38	17
U+5B45	38	17
U+5B46	38	17
U+5B47	38	18
U+5B48	38	18
U+5B49	38	18
U+5B4A	38	19
U+5B4B	38	19
U+5B4C	38	19
U+5B4D	38	20
U+5B4E	38	21
U+5B4F	38	21
U+5B50	39	0
U+5B51	39	0
U+5B52	39	0
U+5B53	39	0
U+5B54	39	1
U+5B55	39	2
U+5B56	39	3
U+5B57	39	3
U+5B58	39	3
U+5B59	39	3
U+5B5A	39	4
U+5B5B	39	4
U+5B5C	39	4
U+5B5D	39	4
U+5B5E	39	4
U+5B5F	39	5
U+5B60	39	5
U+5B61	39	5
U+5B62	39	5
U+5B63	39	5
U+5B64	39	5
U+5B65	39	5
U+5B66	39	5
U+5B67	39	5
U+5B68	39	6
U+5B69	39	6
U+5B6A	39	6
U+5B6B	39	7
U+5B6C	39	7
U+5B6D	39	7
U+5B6E	39	8
U+5B6F	39	8
U+5B70	39	8
U+5B71	39	9
U+5B72	39	8
U+5B73	39	10
U+5B74	39	10
U+5B75	39	11
U+5B76	39	11
U+5B77	39	11
U+5B78	39	13
U+5B79	39	13
U+5B7A	39	14
U+5B7B	39	14
U+5B7C	39	16
U+5B7D	39	17
U+5B7E	39	17
U+5B7F	39	19
U+5B80	40	0
U+5B81	40	2
U+5B82	40	2
U+5B83	40	2
U+5B84	40	2
U+5B85	40	3
U+5B86	40	3
U+5B87	40	3
U+5B88	40	3
U+5B89	40	3
U+5B8A	40	4
U+5B8B	40	4
U+5B8C	40	4
U+5B8D	40	4
U+5B8E	40	4
U+5B8F	40	4
U+5B90	40	4
U+5B91	40	4
U+5B92	40	4
U+5B93	40	5
U+5B94	40	5
U+5B95	40	5
U+5B96	40	5
U+5B97	40	5
U+5B98	40	5
U+5B99	40	5
U+5B9A	40	5
U+5B9B	40	5
U+5B9C	40	5
U+5B9D	40	5
U+5B9E	40	5
U+5B9F	40	5
U+5BA0	40	5
U+5BA1	40	5
U+5BA2	40	6
U+5BA3	40	6
U+5BA4	40	6
U+5BA5	40	6
U+5BA6	40	6
U+5BA7	40	7
U+5BA8	40	6
U+5BA9	40	6
U+5BAA	40	6
U+5BAB	40	6
U+5BAC	40	7
U+5BAD	40	7
U+5BAE	40	7
U+5BAF	40	7
U+5BB0	40	7
U+5BB1	40	7
U+5BB2	40	7
U+5BB3	40	7
U+5BB4	40	7
U+5BB5	40	7
U+5BB6	40	7
U+5BB7	40	7
U+5BB8	40	7
U+5BB9	40	7
U+5BBA	40	7
U+5BBB	40	7
U+5BBC	40	7
U+5BBD	40	7
U+5BBE	40	7
U+5BBF	40	8
U+5BC0	40	8
U+5BC1	40	8
U+5BC2	40	8
U+5BC3	40	8
U+5BC4	40	8
U+5BC5	40	8
U+5BC6	40	8
U+5BC7	40	8
U+5BC8	40	8
U+5BC9	40	8
U+5BCA	40	9
U+5BCB	40	9
U+5BCC	40	9
U+5BCD	40	9
U+5BCE	40	9
U+5BCF	40	9
U+5BD0	40	9
U+5BD1	40	9
U+5BD2	40	9
U+5BD3	40	9
U+5BD4	40	9
U+5BD5	40	9
U+5BD6	40	10
U+5BD7	40	10
U+5BD8	40	10
U+5BD9	40	10
U+5BDA	40	10
U+5BDB	40	10
U+5BDC	40	10
U+5BDD	40	10
U+5BDE	40	11
U+5BDF	40	11
U+5BE0	40	11
U+5BE1	40	11
U+5BE2	40	11
U+5BE3	40	11
U+5BE4	40	11
U+5BE5	40	11
U+5BE6	40	11
U+5BE7	40	11
U+5BE8	40	11
U+5BE9	40	12
U+5BEA	40	9
U+5BEB	40	12
U+5BEC	40	12
U+5BED	40	12
U+5BEE	40	12
U+5BEF	40	13
U+5BF0	40	13
U+5BF1	40	14
U+5BF2	40	14
U+5BF3	40	16
U+5BF4	40	16
U+5BF5	40	16
U+5BF6	40	17
U+5BF7	40	18
U+5BF8	41	0
U+5BF9	41	2
U+5BFA	41	3
U+5BFB	41	3
U+5BFC	41	3
U+5BFD	41	4
U+5BFE	41	4
U+5BFF	41	4
U+5C00	41	5
U+5C01	41	6
U+5C02	41	6
U+5C03	41	7
U+5C04	41	7
U+5C05	41	7
U+5C06	41	6
U+5C07	41	8
U+5C08	41	8
U+5C09	41	8
U+5C0A	41	9
U+5C0B	41	9
U+5C0C	41	9
U+5C0D	41	11
U+5C0E	41	12
U+5C0F	42	0
U+5C10	42	1
U+5C11	42	1
U+5C12	42	2
U+5C13	42	2
U+5C14	42	2
U+5C15	42	2
U+5C16	42	3
U+5C17	42	3
U+5C18	42	3
U+5C19	42	5
U+5C1A	42	5
U+5C1B	42	6
U+5C1C	42	6
U+5C1D	42	6
U+5C1E	42	9
U+5C1F	42	10
U+5C20	42	10
U+5C21	42	11
U+5C22	43	0
U+5C23	43	0
U+5C24	43	1
U+5C25	43	3
U+5C26	43	3
U+5C27	43	3
U+5C28	43	4
U+5C29	43	4
U+5C2A	43	4
U+5C2B	43	4
U+5C2C	43	4
U+5C2D	43	5
U+5C2E	43	6
U+5C2F	43	6
U+5C30	43	9
U+5C31	43	9
U+5C32	43	10
U+5C33	43	10
U+5C34	43	10
U+5C35	43	12
U+5C36	43	14
U+5C37	43	14
U+5C38	44	0
U+5C39	4	3
U+5C3A	44	1
U+5C3B	44	2
U+5C3C	44	2
U+5C3D	44	3
U+5C3E	44	4
U+5C3F	44	4
U+5C40	44	4
U+5C41	44	4
U+5C42	44	4
U+5C43	44	4
U+5C44	44	5
U+5C45	44	5
U+5C46	44	5
U+5C47	44	5
U+5C48	44	5
U+5C49	44	5
U+5C4A	44	5
U+5C4B	44	6
U+5C4C	44	6
U+5C4D	44	6
U+5C4E	44	6
U+5C4F	44	6
U+5C50	44	7
U+5C51	44	7
U+5C52	44	7
U+5C53	44	7
U+5C54	44	7
U+5C55	44	7
U+5C56	44	7
U+5C57	44	7
U+5C58	44	7
U+5C59	44	8
U+5C5A	44	8
U+5C5B	44	8
U+5C5C	44	8
U+5C5D	44	8
U+5C5E	44	9
U+5C5F	44	9
U+5C60	44	9
U+5C61	44	9
U+5C62	44	11
U+5C63	44	11
U+5C64	44	12
U+5C65	44	12
U+5C66	44	12
U+5C67	44	12
U+5C68	44	14
U+5C69	44	15
U+5C6A	44	15
U+5C6B	44	16
U+5C6C	44	18
U+5C6D	44	21
U+5C6E	45	0
U+5C6F	45	1
U+5C70	45	3
U+5C71	46	0
U+5C72	46	1
U+5C73	46	2
U+5C74	46	2
U+5C75	46	2
U+5C76	46	2
U+5C77	46	2
U+5C78	46	3
U+5C79	46	3
U+5C7A	46	3
U+5C7B	46	3
U+5C7C	46	3
U+5C7D	46	3
U+5C7E	46	3
U+5C7F	46	3
U+5C80	46	3
U+5C81	46	3
U+5C82	46	3
U+5C83	46	3
U+5C84	46	4
U+5C85	46	4
U+5C86	46	4
U+5C87	46	4
U+5C88	46	4
U+5C89	46	4
U+5C8A	46	4
U+5C8B	46	4
U+5C8C	46	4
U+5C8D	46	6
U+5C8E	46	4
U+5C8F	46	4
U+5C90	46	4
U+5C91	46	4
U+5C92	46	4
U+5C93	46	4
U+5C94	46	4
U+5C95	46	4
U+5C96	46	4
U+5C97	46	4
U+5C98	46	4
U+5C99	46	4
U+5C9A	46	4
U+5C9B	46	4
U+5C9C	46	4
U+5C9D	46	5
U+5C9E	46	5
U+5C9F	46	5
U+5CA0	46	5
U+5CA1	46	5
U+5CA2	46	5
U+5CA3	46	5
U+5CA4	46	5
U+5CA5	46	5
U+5CA6	46	5
U+5CA7	46	5
U+5CA8	46	5
U+5CA9	46	5
U+5CAA	46	5
U+5CAB	46	5
U+5CAC	46	5
U+5CAD	46	5
U+5CAE	46	5
U+5CAF	46	5
U+5CB0	46	5
U+5CB1	46	5
U+5CB2	46	5
U+5CB3	46	5
U+5CB4	46	5
U+5CB5	46	5
U+5CB6	46	5
U+5CB7	46	5
U+5CB8	46	5
U+5CB9	46	5
U+5CBA	46	5
U+5CBB	46	5
U+5CBC	46	5
U+5CBD	46	5
U+5CBE	46	5
U+5CBF	46	5
U+5CC0	46	5
U+5CC1	46	5
U+5CC2	46	5
U+5CC3	46	5
U+5CC4	46	5
U+5CC5	46	5
U+5CC6	46	6
U+5CC7	46	6
U+5CC8	46	6
U+5CC9	46	6
U+5CCA	46	6
U+5CCB	46	6
U+5CCC	46	6
U+5CCD	46	6
U+5CCE	46	6
U+5CCF	46	6
U+5CD0	46	6
U+5CD1	46	6
U+5CD2	46	6
U+5CD3	46	6
U+5CD4	46	6
U+5CD5	46	6
U+5CD6	46	6
U+5CD7	46	6
U+5CD8	46	6
U+5CD9	46	6
U+5CDA	46	6
U+5CDB	46	6
U+5CDC	46	6
U+5CDD	46	6
U+5CDE	46	6
U+5CDF	46	6
U+5CE0	46	6
U+5CE1	46	6
U+5CE2	46	6
U+5CE3	46	6
U+5CE4	46	6
U+5CE5	46	6
U+5CE6	46	6
U+5CE7	46	6
U+5CE8	46	7
U+5CE9	46	7
U+5CEA	46	7
U+5CEB	46	7
U+5CEC	46	7
U+5CED	46	7
U+5CEE	46	7
U+5CEF	46	7
U+5CF0	46	7
U+5CF1	46	7
U+5CF2	46	7
U+5CF3	46	7
U+5CF4	46	7
U+5CF5	46	7
U+5CF6	46	7
U+5CF7	46	7
U+5CF8	46	7
U+5CF9	46	7
U+5CFA	46	7
U+5CFB	46	7
U+5CFC	46	7
U+5CFD	46	7
U+5CFE	46	7
U+5CFF	46	7
U+5D00	46	7
U+5D01	46	7
U+5D02	46	7
U+5D03	46	7
U+5D04	46	7
U+5D05	46	7
U+5D06	46	8
U+5D07	46	8
U+5D08	46	8
U+5D09	46	8
U+5D0A	46	8
U+5D0B	46	8
U+5D0C	46	8
U+5D0D	46	8
U+5D0E	46	8
U+5D0F	46	8
U+5D10	46	8
U+5D11	46	8
U+5D12	46	8
U+5D13	46	8
U+5D14	46	8
U+5D15	46	8
U+5D16	46	8
U+5D17	46	8
U+5D18	46	8
U+5D19	46	8
U+5D1A	46	8
U+5D1B	46	8
U+5D1C	46	8
U+5D1D	46	8
U+5D1E	46	8
U+5D1F	46	8
U+5D20	46	8
U+5D21	46	8
U+5D22	46	8
U+5D23	46	8
U+5D24	46	8
U+5D25	46	8
U+5D26	46	8
U+5D27	46	8
U+5D28	46	8
U+5D29	46	8
U+5D2A	46	8
U+5D2B	46	8
U+5D2C	46	8
U+5D2D	46	8
U+5D2E	46	8
U+5D2F	46	8
U+5D30	46	8
U+5D31	46	9
U+5D32	46	9
U+5D33	46	9
U+5D34	46	9
U+5D35	46	9
U+5D36	46	9
U+5D37	46	9
U+5D38	46	9
U+5D39	46	9
U+5D3A	46	9
U+5D3B	46	9
U+5D3C	46	9
U+5D3D	46	9
U+5D3E	46	9
U+5D3F	46	9
U+5D40	46	9
U+5D41	46	9
U+5D42	46	9
U+5D43	46	9
U+5D44	46	9
U+5D45	46	9
U+5D46	46	9
U+5D47	46	9
U+5D48	46	9
U+5D49	46	9
U+5D4A	46	10
U+5D4B	46	9
U+5D4C	46	9
U+5D4D	46	9
U+5D4E	46	9
U+5D4F	46	9
U+5D50	46	9
U+5D51	46	9
U+5D52	46	9
U+5D53	46	9
U+5D54	46	9
U+5D55	46	9
U+5D56	46	9
U+5D57	46	9
U+5D58	46	9
U+5D59	46	9
U+5D5A	46	9
U+5D5B	46	9
U+5D5C	46	9
U+5D5D	46	9
U+5D5E	46	10
U+5D5F	46	10
U+5D60	46	10
U+5D61	46	10
U+5D62	46	10
U+5D63	46	10
U+5D64	46	10
U+5D65	46	10
U+5D66	46	10
U+5D67	46	10
U+5D68	46	10
U+5D69	46	10
U+5D6A	46	10
U+5D6B	46	10
U+5D6C	46	10
U+5D6D	46	10
U+5D6E	46	10
U+5D6F	46	10
U+5D70	46	10
U+5D71	46	10
U+5D72	46	10
U+5D73	46	10
U+5D74	46	10
U+5D75	46	10
U+5D76	46	10
U+5D77	46	11
U+5D78	46	11
U+5D79	46	11
U+5D7A	46	11
U+5D7B	46	11
U+5D7C	46	11
U+5D7D	46	11
U+5D7E	46	11
U+5D7F	46	11
U+5D80	46	11
U+5D81	46	11
U+5D82	46	11
U+5D83	46	11
U+5D84	46	11
U+5D85	46	11
U+5D86	46	11
U+5D87	46	11
U+5D88	46	11
U+5D89	46	11
U+5D8A	46	11
U+5D8B	46	11
U+5D8C	46	11
U+5D8D	46	11
U+5D8E	46	11
U+5D8F	46	12
U+5D90	46	12
U+5D91	46	12
U+5D92	46	12
U+5D93	46	12
U+5D94	46	12
U+5D95	46	12
U+5D96	46	12
U+5D97	46	12
U+5D98	46	12
U+5D99	46	12
U+5D9A	46	12
U+5D9B	46	12
U+5D9C	46	12
U+5D9D	46	12
U+5D9E	46	12
U+5D9F	46	12
U+5DA0	46	12
U+5DA1	46	12
U+5DA2	46	12
U+5DA3	46	12
U+5DA4	46	12
U+5DA5	46	12
U+5DA6	46	13
U+5DA7	46	13
U+5DA8	46	13
U+5DA9	46	13
U+5DAA	46	13
U+5DAB	46	13
U+5DAC	46	13
U+5DAD	46	13
U+5DAE	46	13
U+5DAF	46	13
U+5DB0	46	13
U+5DB1	46	13
U+5DB2	46	13
U+5DB3	46	13
U+5DB4	46	13
U+5DB5	46	13
U+5DB6	46	13
U+5DB7	46	14
U+5DB8	46	14
U+5DB9	46	14
U+5DBA	46	14
U+5DBB	46	16
U+5DBC	46	14
U+5DBD	46	14
U+5DBE	46	14
U+5DBF	46	14
U+5DC0	46	15
U+5DC1	46	15
U+5DC2	46	15
U+5DC3	46	16
U+5DC4	46	16
U+5DC5	46	16
U+5DC6	46	17
U+5DC7	46	17
U+5DC8	46	17
U+5DC9	46	17
U+5DCA	46	17
U+5DCB	46	17
U+5DCC	46	17
U+5DCD	46	18
U+5DCE	46	19
U+5DCF	46	18
U+5DD0	46	18
U+5DD1	46	19
U+5DD2	46	19
U+5DD3	46	19
U+5DD4	46	19
U+5DD5	46	19
U+5DD6	46	20
U+5DD7	46	19
U+5DD8	46	20
U+5DD9	46	20
U+5DDA	46	20
U+5DDB	47	0
U+5DDC	47	-1
U+5DDD	47	0
U+5DDE	47	3
U+5DDF	47	3
U+5DE0	47	4
U+5DE1	162	3
U+5DE2	47	8
U+5DE3	47	8
U+5DE4	47	12
U+5DE5	48	0
U+5DE6	48	2
U+5DE7	48	2
U+5DE8	48	2
U+5DE9	48	3
U+5DEA	48	3
U+5DEB	48	4
U+5DEC	48	6
U+5DED	48	6
U+5DEE	48	7
U+5DEF	48	9
U+5DF0	48	10
U+5DF1	49	0
U+5DF2	49	0
U+5DF3	49	0
U+5DF4	49	1
U+5DF5	49	4
U+5DF6	49	5
U+5DF7	49	6
U+5DF8	49	6
U+5DF9	49	6
U+5DFA	49	6
U+5DFB	49	6
U+5DFC	49	7
U+5DFD	49	9
U+5DFE	50	0
U+5DFF	50	1
U+5E00	50	1
U+5E01	50	1
U+5E02	50	2
U+5E03	50	2
U+5E04	50	2
U+5E05	50	2
U+5E06	50	3
U+5E07	50	3
U+5E08	50	3
U+5E09	50	4
U+5E0A	50	4
U+5E0B	50	4
U+5E0C	50	4
U+5E0D	50	4
U+5E0E	50	4
U+5E0F	50	4
U+5E10	50	4
U+5E11	50	5
U+5E12	50	5
U+5E13	50	5
U+5E14	50	5
U+5E15	50	5
U+5E16	50	5
U+5E17	50	5
U+5E18	50	5
U+5E19	50	5
U+5E1A	50	5
U+5E1B	50	5
U+5E1C	50	5
U+5E1D	50	6
U+5E1E	50	6
U+5E1F	50	6
U+5E20	50	6
U+5E21	50	6
U+5E22	50	6
U+5E23	50	6
U+5E24	50	6
U+5E25	50	6
U+5E26	50	6
U+5E27	50	6
U+5E28	50	7
U+5E29	50	7
U+5E2A	50	7
U+5E2B	50	7
U+5E2C	50	7
U+5E2D	50	7
U+5E2E	50	7
U+5E2F	50	7
U+5E30	50	7
U+5E31	50	7
U+5E32	50	8
U+5E33	50	8
U+5E34	50	8
U+5E35	50	8
U+5E36	50	8
U+5E37	50	8
U+5E38	50	8
U+5E39	50	8
U+5E3A	50	8
U+5E3B	50	8
U+5E3C	50	8
U+5E3D	50	9
U+5E3E	50	9
U+5E3F	50	9
U+5E40	50	9
U+5E41	50	9
U+5E42	50	9
U+5E43	50	9
U+5E44	50	9
U+5E45	50	9
U+5E46	50	9
U+5E47	50	9
U+5E48	50	11
U+5E49	50	9
U+5E4A	50	10
U+5E4B	50	10
U+5E4C	50	10
U+5E4D	50	10
U+5E4E	50	10
U+5E4F	50	10
U+5E50	130	9
U+5E51	50	11
U+5E52	50	11
U+5E53	50	11
U+5E54	50	11
U+5E55	50	11
U+5E56	50	11
U+5E57	50	11
U+5E58	50	11
U+5E59	50	11
U+5E5A	50	12
U+5E5B	50	11
U+5E5C	50	12
U+5E5D	50	12
U+5E5E	50	12
U+5E5F	50	12
U+5E60	50	12
U+5E61	50	12
U+5E62	50	12
U+5E63	50	12
U+5E64	50	12
U+5E65	50	12
U+5E66	50	13
U+5E67	50	13
U+5E68	50	13
U+5E69	50	13
U+5E6A	50	14
U+5E6B	50	14
U+5E6C	50	14
U+5E6D	50	15
U+5E6E	50	15
U+5E6F	50	15
U+5E70	50	16
U+5E71	50	17
U+5E72	51	0
U+5E73	51	2
U+5E74	51	3
U+5E75	51	3
U+5E76	51	5
U+5E77	51	5
U+5E78	51	5
U+5E79	51	10
U+5E7A	52	0
U+5E7B	52	1
U+5E7C	52	2
U+5E7D	52	6
U+5E7E	52	9
U+5E7F	53	0
U+5E80	53	2
U+5E81	53	2
U+5E82	53	2
U+5E83	53	2
U+5E84	53	3
U+5E85	53	3
U+5E86	53	3
U+5E87	53	4
U+5E88	53	4
U+5E89	53	4
U+5E8A	53	4
U+5E8B	53	4
U+5E8C	53	4
U+5E8D	53	4
U+5E8E	53	4
U+5E8F	53	4
U+5E90	53	4
U+5E91	53	4
U+5E92	53	4
U+5E93	53	4
U+5E94	53	4
U+5E95	53	5
U+5E96	53	5
U+5E97	53	5
U+5E98	53	4
U+5E99	53	5
U+5E9A	53	5
U+5E9B	53	5
U+5E9C	53	5
U+5E9D	53	5
U+5E9E	53	5
U+5E9F	53	5
U+5EA0	53	6
U+5EA1	53	6
U+5EA2	53	6
U+5EA3	53	6
U+5EA4	53	6
U+5EA5	53	6
U+5EA6	53	6
U+5EA7	53	7
U+5EA8	53	7
U+5EA9	53	7
U+5EAA	53	7
U+5EAB	53	7
U+5EAC	53	7
U+5EAD	53	7
U+5EAE	53	7
U+5EAF	53	7
U+5EB0	53	8
U+5EB1	53	8
U+5EB2	53	8
U+5EB3	53	8
U+5EB4	53	8
U+5EB5	53	8
U+5EB6	53	8
U+5EB7	53	8
U+5EB8	53	8
U+5EB9	53	8
U+5EBA	53	8
U+5EBB	53	8
U+5EBC	53	8
U+5EBD	53	9
U+5EBE	53	9
U+5EBF	53	9
U+5EC0	53	9
U+5EC1	53	9
U+5EC2	53	9
U+5EC3	53	9
U+5EC4	53	11
U+5EC5	53	10
U+5EC6	53	10
U+5EC7	53	10
U+5EC8	53	10
U+5EC9	53	10
U+5ECA	53	9
U+5ECB	53	10
U+5ECC	53	10
U+5ECD	53	11
U+5ECE	53	11
U+5ECF	53	11
U+5ED0	53	11
U+5ED1	53	11
U+5ED2	53	11
U+5ED3	53	11
U+5ED4	53	11
U+5ED5	53	11
U+5ED6	53	11
U+5ED7	53	11
U+5ED8	53	11
U+5ED9	53	12
U+5EDA	53	12
U+5EDB	53	12
U+5EDC	53	12
U+5EDD	53	12
U+5EDE	53	12
U+5EDF	53	12
U+5EE0	53	12
U+5EE1	53	12
U+5EE2	53	12
U+5EE3	53	12
U+5EE4	53	12
U+5EE5	53	13
U+5EE6	53	13
U+5EE7	53	13
U+5EE8	53	13
U+5EE9	53	13
U+5EEA	53	13
U+5EEB	53	15
U+5EEC	53	16
U+5EED	53	16
U+5EEE	53	17
U+5EEF	53	17
U+5EF0	53	17
U+5EF1	53	18
U+5EF2	53	19
U+5EF3	53	22
U+5EF4	54	0
U+5EF5	54	3
U+5EF6	54	4
U+5EF7	54	4
U+5EF8	54	5
U+5EF9	54	5
U+5EFA	54	6
U+5EFB	54	6
U+5EFC	54	6
U+5EFD	54	7
U+5EFE	55	0
U+5EFF	55	1
U+5F00	55	1
U+5F01	55	2
U+5F02	55	3
U+5F03	55	4
U+5F04	55	4
U+5F05	55	4
U+5F06	55	5
U+5F07	55	6
U+5F08	55	6
U+5F09	55	7
U+5F0A	55	12
U+5F0B	56	0
U+5F0C	56	1
U+5F0D	56	2
U+5F0E	56	3
U+5F0F	56	3
U+5F10	56	3
U+5F11	56	9
U+5F12	56	10
U+5F13	57	0
U+5F14	57	1
U+5F15	57	1
U+5F16	57	1
U+5F17	57	2
U+5F18	57	2
U+5F19	57	3
U+5F1A	57	3
U+5F1B	57	3
U+5F1C	57	3
U+5F1D	57	4
U+5F1E	57	4
U+5F1F	57	4
U+5F20	57	4
U+5F21	57	5
U+5F22	57	5
U+5F23	57	5
U+5F24	57	5
U+5F25	57	5
U+5F26	57	5
U+5F27	57	5
U+5F28	57	5
U+5F29	57	5
U+5F2A	57	5
U+5F2B	57	6
U+5F2C	57	6
U+5F2D	57	6
U+5F2E	57	6
U+5F2F	57	6
U+5F30	57	7
U+5F31	57	7
U+5F32	57	7
U+5F33	57	7
U+5F34	57	8
U+5F35	57	8
U+5F36	57	8
U+5F37	57	8
U+5F38	57	8
U+5F39	57	8
U+5F3A	57	9
U+5F3B	57	9
U+5F3C	57	9
U+5F3D	57	9
U+5F3E	57	9
U+5F3F	57	10
U+5F40	57	10
U+5F41	57	10
U+5F42	57	10
U+5F43	57	11
U+5F44	57	11
U+5F45	57	11
U+5F46	57	12
U+5F47	57	12
U+5F48	57	12
U+5F49	57	12
U+5F4A	57	13
U+5F4B	57	13
U+5F4C	57	14
U+5F4D	57	15
U+5F4E	57	19
U+5F4F	57	20
U+5F50	58	0
U+5F51	58	0
U+5F52	58	2
U+5F53	58	3
U+5F54	58	5
U+5F55	58	5
U+5F56	58	6
U+5F57	58	8
U+5F58	58	9
U+5F59	58	10
U+5F5A	58	10
U+5F5B	58	13
U+5F5C	58	13
U+5F5D	58	15
U+5F5E	58	15
U+5F5F	58	16
U+5F60	58	23
U+5F61	59	0
U+5F62	59	4
U+5F63	59	4
U+5F64	59	4
U+5F65	59	6
U+5F66	59	6
U+5F67	59	7
U+5F68	59	7
U+5F69	59	8
U+5F6A	141	5
U+5F6B	59	8
U+5F6C	59	8
U+5F6D	59	9
U+5F6E	59	10
U+5F6F	59	11
U+5F70	59	11
U+5F71	59	12
U+5F72	59	19
U+5F73	60	0
U+5F74	60	3
U+5F75	60	3
U+5F76	60	4
U+5F77	60	4
U+5F78	60	4
U+5F79	60	4
U+5F7A	60	4
U+5F7B	60	4
U+5F7C	60	5
U+5F7D	60	5
U+5F7E	60	5
U+5F7F	60	5
U+5F80	60	5
U+5F81	60	5
U+5F82	60	5
U+5F83	60	5
U+5F84	60	5
U+5F85	60	6
U+5F86	60	6
U+5F87	60	6
U+5F88	60	6
U+5F89	60	6
U+5F8A	60	6
U+5F8B	60	6
U+5F8C	60	6
U+5F8D	60	6
U+5F8E	60	7
U+5F8F	60	7
U+5F90	60	7
U+5F91	60	7
U+5F92	60	7
U+5F93	60	7
U+5F94	60	6
U+5F95	60	7
U+5F96	60	8
U+5F97	60	8
U+5F98	60	8
U+5F99	60	8
U+5F9A	60	9
U+5F9B	60	8
U+5F9C	60	8
U+5F9D	60	8
U+5F9E	60	8
U+5F9F	60	8
U+5FA0	60	8
U+5FA1	60	8
U+5FA2	60	8
U+5FA3	60	8
U+5FA4	60	9
U+5FA5	60	9
U+5FA6	60	9
U+5FA7	60	9
U+5FA8	60	9
U+5FA9	60	9
U+5FAA	60	9
U+5FAB	60	9
U+5FAC	60	10
U+5FAD	60	10
U+5FAE	60	10
U+5FAF	60	10
U+5FB0	60	10
U+5FB1	60	11
U+5FB2	60	12
U+5FB3	60	11
U+5FB4	60	11
U+5FB5	60	12
U+5FB6	60	12
U+5FB7	60	12
U+5FB8	60	12
U+5FB9	60	12
U+5FBA	60	12
U+5FBB	60	13
U+5FBC	60	13
U+5FBD	60	14
U+5FBE	60	14
U+5FBF	60	16
U+5FC0	60	17
U+5FC1	60	17
U+5FC2	60	18
U+5FC3	61	0
U+5FC4	61	0
U+5FC5	61	1
U+5FC6	61	1
U+5FC7	61	2
U+5FC8	61	2
U+5FC9	61	2
U+5FCA	61	2
U+5FCB	61	3
U+5FCC	61	3
U+5FCD	61	3
U+5FCE	61	3
U+5FCF	61	3
U+5FD0	61	3
U+5FD1	61	3
U+5FD2	61	3
U+5FD3	61	3
U+5FD4	61	3
U+5FD5	61	3
U+5FD6	61	3
U+5FD7	61	3
U+5FD8	61	3
U+5FD9	61	3
U+5FDA	61	3
U+5FDB	61	3
U+5FDC	61	3
U+5FDD	61	4
U+5FDE	61	4
U+5FDF	61	4
U+5FE0	61	4
U+5FE1	61	4
U+5FE2	61	4
U+5FE3	61	4
U+5FE4	61	4
U+5FE5	61	4
U+5FE6	61	4
U+5FE7	61	4
U+5FE8	61	4
U+5FE9	61	4
U+5FEA	61	4
U+5FEB	61	4
U+5FEC	61	4
U+5FED	61	4
U+5FEE	61	4
U+5FEF	61	4
U+5FF0	61	4
U+5FF1	61	4
U+5FF2	61	4
U+5FF3	61	4
U+5FF4	61	4
U+5FF5	61	4
U+5FF6	61	4
U+5FF7	61	4
U+5FF8	61	4
U+5FF9	61	4
U+5FFA	61	4
U+5FFB	61	4
U+5FFC	61	4
U+5FFD	61	4
U+5FFE	61	4
U+5FFF	61	4
U+6000	61	4
U+6001	61	4
U+6002	61	4
U+6003	61	4
U+6004	61	4
U+6005	61	4
U+6006	61	4
U+6007	61	5
U+6008	61	5
U+6009	61	5
U+600A	61	5
U+600B	61	5
U+600C	61	5
U+600D	61	5
U+600E	61	5
U+600F	61	5
U+6010	61	5
U+6011	61	5
U+6012	61	5
U+6013	61	5
U+6014	61	5
U+6015	61	5
U+6016	61	5
U+6017	61	5
U+6018	61	5
U+6019	61	5
U+601A	61	5
U+601B	61	5
U+601C	61	5
U+601D	61	5
U+601E	61	5
U+601F	61	5
U+6020	61	5
U+6021	61	5
U+6022	61	5
U+6023	61	5
U+6024	61	5
U+6025	61	5
U+6026	61	5
U+6027	61	5
U+6028	61	5
U+6029	61	5
U+602A	61	5
U+602B	61	5
U+602C	61	5
U+602D	61	5
U+602E	61	5
U+602F	61	5
U+6030	61	5
U+6031	61	5
U+6032	61	5
U+6033	61	5
U+6034	61	5
U+6035	61	5
U+6036	61	5
U+6037	61	5
U+6038	61	5
U+6039	61	5
U+603A	61	5
U+603B	61	5
U+603C	61	5
U+603D	61	5
U+603E	61	5
U+603F	61	5
U+6040	61	6
U+6041	61	6
U+6042	61	6
U+6043	61	6
U+6044	61	6
U+6045	61	6
U+6046	61	6
U+6047	61	6
U+6048	61	6
U+6049	61	6
U+604A	61	6
U+604B	61	6
U+604C	61	6
U+604D	61	6
U+604E	61	6
U+604F	61	6
U+6050	61	6
U+6051	61	6
U+6052	61	6
U+6053	61	6
U+6054	61	6
U+6055	61	6
U+6056	61	6
U+6057	61	6
U+6058	61	6
U+6059	61	6
U+605A	61	6
U+605B	61	6
U+605C	61	6
U+605D	61	6
U+605E	61	6
U+605F	61	6
U+6060	61	6
U+6061	61	6
U+6062	61	6
U+6063	61	6
U+6064	61	6
U+6065	61	6
U+6066	61	6
U+6067	61	6
U+6068	61	6
U+6069	61	6
U+606A	61	6
U+606B	61	6
U+606C	61	6
U+606D	61	6
U+606E	61	6
U+606F	61	6
U+6070	61	6
U+6071	61	6
U+6072	61	6
U+6073	61	6
U+6074	61	6
U+6075	61	6
U+6076	61	6
U+6077	61	6
U+6078	61	6
U+6079	61	6
U+607A	61	6
U+607B	61	6
U+607C	61	6
U+607D	61	6
U+607E	61	7
U+607F	61	7
U+6080	61	7
U+6081	61	7
U+6082	61	7
U+6083	61	7
U+6084	61	7
U+6085	61	7
U+6086	61	7
U+6087	61	7
U+6088	61	7
U+6089	61	7
U+608A	61	7
U+608B	61	7
U+608C	61	7
U+608D	61	7
U+608E	61	7
U+608F	61	7
U+6090	61	7
U+6091	61	7
U+6092	61	7
U+6093	61	7
U+6094	61	7
U+6095	61	7
U+6096	61	7
U+6097	61	7
U+6098	61	7
U+6099	61	7
U+609A	61	7
U+609B	61	7
U+609C	61	7
U+609D	61	7
U+609E	61	7
U+609F	61	7
U+60A0	61	7
U+60A1	61	7
U+60A2	61	7
U+60A3	61	7
U+60A4	61	7
U+60A5	61	7
U+60A6	61	7
U+60A7	61	7
U+60A8	61	7
U+60A9	61	7
U+60AA	61	7
U+60AB	61	7
U+60AC	61	7
U+60AD	61	7
U+60AE	61	7
U+60AF	61	7
U+60B0	61	8
U+60B1	61	8
U+60B2	61	8
U+60B3	61	8
U+60B4	61	8
U+60B5	61	8
U+60B6	61	8
U+60B7	61	8
U+60B8	61	8
U+60B9	61	8
U+60BA	61	8
U+60BB	61	8
U+60BC	61	8
U+60BD	61	8
U+60BE	61	8
U+60BF	61	8
U+60C0	61	8
U+60C1	61	8
U+60C2	61	8
U+60C3	61	8
U+60C4	61	8
U+60C5	61	8
U+60C6	61	8
U+60C7	61	8
U+60C8	61	8
U+60C9	61	8
U+60CA	61	8
U+60CB	61	8
U+60CC	61	8
U+60CD	61	8
U+60CE	61	8
U+60CF	61	8
U+60D0	61	8
U+60D1	61	8
U+60D2	61	8
U+60D3	61	8
U+60D4	61	8
U+60D5	61	8
U+60D6	61	8
U+60D7	61	8
U+60D8	61	8
U+60D9	61	8
U+60DA	61	8
U+60DB	61	8
U+60DC	61	8
U+60DD	61	8
U+60DE	61	8
U+60DF	61	8
U+60E0	61	8
U+60E1	61	8
U+60E2	61	8
U+60E3	61	8
U+60E4	61	8
U+60E5	61	8
U+60E6	61	8
U+60E7	61	8
U+60E8	61	8
U+60E9	61	8
U+60EA	61	8
U+60EB	61	8
U+60EC	61	8
U+60ED	61	8
U+60EE	61	8
U+60EF	61	8
U+60F0	61	9
U+60F1	61	9
U+60F2	61	9
U+60F3	61	9
U+60F4	61	9
U+60F5	61	9
U+60F6	61	9
U+60F7	61	9
U+60F8	61	9
U+60F9	61	9
U+60FA	61	9
U+60FB	61	9
U+60FC	61	9
U+60FD	61	9
U+60FE	61	9
U+60FF	61	9
U+6100	61	9
U+6101	61	9
U+6102	61	9
U+6103	61	9
U+6104	61	9
U+6105	61	9
U+6106	61	9
U+6107	61	9
U+6108	61	9
U+6109	61	9
U+610A	61	9
U+610B	61	9
U+610C	61	9
U+610D	61	9
U+610E	61	9
U+610F	61	9
U+6110	61	9
U+6111	61	9
U+6112	61	9
U+6113	61	9
U+6114	61	9
U+6115	61	9
U+6116	61	9
U+6117	61	9
U+6118	61	9
U+6119	61	9
U+611A	61	9
U+611B	61	9
U+611C	61	9
U+611D	61	9
U+611E	61	9
U+611F	61	9
U+6120	61	9
U+6121	61	9
U+6122	61	9
U+6123	61	9
U+6124	61	9
U+6125	61	9
U+6126	61	9
U+6127	61	10
U+6128	61	10
U+6129	61	10
U+612A	61	10
U+612B	61	10
U+612C	61	10
U+612D	61	10
U+612E	61	10
U+612F	61	10
U+6130	61	10
U+6131	61	10
U+6132	61	10
U+6133	61	10
U+6134	61	10
U+6135	61	10
U+6136	61	10
U+6137	61	10
U+6138	61	10
U+6139	61	10
U+613A	61	10
U+613B	61	10
U+613C	61	10
U+613D	61	10
U+613E	61	10
U+613F	61	10
U+6140	61	10
U+6141	61	10
U+6142	61	10
U+6143	61	10
U+6144	61	10
U+6145	61	10
U+6146	61	10
U+6147	61	10
U+6148	61	10
U+6149	61	10
U+614A	61	10
U+614B	61	10
U+614C	61	10
U+614D	61	10
U+614E	61	10
U+614F	61	10
U+6150	61	10
U+6151	61	10
U+6152	61	11
U+6153	61	11
U+6154	61	11
U+6155	61	11
U+6156	61	11
U+6157	61	11
U+6158	61	11
U+6159	61	11
U+615A	61	11
U+615B	61	11
U+615C	61	11
U+615D	61	11
U+615E	61	11
U+615F	61	11
U+6160	61	11
U+6161	61	11
U+6162	61	11
U+6163	61	11
U+6164	61	11
U+6165	61	11
U+6166	61	11
U+6167	61	11
U+6168	61	9
U+6169	61	11
U+616A	61	11
U+616B	61	11
U+616C	61	11
U+616D	61	11
U+616E	61	11
U+616F	61	11
U+6170	61	11
U+6171	61	11
U+6172	61	11
U+6173	61	11
U+6174	61	11
U+6175	61	11
U+6176	61	11
U+6177	61	11
U+6178	61	11
U+6179	61	11
U+617A	61	11
U+617B	61	11
U+617C	61	11
U+617D	61	11
U+617E	61	11
U+617F	61	11
U+6180	61	11
U+6181	61	11
U+6182	61	11
U+6183	61	11
U+6184	61	11
U+6185	61	11
U+6186	61	11
U+6187	61	11
U+6188	61	11
U+6189	61	12
U+618A	61	12
U+618B	61	12
U+618C	61	12
U+618D	61	12
U+618E	61	12
U+618F	61	12
U+6190	61	12
U+6191	61	12
U+6192	61	12
U+6193	61	12
U+6194	61	12
U+6195	61	12
U+6196	61	12
U+6197	61	12
U+6198	61	12
U+6199	61	12
U+619A	61	12
U+619B	61	12
U+619C	61	12
U+619D	61	12
U+619E	61	12
U+619F	61	12
U+61A0	61	12
U+61A1	61	12
U+61A2	61	12
U+61A3	61	12
U+61A4	61	12
U+61A5	61	12
U+61A6	61	12
U+61A7	61	12
U+61A8	61	12
U+61A9	61	12
U+61AA	61	12
U+61AB	61	12
U+61AC	61	12
U+61AD	61	12
U+61AE	61	12
U+61AF	61	12
U+61B0	61	12
U+61B1	61	12
U+61B2	61	12
U+61B3	61	12
U+61B4	61	13
U+61B5	61	13
U+61B6	61	13
U+61B7	61	13
U+61B8	61	13
U+61B9	61	13
U+61BA	61	13
U+61BB	61	14
U+61BC	61	13
U+61BD	61	13
U+61BE	61	13
U+61BF	61	13
U+61C0	61	13
U+61C1	61	13
U+61C2	61	13
U+61C3	61	13
U+61C4	61	13
U+61C5	61	13
U+61C6	61	13
U+61C7	61	13
U+61C8	61	13
U+61C9	61	13
U+61CA	61	13
U+61CB	61	13
U+61CC	61	13
U+61CD	61	13
U+61CE	61	13
U+61CF	61	13
U+61D0	61	13
U+61D1	61	13
U+61D2	61	13
U+61D3	61	13
U+61D4	61	13
U+61D5	61	14
U+61D6	61	14
U+61D7	61	14
U+61D8	61	14
U+61D9	61	14
U+61DA	61	14
U+61DB	61	14
U+61DC	61	14
U+61DD	61	14
U+61DE	61	14
U+61DF	61	14
U+61E0	61	14
U+61E1	61	14
U+61E2	61	14
U+61E3	61	14
U+61E4	61	14
U+61E5	61	14
U+61E6	61	14
U+61E7	61	14
U+61E8	61	14
U+61E9	61	15
U+61EA	61	15
U+61EB	61	15
U+61EC	61	15
U+61ED	61	15
U+61EE	61	15
U+61EF	61	15
U+61F0	61	15
U+61F1	61	15
U+61F2	61	15
U+61F3	61	15
U+61F4	61	15
U+61F5	61	16
U+61F6	61	16
U+61F7	61	16
U+61F8	61	16
U+61F9	61	17
U+61FA	61	17
U+61FB	61	17
U+61FC	61	18
U+61FD	61	18
U+61FE	61	18
U+61FF	61	18
U+6200	61	19
U+6201	61	19
U+6202	61	19
U+6203	61	20
U+6204	61	20
U+6205	61	21
U+6206	61	21
U+6207	61	24
U+6208	62	0
U+6209	62	1
U+620A	62	1
U+620B	62	1
U+620C	62	2
U+620D	62	2
U+620E	62	2
U+620F	62	2
U+6210	62	2
U+6211	62	3
U+6212	62	3
U+6213	62	3
U+6214	62	4
U+6215	62	4
U+6216	62	4
U+6217	62	4
U+6218	62	5
U+6219	62	6
U+621A	62	7
U+621B	62	7
U+621C	62	7
U+621D	62	7
U+621E	62	8
U+621F	62	8
U+6220	62	9
U+6221	62	9
U+6222	62	9
U+6223	62	9
U+6224	62	9
U+6225	62	9
U+6226	62	8
U+6227	62	10
U+6228	62	10
U+6229	62	10
U+622A	62	10
U+622B	62	10
U+622C	62	10
U+622D	62	11
U+622E	62	11
U+622F	62	11
U+6230	62	12
U+6231	62	11
U+6232	62	13
U+6233	62	14
U+6234	62	13
U+6235	62	18
U+6236	63	0
U+6237	63	0
U+6238	63	0
U+6239	63	1
U+623A	63	3
U+623B	63	3
U+623C	63	3
U+623D	63	4
U+623E	63	4
U+623F	63	4
U+6240	63	4
U+6241	63	5
U+6242	63	5
U+6243	63	5
U+6244	63	6
U+6245	63	6
U+6246	63	6
U+6247	63	6
U+6248	63	7
U+6249	63	8
U+624A	63	8
U+624B	64	0
U+624C	64	0
U+624D	64	0
U+624E	64	1
U+624F	64	3
U+6250	64	2
U+6251	64	2
U+6252	64	2
U+6253	64	2
U+6254	64	2
U+6255	64	2
U+6256	64	2
U+6257	64	3
U+6258	64	3
U+6259	64	3
U+625A	64	3
U+625B	64	3
U+625C	64	3
U+625D	64	3
U+625E	64	3
U+625F	64	4
U+6260	64	3
U+6261	64	3
U+6262	64	3
U+6263	64	3
U+6264	64	3
U+6265	64	3
U+6266	64	3
U+6267	64	3
U+6268	64	3
U+6269	64	3
U+626A	64	3
U+626B	64	3
U+626C	64	3
U+626D	64	4
U+626E	64	4
U+626F	64	4
U+6270	64	4
U+6271	64	4
U+6272	64	4
U+6273	64	4
U+6274	64	4
U+6275	64	4
U+6276	64	4
U+6277	64	4
U+6278	64	5
U+6279	64	4
U+627A	64	4
U+627B	64	4
U+627C	64	4
U+627D	64	4
U+627E	64	4
U+627F	64	4
U+6280	64	4
U+6281	64	4
U+6282	64	4
U+6283	64	4
U+6284	64	4
U+6285	64	4
U+6286	64	4
U+6287	64	4
U+6288	64	4
U+6289	64	4
U+628A	64	4
U+628B	64	4
U+628C	64	4
U+628D	64	4
U+628E	64	4
U+628F	64	4
U+6290	64	4
U+6291	64	4
U+6292	64	4
U+6293	64	4
U+6294	64	4
U+6295	64	4
U+6296	64	4
U+6297	64	4
U+6298	64	4
U+6299	64	4
U+629A	64	4
U+629B	64	4
U+629C	64	4
U+629D	64	4
U+629E	64	4
U+629F	64	4
U+62A0	64	4
U+62A1	64	4
U+62A2	64	4
U+62A3	64	4
U+62A4	64	4
U+62A5	64	4
U+62A6	64	5
U+62A7	64	5
U+62A8	64	5
U+62A9	64	5
U+62AA	64	5
U+62AB	64	5
U+62AC	64	5
U+62AD	64	5
U+62AE	64	5
U+62AF	64	5
U+62B0	64	5
U+62B1	64	5
U+62B2	64	5
U+62B3	64	5
U+62B4	64	5
U+62B5	64	5
U+62B6	64	5
U+62B7	64	5
U+62B8	64	5
U+62B9	64	5
U+62BA	64	5
U+62BB	64	5
U+62BC	64	5
U+62BD	64	5
U+62BE	64	5
U+62BF	64	5
U+62C0	64	5
U+62C1	64	5
U+62C2	64	5
U+62C3	64	5
U+62C4	64	5
U+62C5	64	5
U+62C6	64	5
U+62C7	64	5
U+62C8	64	5
U+62C9	64	5
U+62CA	64	5
U+62CB	64	5
U+62CC	64	5
U+62CD	64	5
U+62CE	64	5
U+62CF	64	5
U+62D0	64	5
U+62D1	64	5
U+62D2	64	5
U+62D3	64	5
U+62D4	64	5
U+62D5	64	5
U+62D6	64	5
U+62D7	64	5
U+62D8	64	5
U+62D9	64	5
U+62DA	64	5
U+62DB	64	5
U+62DC	64	5
U+62DD	64	5
U+62DE	64	5
U+62DF	64	5
U+62E0	64	5
U+62E1	64	5
U+62E2	64	5
U+62E3	64	5
U+62E4	64	5
U+62E5	64	5
U+62E6	64	5
U+62E7	64	5
U+62E8	64	5
U+62E9	64	5
U+62EA	64	6
U+62EB	64	6
U+62EC	64	6
U+62ED	64	6
U+62EE	64	6
U+62EF	64	6
U+62F0	64	6
U+62F1	64	6
U+62F2	64	6
U+62F3	64	6
U+62F4	64	6
U+62F5	64	6
U+62F6	64	6
U+62F7	64	6
U+62F8	64	6
U+62F9	64	6
U+62FA	64	6
U+62FB	64	6
U+62FC	64	6
U+62FD	64	6
U+62FE	64	6
U+62FF	64	6
U+6300	64	6
U+6301	64	6
U+6302	64	6
U+6303	64	6
U+6304	64	6
U+6305	64	6
U+6306	64	6
U+6307	64	6
U+6308	64	6
U+6309	64	6
U+630A	64	6
U+630B	64	6
U+630C	64	6
U+630D	64	6
U+630E	64	6
U+630F	64	6
U+6310	64	6
U+6311	64	6
U+6312	64	6
U+6313	64	6
U+6314	64	6
U+6315	64	6
U+6316	64	6
U+6317	64	6
U+6318	64	6
U+6319	64	6
U+631A	64	6
U+631B	64	6
U+631C	64	6
U+631D	64	6
U+631E	64	6
U+631F	64	6
U+6320	64	6
U+6321	64	6
U+6322	64	6
U+6323	64	6
U+6324	64	6
U+6325	64	6
U+6326	64	6
U+6327	64	6
U+6328	64	7
U+6329	64	7
U+632A	64	7
U+632B	64	7
U+632C	64	7
U+632D	64	7
U+632E	64	7
U+632F	64	7
U+6330	64	7
U+6331	64	7
U+6332	64	7
U+6333	64	7
U+6334	64	7
U+6335	64	7
U+6336	64	7
U+6337	64	7
U+6338	64	7
U+6339	64	7
U+633A	64	7
U+633B	64	7
U+633C	64	7
U+633D	64	7
U+633E	64	7
U+633F	64	7
U+6340	64	7
U+6341	64	7
U+6342	64	7
U+6343	64	7
U+6344	64	7
U+6345	64	7
U+6346	64	7
U+6347	64	7
U+6348	64	7
U+6349	64	7
U+634A	64	7
U+634B	64	7
U+634C	64	7
U+634D	64	7
U+634E	64	7
U+634F	64	7
U+6350	64	7
U+6351	64	7
U+6352	64	7
U+6353	64	7
U+6354	64	7
U+6355	64	7
U+6356	64	7
U+6357	64	7
U+6358	64	7
U+6359	64	7
U+635A	64	7
U+635B	64	7
U+635C	64	7
U+635D	64	7
U+635E	64	7
U+635F	64	7
U+6360	64	7
U+6361	64	7
U+6362	64	7
U+6363	64	7
U+6364	64	7
U+6365	64	8
U+6366	64	8
U+6367	64	8
U+6368	64	8
U+6369	64	8
U+636A	64	8
U+636B	64	8
U+636C	64	8
U+636D	64	8
U+636E	64	8
U+636F	64	8
U+6370	64	8
U+6371	64	8
U+6372	64	8
U+6373	64	8
U+6374	64	8
U+6375	64	8
U+6376	64	8
U+6377	64	8
U+6378	64	8
U+6379	64	8
U+637A	64	8
U+637B	64	8
U+637C	64	8
U+637D	64	8
U+637E	64	8
U+637F	64	8
U+6380	64	8
U+6381	64	8
U+6382	64	8
U+6383	64	8
U+6384	64	8
U+6385	64	8
U+6386	64	8
U+6387	64	8
U+6388	64	8
U+6389	64	8
U+638A	64	8
U+638B	64	8
U+638C	64	8
U+638D	64	8
U+638E	64	8
U+638F	64	8
U+6390	64	8
U+6391	64	8
U+6392	64	8
U+6393	64	8
U+6394	64	8
U+6395	64	8
U+6396	64	8
U+6397	64	8
U+6398	64	8
U+6399	64	8
U+639A	64	8
U+639B	64	8
U+639C	64	8
U+639D	64	8
U+639E	64	8
U+639F	64	8
U+63A0	64	8
U+63A1	64	8
U+63A2	64	8
U+63A3	64	8
U+63A4	64	8
U+63A5	64	8
U+63A6	64	8
U+63A7	64	8
U+63A8	64	8
U+63A9	64	8
U+63AA	64	8
U+63AB	64	8
U+63AC	64	8
U+63AD	64	8
U+63AE	64	8
U+63AF	64	8
U+63B0	64	8
U+63B1	64	8
U+63B2	64	9
U+63B3	64	8
U+63B4	64	8
U+63B5	64	8
U+63B6	64	8
U+63B7	64	8
U+63B8	64	8
U+63B9	64	8
U+63BA	64	8
U+63BB	64	8
U+63BC	64	8
U+63BD	64	8
U+63BE	64	9
U+63BF	64	9
U+63C0	64	9
U+63C1	64	9
U+63C2	64	9
U+63C3	64	9
U+63C4	64	9
U+63C5	64	11
U+63C6	64	9
U+63C7	64	9
U+63C8	64	9
U+63C9	64	9
U+63CA	64	9
U+63CB	64	9
U+63CC	64	9
U+63CD	64	9
U+63CE	64	9
U+63CF	64	9
U+63D0	64	9
U+63D1	64	9
U+63D2	64	9
U+63D3	64	9
U+63D4	64	9
U+63D5	64	9
U+63D6	64	9
U+63D7	64	9
U+63D8	64	9
U+63D9	64	9
U+63DA	64	9
U+63DB	64	9
U+63DC	64	9
U+63DD	64	9
U+63DE	64	9
U+63DF	64	9
U+63E0	64	9
U+63E1	64	9
U+63E2	64	9
U+63E3	64	9
U+63E4	64	9
U+63E5	64	9
U+63E6	64	9
U+63E7	64	9
U+63E8	64	9
U+63E9	64	9
U+63EA	64	9
U+63EB	64	9
U+63EC	64	9
U+63ED	64	9
U+63EE	64	9
U+63EF	64	9
U+63F0	64	9
U+63F1	64	9
U+63F2	64	9
U+63F3	64	9
U+63F4	64	9
U+63F5	64	9
U+63F6	64	9
U+63F7	64	9
U+63F8	64	9
U+63F9	64	9
U+63FA	64	9
U+63FB	64	9
U+63FC	64	9
U+63FD	64	9
U+63FE	64	9
U+63FF	64	9
U+6400	64	9
U+6401	64	9
U+6402	64	9
U+6403	64	9
U+6404	64	9
U+6405	64	9
U+6406	64	10
U+6407	64	10
U+6408	64	10
U+6409	64	10
U+640A	64	10
U+640B	64	10
U+640C	64	10
U+640D	64	10
U+640E	64	10
U+640F	64	10
U+6410	64	10
U+6411	64	10
U+6412	64	10
U+6413	64	10
U+6414	64	10
U+6415	64	10
U+6416	64	10
U+6417	64	10
U+6418	64	10
U+6419	64	10
U+641A	64	10
U+641B	64	10
U+641C	64	9
U+641D	64	10
U+641E	64	10
U+641F	64	10
U+6420	64	10
U+6421	64	10
U+6422	64	10
U+6423	64	10
U+6424	64	10
U+6425	64	10
U+6426	64	10
U+6427	64	10
U+6428	64	10
U+6429	64	10
U+642A	64	10
U+642B	64	10
U+642C	64	10
U+642D	64	10
U+642E	64	10
U+642F	64	10
U+6430	64	10
U+6431	64	12
U+6432	64	10
U+6433	64	10
U+6434	64	10
U+6435	64	10
U+6436	64	10
U+6437	64	10
U+6438	64	10
U+6439	64	10
U+643A	64	10
U+643B	64	10
U+643C	64	10
U+643D	64	10
U+643E	64	10
U+643F	64	10
U+6440	64	10
U+6441	64	10
U+6442	64	10
U+6443	64	10
U+6444	64	10
U+6445	64	10
U+6446	64	10
U+6447	64	10
U+6448	64	10
U+6449	64	10
U+644A	64	10
U+644B	64	11
U+644C	64	11
U+644D	64	11
U+644E	64	11
U+644F	64	11
U+6450	64	11
U+6451	64	11
U+6452	64	11
U+6453	64	11
U+6454	64	11
U+6455	64	11
U+6456	64	12
U+6457	64	11
U+6458	64	11
U+6459	64	11
U+645A	64	11
U+645B	64	11
U+645C	64	11
U+645D	64	11
U+645E	64	11
U+645F	64	11
U+6460	64	11
U+6461	64	11
U+6462	64	11
U+6463	64	11
U+6464	64	11
U+6465	64	11
U+6466	64	11
U+6467	64	11
U+6468	64	11
U+6469	64	11
U+646A	64	11
U+646B	64	11
U+646C	64	11
U+646D	64	11
U+646E	64	11
U+646F	64	11
U+6470	64	11
U+6471	64	11
U+6472	64	11
U+6473	64	11
U+6474	64	11
U+6475	64	11
U+6476	64	11
U+6477	64	11
U+6478	64	11
U+6479	64	11
U+647A	64	11
U+647B	64	11
U+647C	64	11
U+647D	64	11
U+647E	64	11
U+647F	64	11
U+6480	64	11
U+6481	64	11
U+6482	64	11
U+6483	64	11
U+6484	64	11
U+6485	64	12
U+6486	64	12
U+6487	64	11
U+6488	64	12
U+6489	64	12
U+648A	64	12
U+648B	64	12
U+648C	64	12
U+648D	64	12
U+648E	64	12
U+648F	64	12
U+6490	64	12
U+6491	64	12
U+6492	64	12
U+6493	64	12
U+6494	64	12
U+6495	64	12
U+6496	64	12
U+6497	64	12
U+6498	64	12
U+6499	64	12
U+649A	64	12
U+649B	64	12
U+649C	64	12
U+649D	64	12
U+649E	64	12
U+649F	64	12
U+64A0	64	12
U+64A1	64	12
U+64A2	64	12
U+64A3	64	12
U+64A4	64	12
U+64A5	64	12
U+64A6	64	12
U+64A7	64	12
U+64A8	64	12
U+64A9	64	12
U+64AA	64	12
U+64AB	64	12
U+64AC	64	12
U+64AD	64	12
U+64AE	64	12
U+64AF	64	12
U+64B0	64	12
U+64B1	64	12
U+64B2	64	12
U+64B3	64	12
U+64B4	64	12
U+64B5	64	12
U+64B6	64	12
U+64B7	64	12
U+64B8	64	12
U+64B9	64	12
U+64BA	64	12
U+64BB	64	13
U+64BC	64	13
U+64BD	64	13
U+64BE	64	13
U+64BF	64	13
U+64C0	64	13
U+64C1	64	13
U+64C2	64	13
U+64C3	64	13
U+64C4	64	13
U+64C5	64	13
U+64C6	64	12
U+64C7	64	13
U+64C8	64	13
U+64C9	64	13
U+64CA	64	13
U+64CB	64	13
U+64CC	64	13
U+64CD	64	13
U+64CE	64	13
U+64CF	64	13
U+64D0	64	13
U+64D1	64	13
U+64D2	64	13
U+64D3	64	13
U+64D4	64	13
U+64D5	64	13
U+64D6	64	13
U+64D7	64	13
U+64D8	64	13
U+64D9	64	13
U+64DA	64	13
U+64DB	64	13
U+64DC	64	13
U+64DD	64	13
U+64DE	64	13
U+64DF	64	14
U+64E0	64	14
U+64E1	64	14
U+64E2	64	14
U+64E3	64	14
U+64E4	64	14
U+64E5	64	15
U+64E6	64	14
U+64E7	64	14
U+64E8	64	14
U+64E9	64	14
U+64EA	64	14
U+64EB	64	14
U+64EC	64	14
U+64ED	64	14
U+64EE	64	14
U+64EF	64	14
U+64F0	64	14
U+64F1	64	14
U+64F2	64	15
U+64F3	64	15
U+64F4	64	15
U+64F5	64	15
U+64F6	64	15
U+64F7	64	15
U+64F8	64	15
U+64F9	64	15
U+64FA	64	15
U+64FB	64	15
U+64FC	64	15
U+64FD	64	15
U+64FE	64	15
U+64FF	64	15
U+6500	64	15
U+6501	64	15
U+6502	64	15
U+6503	64	15
U+6504	64	15
U+6505	64	15
U+6506	64	15
U+6507	64	16
U+6508	64	16
U+6509	64	16
U+650A	64	16
U+650B	64	16
U+650C	64	16
U+650D	64	16
U+650E	64	16
U+650F	64	16
U+6510	64	16
U+6511	64	17
U+6512	64	16
U+6513	64	17
U+6514	64	17
U+6515	64	17
U+6516	64	17
U+6517	64	17
U+6518	64	17
U+6519	64	17
U+651A	64	17
U+651B	64	18
U+651C	64	18
U+651D	64	18
U+651E	64	19
U+651F	64	19
U+6520	64	19
U+6521	64	19
U+6522	64	19
U+6523	64	19
U+6524	64	19
U+6525	64	20
U+6526	64	19
U+6527	64	19
U+6528	64	20
U+6529	64	20
U+652A	64	20
U+652B	64	20
U+652C	64	21
U+652D	64	21
U+652E	64	22
U+652F	65	0
U+6530	65	2
U+6531	65	5
U+6532	65	8
U+6533	65	12
U+6534	66	0
U+6535	66	0
U+6536	66	2
U+6537	66	2
U+6538	66	3
U+6539	66	3
U+653A	66	3
U+653B	66	3
U+653C	66	3
U+653D	66	4
U+653E	66	4
U+653F	66	4
U+6540	66	5
U+6541	66	5
U+6542	66	5
U+6543	66	5
U+6544	66	5
U+6545	66	5
U+6546	66	6
U+6547	66	6
U+6548	66	6
U+6549	66	6
U+654A	66	6
U+654B	66	6
U+654C	66	6
U+654D	66	7
U+654E	66	7
U+654F	66	7
U+6550	66	7
U+6551	66	7
U+6552	66	7
U+6553	66	7
U+6554	66	7
U+6555	66	7
U+6556	66	7
U+6557	66	7
U+6558	66	7
U+6559	66	7
U+655A	66	7
U+655B	66	7
U+655C	66	8
U+655D	66	8
U+655E	66	8
U+655F	66	8
U+6560	66	8
U+6561	66	8
U+6562	66	8
U+6563	66	8
U+6564	66	8
U+6565	66	8
U+6566	66	8
U+6567	66	8
U+6568	66	8
U+6569	66	8
U+656A	66	8
U+656B	66	9
U+656C	66	9
U+656D	66	8
U+656E	66	9
U+656F	66	9
U+6570	66	9
U+6571	66	10
U+6572	66	10
U+6573	66	10
U+6574	66	11
U+6575	66	11
U+6576	66	11
U+6577	66	11
U+6578	66	11
U+6579	66	11
U+657A	66	11
U+657B	66	11
U+657C	66	12
U+657D	66	12
U+657E	66	12
U+657F	66	12
U+6580	66	13
U+6581	66	13
U+6582	66	13
U+6583	66	14
U+6584	66	15
U+6585	66	16
U+6586	66	16
U+6587	67	0
U+6588	67	3
U+6589	67	4
U+658A	67	6
U+658B	67	6
U+658C	67	7
U+658D	67	7
U+658E	67	7
U+658F	67	7
U+6590	67	8
U+6591	67	8
U+6592	67	9
U+6593	67	12
U+6594	67	15
U+6595	67	17
U+6596	67	19
U+6597	68	0
U+6598	68	3
U+6599	68	6
U+659A	68	6
U+659B	68	7
U+659C	68	7
U+659D	68	8
U+659E	68	9
U+659F	68	9
U+65A0	68	10
U+65A1	68	10
U+65A2	68	12
U+65A3	68	13
U+65A4	69	0
U+65A5	69	1
U+65A6	69	4
U+65A7	69	4
U+65A8	69	4
U+65A9	69	4
U+65AA	69	5
U+65AB	69	5
U+65AC	69	7
U+65AD	69	7
U+65AE	69	8
U+65AF	69	8
U+65B0	69	9
U+65B1	69	9
U+65B2	69	10
U+65B3	69	11
U+65B4	69	12
U+65B5	69	13
U+65B6	69	13
U+65B7	69	14
U+65B8	69	21
U+65B9	70	0
U+65BA	70	4
U+65BB	70	4
U+65BC	70	4
U+65BD	70	5
U+65BE	70	5
U+65BF	70	5
U+65C0	70	5
U+65C1	70	6
U+65C2	70	6
U+65C3	70	6
U+65C4	70	6
U+65C5	70	6
U+65C6	70	6
U+65C7	70	7
U+65C8	70	7
U+65C9	70	7
U+65CA	70	6
U+65CB	70	7
U+65CC	70	7
U+65CD	70	7
U+65CE	70	7
U+65CF	70	7
U+65D0	70	8
U+65D1	70	8
U+65D2	70	9
U+65D3	70	9
U+65D4	70	9
U+65D5	70	9
U+65D6	70	10
U+65D7	70	10
U+65D8	70	12
U+65D9	70	12
U+65DA	70	13
U+65DB	70	14
U+65DC	70	15
U+65DD	70	15
U+65DE	70	15
U+65DF	70	16
U+65E0	71	0
U+65E1	71	1
U+65E2	71	5
U+65E3	71	7
U+65E4	71	9
U+65E5	72	0
U+65E6	72	1
U+65E7	72	1
U+65E8	72	2
U+65E9	72	2
U+65EA	72	2
U+65EB	72	2
U+65EC	72	2
U+65ED	72	2
U+65EE	72	2
U+65EF	72	2
U+65F0	72	3
U+65F1	72	3
U+65F2	72	3
U+65F3	72	3
U+65F4	72	3
U+65F5	72	3
U+65F6	72	3
U+65F7	72	3
U+65F8	72	3
U+65F9	72	4
U+65FA	72	4
U+65FB	72	4
U+65FC	72	4
U+65FD	72	4
U+65FE	72	4
U+65FF	72	4
U+6600	72	4
U+6601	72	4
U+6602	72	4
U+6603	72	4
U+6604	72	4
U+6605	72	4
U+6606	72	4
U+6607	72	4
U+6608	72	4
U+6609	72	4
U+660A	72	4
U+660B	72	4
U+660C	72	4
U+660D	72	4
U+660E	72	4
U+660F	72	4
U+6610	72	4
U+6611	72	4
U+6612	72	4
U+6613	72	4
U+6614	72	4
U+6615	72	4
U+6616	72	4
U+6617	72	4
U+6618	72	4
U+6619	72	4
U+661A	72	5
U+661B	72	5
U+661C	72	5
U+661D	72	5
U+661E	72	5
U+661F	72	5
U+6620	72	5
U+6621	72	5
U+6622	72	5
U+6623	72	5
U+6624	72	5
U+6625	72	5
U+6626	72	5
U+6627	72	5
U+6628	72	5
U+6629	72	5
U+662A	72	5
U+662B	72	5
U+662C	72	5
U+662D	72	5
U+662E	72	5
U+662F	72	5
U+6630	72	5
U+6631	72	5
U+6632	72	5
U+6633	72	5
U+6634	72	5
U+6635	72	5
U+6636	72	5
U+6637	72	5
U+6638	72	5
U+6639	72	5
U+663A	72	5
U+663B	72	5
U+663C	72	5
U+663D	72	5
U+663E	72	5
U+663F	72	5
U+6640	72	6
U+6641	72	6
U+6642	72	6
U+6643	72	6
U+6644	72	6
U+6645	72	6
U+6646	72	6
U+6647	72	6
U+6648	72	6
U+6649	72	6
U+664A	72	6
U+664B	72	6
U+664C	72	6
U+664D	72	6
U+664E	72	6
U+664F	72	6
U+6650	72	6
U+6651	72	6
U+6652	72	6
U+6653	72	6
U+6654	72	6
U+6655	72	6
U+6656	72	6
U+6657	72	7
U+6658	72	7
U+6659	72	7
U+665A	72	7
U+665B	72	7
U+665C	72	7
U+665D	72	7
U+665E	72	7
U+665F	72	7
U+6660	72	7
U+6661	72	7
U+6662	72	7
U+6663	72	7
U+6664	72	7
U+6665	72	7
U+6666	72	7
U+6667	72	7
U+6668	72	7
U+6669	72	7
U+666A	72	8
U+666B	72	8
U+666C	72	8
U+666D	72	8
U+666E	72	8
U+666F	72	8
U+6670	72	8
U+6671	72	8
U+6672	72	8
U+6673	72	8
U+6674	72	8
U+6675	72	8
U+6676	72	8
U+6677	72	8
U+6678	72	8
U+6679	72	8
U+667A	72	8
U+667B	72	8
U+667C	72	8
U+667D	72	8
U+667E	72	8
U+667F	72	8
U+6680	72	8
U+6681	72	8
U+6682	72	8
U+6683	72	8
U+6684	72	9
U+6685	72	9
U+6686	72	9
U+6687	72	9
U+6688	72	9
U+6689	72	9
U+668A	72	9
U+668B	72	9
U+668C	72	9
U+668D	72	9
U+668E	72	9
U+668F	72	9
U+6690	72	9
U+6691	72	8
U+6692	72	9
U+6693	72	9
U+6694	72	9
U+6695	72	9
U+6696	72	9
U+6697	72	9
U+6698	72	9
U+6699	72	9
U+669A	72	10
U+669B	72	10
U+669C	72	10
U+669D	72	10
U+669E	72	10
U+669F	72	10
U+66A0	72	10
U+66A1	72	10
U+66A2	72	10
U+66A3	72	10
U+66A4	72	10
U+66A5	72	10
U+66A6	72	10
U+66A7	72	10
U+66A8	72	10
U+66A9	72	11
U+66AA	72	11
U+66AB	72	11
U+66AC	72	11
U+66AD	72	11
U+66AE	72	11
U+66AF	72	11
U+66B0	72	11
U+66B1	72	11
U+66B2	72	11
U+66B3	72	11
U+66B4	72	11
U+66B5	72	11
U+66B6	72	11
U+66B7	72	11
U+66B8	72	12
U+66B9	72	12
U+66BA	72	12
U+66BB	72	12
U+66BC	72	12
U+66BD	72	12
U+66BE	72	12
U+66BF	72	12
U+66C0	72	12
U+66C1	72	12
U+66C2	72	12
U+66C3	72	12
U+66C4	72	12
U+66C5	72	12
U+66C6	72	12
U+66C7	72	12
U+66C8	72	12
U+66C9	72	12
U+66CA	72	12
U+66CB	72	12
U+66CC	72	12
U+66CD	72	12
U+66CE	72	13
U+66CF	72	13
U+66D0	72	13
U+66D1	72	13
U+66D2	72	13
U+66D3	72	13
U+66D4	72	13
U+66D5	72	13
U+66D6	72	13
U+66D7	72	13
U+66D8	72	14
U+66D9	72	14
U+66DA	72	13
U+66DB	72	14
U+66DC	72	14
U+66DD	72	15
U+66DE	72	15
U+66DF	72	15
U+66E0	72	15
U+66E1	72	15
U+66E2	72	15
U+66E3	72	16
U+66E4	72	16
U+66E5	72	16
U+66E6	72	16
U+66E7	72	16
U+66E8	72	16
U+66E9	72	17
U+66EA	72	19
U+66EB	72	19
U+66EC	72	19
U+66ED	72	20
U+66EE	72	20
U+66EF	72	21
U+66F0	73	0
U+66F1	73	1
U+66F2	73	2
U+66F3	73	2
U+66F4	73	3
U+66F5	73	3
U+66F6	73	4
U+66F7	73	5
U+66F8	73	6
U+66F9	73	7
U+66FA	73	6
U+66FB	73	7
U+66FC	73	7
U+66FD	72	7
U+66FE	73	8
U+66FF	73	8
U+6700	13	10
U+6701	73	8
U+6702	73	8
U+6703	73	9
U+6704	73	10
U+6705	73	10
U+6706	73	12
U+6707	73	17
U+6708	74	0
U+6709	74	2
U+670A	74	4
U+670B	74	4
U+670C	74	4
U+670D	74	4
U+670E	74	5
U+670F	74	5
U+6710	74	5
U+6711	130	5
U+6712	74	6
U+6713	74	6
U+6714	74	6
U+6715	74	6
U+6716	74	7
U+6717	74	7
U+6718	74	7
U+6719	74	7
U+671A	74	7
U+671B	74	7
U+671C	74	8
U+671D	74	8
U+671E	74	8
U+671F	74	8
U+6720	74	9
U+6721	130	9
U+6722	74	10
U+6723	74	12
U+6724	74	12
U+6725	130	12
U+6726	74	14
U+6727	74	16
U+6728	75	0
U+6729	75	0
U+672A	75	1
U+672B	75	1
U+672C	75	1
U+672D	75	1
U+672E	75	1
U+672F	75	1
U+6730	75	1
U+6731	75	2
U+6732	75	2
U+6733	75	2
U+6734	75	2
U+6735	75	2
U+6736	75	2
U+6737	75	2
U+6738	75	2
U+6739	75	2
U+673A	75	2
U+673B	75	2
U+673C	75	2
U+673D	75	2
U+673E	75	2
U+673F	75	2
U+6740	75	2
U+6741	75	2
U+6742	75	2
U+6743	75	2
U+6744	75	3
U+6745	75	3
U+6746	75	3
U+6747	75	3
U+6748	75	3
U+6749	75	3
U+674A	75	3
U+674B	75	3
U+674C	75	3
U+674D	75	3
U+674E	75	3
U+674F	75	3
U+6750	75	3
U+6751	75	3
U+6752	75	3
U+6753	75	3
U+6754	75	3
U+6755	75	3
U+6756	75	3
U+6757	75	3
U+6758	75	3
U+6759	75	3
U+675A	75	3
U+675B	75	3
U+675C	75	3
U+675D	75	3
U+675E	75	3
U+675F	75	3
U+6760	75	3
U+6761	75	3
U+6762	75	3
U+6763	75	3
U+6764	75	3
U+6765	75	3
U+6766	75	3
U+6767	75	3
U+6768	75	3
U+6769	75	3
U+676A	75	4
U+676B	75	4
U+676C	75	4
U+676D	75	4
U+676E	75	4
U+676F	75	4
U+6770	75	4
U+6771	75	4
U+6772	75	4
U+6773	75	4
U+6774	75	4
U+6775	75	4
U+6776	75	4
U+6777	75	4
U+6778	75	4
U+6779	75	4
U+677A	75	4
U+677B	75	4
U+677C	75	4
U+677D	75	4
U+677E	75	4
U+677F	75	4
U+6780	75	4
U+6781	75	3
U+6782	75	4
U+6783	75	4
U+6784	75	4
U+6785	75	4
U+6786	75	4
U+6787	75	4
U+6788	75	4
U+6789	75	4
U+678A	75	4
U+678B	75	4
U+678C	75	4
U+678D	75	4
U+678E	75	4
U+678F	75	4
U+6790	75	4
U+6791	75	4
U+6792	75	4
U+6793	75	4
U+6794	75	4
U+6795	75	4
U+6796	75	4
U+6797	75	4
U+6798	75	4
U+6799	75	4
U+679A	75	4
U+679B	75	4
U+679C	75	4
U+679D	75	4
U+679E	75	4
U+679F	75	4
U+67A0	75	4
U+67A1	75	4
U+67A2	75	4
U+67A3	75	4
U+67A4	75	4
U+67A5	75	4
U+67A6	75	4
U+67A7	75	4
U+67A8	75	4
U+67A9	75	4
U+67AA	75	4
U+67AB	75	4
U+67AC	75	4
U+67AD	75	4
U+67AE	75	5
U+67AF	75	5
U+67B0	75	5
U+67B1	75	5
U+67B2	75	5
U+67B3	75	5
U+67B4	75	5
U+67B5	75	5
U+67B6	75	5
U+67B7	75	5
U+67B8	75	5
U+67B9	75	5
U+67BA	75	5
U+67BB	75	5
U+67BC	75	5
U+67BD	75	5
U+67BE	75	5
U+67BF	75	5
U+67C0	75	5
U+67C1	75	5
U+67C2	75	5
U+67C3	75	5
U+67C4	75	5
U+67C5	75	5
U+67C6	75	5
U+67C7	75	5
U+67C8	75	5
U+67C9	75	5
U+67CA	75	5
U+67CB	75	5
U+67CC	75	5
U+67CD	75	5
U+67CE	75	5
U+67CF	75	5
U+67D0	75	5
U+67D1	75	5
U+67D2	75	5
U+67D3	75	5
U+67D4	75	5
U+67D5	75	5
U+67D6	75	5
U+67D7	75	5
U+67D8	75	5
U+67D9	75	5
U+67DA	75	5
U+67DB	75	5
U+67DC	75	5
U+67DD	75	5
U+67DE	75	5
U+67DF	75	5
U+67E0	75	5
U+67E1	75	5
U+67E2	75	5
U+67E3	75	5
U+67E4	75	5
U+67E5	75	5
U+67E6	75	5
U+67E7	75	5
U+67E8	75	5
U+67E9	75	5
U+67EA	75	5
U+67EB	75	5
U+67EC	75	5
U+67ED	75	5
U+67EE	75	5
U+67EF	75	5
U+67F0	75	5
U+67F1	75	5
U+67F2	75	5
U+67F3	75	5
U+67F4	75	5
U+67F5	75	5
U+67F6	75	5
U+67F7	75	5
U+67F8	75	5
U+67F9	75	5
U+67FA	75	5
U+67FB	75	5
U+67FC	75	5
U+67FD	75	5
U+67FE	75	5
U+67FF	75	5
U+6800	75	5
U+6801	75	5
U+6802	75	5
U+6803	75	5
U+6804	75	5
U+6805	75	5
U+6806	75	5
U+6807	75	5
U+6808	75	5
U+6809	75	5
U+680A	75	5
U+680B	75	5
U+680C	75	5
U+680D	75	5
U+680E	75	5
U+680F	75	5
U+6810	75	5
U+6811	75	5
U+6812	75	6
U+6813	75	6
U+6814	75	6
U+6815	75	6
U+6816	75	6
U+6817	75	6
U+6818	75	6
U+6819	75	6
U+681A	75	6
U+681B	75	6
U+681C	75	6
U+681D	75	6
U+681E	75	6
U+681F	75	6
U+6820	75	6
U+6821	75	6
U+6822	75	6
U+6823	75	6
U+6824	75	6
U+6825	75	6
U+6826	75	6
U+6827	75	6
U+6828	75	6
U+6829	75	6
U+682A	75	6
U+682B	75	6
U+682C	75	6
U+682D	75	6
U+682E	75	6
U+682F	75	6
U+6830	75	6
U+6831	75	6
U+6832	75	6
U+6833	75	6
U+6834	75	6
U+6835	75	6
U+6836	75	6
U+6837	75	6
U+6838	75	6
U+6839	75	6
U+683A	75	6
U+683B	75	6
U+683C	75	6
U+683D	75	6
U+683E	75	6
U+683F	75	6
U+6840	75	6
U+6841	75	6
U+6842	75	6
U+6843	75	6
U+6844	75	6
U+6845	75	6
U+6846	75	6
U+6847	75	6
U+6848	75	6
U+6849	75	6
U+684A	75	6
U+684B	75	6
U+684C	75	6
U+684D	75	6
U+684E	75	6
U+684F	75	6
U+6850	75	6
U+6851	75	6
U+6852	75	6
U+6853	75	6
U+6854	75	6
U+6855	75	6
U+6856	75	6
U+6857	75	6
U+6858	75	6
U+6859	75	6
U+685A	75	6
U+685B	75	6
U+685C	75	6
U+685D	75	6
U+685E	75	6
U+685F	75	6
U+6860	75	6
U+6861	75	6
U+6862	75	6
U+6863	75	6
U+6864	75	6
U+6865	75	6
U+6866	75	6
U+6867	75	6
U+6868	75	6
U+6869	75	6
U+686A	75	6
U+686B	75	7
U+686C	75	7
U+686D	75	7
U+686E	75	7
U+686F	75	7
U+6870	75	7
U+6871	75	7
U+6872	75	7
U+6873	75	7
U+6874	75	7
U+6875	75	7
U+6876	75	7
U+6877	75	7
U+6878	75	7
U+6879	75	7
U+687A	75	7
U+687B	75	7
U+687C	75	7
U+687D	75	7
U+687E	75	7
U+687F	75	7
U+6880	75	7
U+6881	75	7
U+6882	75	7
U+6883	75	7
U+6884	75	7
U+6885	75	7
U+6886	75	7
U+6887	75	7
U+6888	75	7
U+6889	75	7
U+688A	75	7
U+688B	75	7
U+688C	75	7
U+688D	75	7
U+688E	75	7
U+688F	75	7
U+6890	75	7
U+6891	75	7
U+6892	75	7
U+6893	75	7
U+6894	75	7
U+6895	75	7
U+6896	75	7
U+6897	75	7
U+6898	75	7
U+6899	75	7
U+689A	75	7
U+689B	75	7
U+689C	75	7
U+689D	75	7
U+689E	75	7
U+689F	75	7
U+68A0	75	7
U+68A1	75	7
U+68A2	75	7
U+68A3	75	7
U+68A4	75	7
U+68A5	75	7
U+68A6	75	7
U+68A7	75	7
U+68A8	75	7
U+68A9	75	7
U+68AA	75	7
U+68AB	75	7
U+68AC	75	7
U+68AD	75	7
U+68AE	75	7
U+68AF	75	7
U+68B0	75	7
U+68B1	75	7
U+68B2	75	7
U+68B3	75	7
U+68B4	75	7
U+68B5	75	7
U+68B6	75	7
U+68B7	75	7
U+68B8	75	7
U+68B9	75	7
U+68BA	75	7
U+68BB	75	7
U+68BC	75	7
U+68BD	75	7
U+68BE	75	7
U+68BF	75	7
U+68C0	75	7
U+68C1	75	7
U+68C2	75	7
U+68C3	75	8
U+68C4	75	8
U+68C5	75	8
U+68C6	75	8
U+68C7	75	8
U+68C8	75	8
U+68C9	75	8
U+68CA	75	8
U+68CB	75	8
U+68CC	75	8
U+68CD	75	8
U+68CE	75	8
U+68CF	75	8
U+68D0	75	8
U+68D1	75	8
U+68D2	75	8
U+68D3	75	8
U+68D4	75	8
U+68D5	75	8
U+68D6	75	8
U+68D7	75	8
U+68D8	75	8
U+68D9	75	8
U+68DA	75	8
U+68DB	75	8
U+68DC	75	8
U+68DD	75	8
U+68DE	75	8
U+68DF	75	8
U+68E0	75	8
U+68E1	75	8
U+68E2	75	8
U+68E3	75	8
U+68E4	75	8
U+68E5	75	8
U+68E6	75	8
U+68E7	75	8
U+68E8	75	8
U+68E9	75	8
U+68EA	75	8
U+68EB	75	8
U+68EC	75	8
U+68ED	75	8
U+68EE	75	8
U+68EF	75	8
U+68F0	75	8
U+68F1	75	8
U+68F2	75	8
U+68F3	75	8
U+68F4	75	8
U+68F5	75	8
U+68F6	75	8
U+68F7	75	8
U+68F8	75	8
U+68F9	75	8
U+68FA	75	8
U+68FB	75	8
U+68FC	75	8
U+68FD	75	8
U+68FE	75	8
U+68FF	75	8
U+6900	75	8
U+6901	75	8
U+6902	75	8
U+6903	75	8
U+6904	75	8
U+6905	75	8
U+6906	75	8
U+6907	75	8
U+6908	75	8
U+6909	75	8
U+690A	75	8
U+690B	75	8
U+690C	75	8
U+690D	75	8
U+690E	75	8
U+690F	75	8
U+6910	75	8
U+6911	75	8
U+6912	75	8
U+6913	75	8
U+6914	75	8
U+6915	75	8
U+6916	75	8
U+6917	75	8
U+6918	75	8
U+6919	75	8
U+691A	75	8
U+691B	75	8
U+691C	75	8
U+691D	75	8
U+691E	75	8
U+691F	75	8
U+6920	75	8
U+6921	75	8
U+6922	75	8
U+6923	75	8
U+6924	75	8
U+6925	75	8
U+6926	75	8
U+6927	75	8
U+6928	75	8
U+6929	75	8
U+692A	75	8
U+692B	75	8
U+692C	75	8
U+692D	75	8
U+692E	75	8
U+692F	75	9
U+6930	75	9
U+6931	75	9
U+6932	75	9
U+6933	75	9
U+6934	75	9
U+6935	75	9
U+6936	75	9
U+6937	75	9
U+6938	75	9
U+6939	75	9
U+693A	75	9
U+693B	75	9
U+693C	75	9
U+693D	75	9
U+693E	75	9
U+693F	75	9
U+6940	75	9
U+6941	75	9
U+6942	75	9
U+6943	75	9
U+6944	75	9
U+6945	75	9
U+6946	75	9
U+6947	75	9
U+6948	75	9
U+6949	75	9
U+694A	75	9
U+694B	75	9
U+694C	75	9
U+694D	75	9
U+694E	75	9
U+694F	75	9
U+6950	75	9
U+6951	75	9
U+6952	75	9
U+6953	75	9
U+6954	75	9
U+6955	75	9
U+6956	75	9
U+6957	75	9
U+6958	75	9
U+6959	75	9
U+695A	75	9
U+695B	75	9
U+695C	75	9
U+695D	75	9
U+695E	75	9
U+695F	75	9
U+6960	75	9
U+6961	75	9
U+6962	75	9
U+6963	75	9
U+6964	75	9
U+6965	75	9
U+6966	75	9
U+6967	75	9
U+6968	75	9
U+6969	75	9
U+696A	75	9
U+696B	75	9
U+696C	75	9
U+696D	75	9
U+696E	75	9
U+696F	75	9
U+6970	75	9
U+6971	75	9
U+6972	75	9
U+6973	75	9
U+6974	75	9
U+6975	75	9
U+6976	75	9
U+6977	75	9
U+6978	75	9
U+6979	75	9
U+697A	75	9
U+697B	75	9
U+697C	75	9
U+697D	75	9
U+697E	75	9
U+697F	75	9
U+6980	75	9
U+6981	75	9
U+6982	75	9
U+6983	75	9
U+6984	75	9
U+6985	75	9
U+6986	75	9
U+6987	75	9
U+6988	75	9
U+6989	75	9
U+698A	75	10
U+698B	75	9
U+698C	75	9
U+698D	75	10
U+698E	75	10
U+698F	75	10
U+6990	75	10
U+6991	75	10
U+6992	75	10
U+6993	75	10
U+6994	75	9
U+6995	75	10
U+6996	75	10
U+6997	75	10
U+6998	75	9
U+6999	75	10
U+699A	75	10
U+699B	75	10
U+699C	75	10
U+699D	75	10
U+699E	75	10
U+699F	75	10
U+69A0	75	10
U+69A1	75	10
U+69A2	75	10
U+69A3	75	10
U+69A4	75	10
U+69A5	75	10
U+69A6	75	10
U+69A7	75	10
U+69A8	75	10
U+69A9	75	10
U+69AA	75	10
U+69AB	75	10
U+69AC	75	10
U+69AD	75	10
U+69AE	75	10
U+69AF	75	10
U+69B0	75	10
U+69B1	75	10
U+69B2	75	10
U+69B3	75	10
U+69B4	75	10
U+69B5	75	10
U+69B6	75	10
U+69B7	75	10
U+69B8	75	10
U+69B9	75	10
U+69BA	75	10
U+69BB	75	10
U+69BC	75	10
U+69BD	75	10
U+69BE	75	10
U+69BF	75	10
U+69C0	75	10
U+69C1	75	10
U+69C2	75	10
U+69C3	75	10
U+69C4	75	10
U+69C5	75	10
U+69C6	75	10
U+69C7	75	10
U+69C8	75	10
U+69C9	75	10
U+69CA	75	10
U+69CB	75	10
U+69CC	75	10
U+69CD	75	10
U+69CE	75	10
U+69CF	75	10
U+69D0	75	10
U+69D1	75	10
U+69D2	75	10
U+69D3	75	10
U+69D4	75	10
U+69D5	75	10
U+69D6	75	10
U+69D7	75	10
U+69D8	75	10
U+69D9	75	10
U+69DA	75	10
U+69DB	75	10
U+69DC	75	10
U+69DD	75	10
U+69DE	75	10
U+69DF	75	10
U+69E0	75	10
U+69E1	75	10
U+69E2	75	11
U+69E3	75	11
U+69E4	75	11
U+69E5	75	11
U+69E6	75	11
U+69E7	75	11
U+69E8	75	11
U+69E9	75	10
U+69EA	75	11
U+69EB	75	11
U+69EC	75	11
U+69ED	75	11
U+69EE	75	11
U+69EF	75	11
U+69F0	75	11
U+69F1	75	11
U+69F2	75	11
U+69F3	75	11
U+69F4	75	11
U+69F5	75	11
U+69F6	75	11
U+69F7	75	11
U+69F8	75	11
U+69F9	75	11
U+69FA	75	11
U+69FB	75	11
U+69FC	75	11
U+69FD	75	11
U+69FE	75	11
U+69FF	75	11
U+6A00	75	11
U+6A01	75	11
U+6A02	75	11
U+6A03	75	11
U+6A04	75	11
U+6A05	75	11
U+6A06	75	11
U+6A07	75	11
U+6A08	75	11
U+6A09	75	11
U+6A0A	75	11
U+6A0B	75	11
U+6A0C	75	11
U+6A0D	75	11
U+6A0E	75	11
U+6A0F	75	11
U+6A10	75	11
U+6A11	75	11
U+6A12	75	11
U+6A13	75	11
U+6A14	75	11
U+6A15	75	11
U+6A16	75	11
U+6A17	75	11
U+6A18	75	11
U+6A19	75	11
U+6A1A	75	11
U+6A1B	75	11
U+6A1C	75	11
U+6A1D	75	11
U+6A1E	75	11
U+6A1F	75	11
U+6A20	75	11
U+6A21	75	11
U+6A22	75	11
U+6A23	75	11
U+6A24	75	11
U+6A25	75	11
U+6A26	75	11
U+6A27	75	11
U+6A28	75	11
U+6A29	75	11
U+6A2A	75	11
U+6A2B	75	11
U+6A2C	75	11
U+6A2D	75	11
U+6A2E	75	10
U+6A2F	75	11
U+6A30	75	11
U+6A31	75	11
U+6A32	75	12
U+6A33	75	12
U+6A34	75	12
U+6A35	75	12
U+6A36	75	12
U+6A37	75	12
U+6A38	75	12
U+6A39	75	12
U+6A3A	75	12
U+6A3B	75	12
U+6A3C	75	12
U+6A3D	75	12
U+6A3E	75	12
U+6A3F	75	12
U+6A40	75	12
U+6A41	75	12
U+6A42	75	12
U+6A43	75	12
U+6A44	75	12
U+6A45	75	12
U+6A46	75	12
U+6A47	75	12
U+6A48	75	12
U+6A49	75	12
U+6A4A	75	12
U+6A4B	75	12
U+6A4C	75	12
U+6A4D	75	12
U+6A4E	75	12
U+6A4F	75	12
U+6A50	75	12
U+6A51	75	12
U+6A52	75	12
U+6A53	75	12
U+6A54	75	12
U+6A55	75	12
U+6A56	75	12
U+6A57	75	12
U+6A58	75	12
U+6A59	75	12
U+6A5A	75	12
U+6A5B	75	12
U+6A5C	75	12
U+6A5D	75	12
U+6A5E	75	12
U+6A5F	75	12
U+6A60	75	12
U+6A61	75	12
U+6A62	75	12
U+6A63	75	12
U+6A64	75	12
U+6A65	75	11
U+6A66	75	12
U+6A67	75	12
U+6A68	75	12
U+6A69	75	12
U+6A6A	75	12
U+6A6B	75	12
U+6A6C	75	12
U+6A6D	75	12
U+6A6E	75	12
U+6A6F	75	12
U+6A70	75	12
U+6A71	75	12
U+6A72	75	12
U+6A73	75	12
U+6A74	75	11
U+6A75	75	12
U+6A76	75	12
U+6A77	75	12
U+6A78	75	12
U+6A79	75	12
U+6A7A	75	12
U+6A7B	75	12
U+6A7C	75	12
U+6A7D	75	13
U+6A7E	75	13
U+6A7F	75	13
U+6A80	75	13
U+6A81	75	13
U+6A82	75	13
U+6A83	75	13
U+6A84	75	13
U+6A85	75	13
U+6A86	75	13
U+6A87	75	13
U+6A88	75	13
U+6A89	75	13
U+6A8A	75	13
U+6A8B	75	13
U+6A8C	75	13
U+6A8D	75	13
U+6A8E	75	13
U+6A8F	75	13
U+6A90	75	13
U+6A91	75	13
U+6A92	75	13
U+6A93	75	13
U+6A94	75	13
U+6A95	75	13
U+6A96	75	13
U+6A97	75	13
U+6A98	75	13
U+6A99	75	13
U+6A9A	75	13
U+6A9B	75	13
U+6A9C	75	13
U+6A9D	75	13
U+6A9E	75	13
U+6A9F	75	13
U+6AA0	75	13
U+6AA1	75	13
U+6AA2	75	13
U+6AA3	75	13
U+6AA4	75	13
U+6AA5	75	13
U+6AA6	75	13
U+6AA7	75	13
U+6AA8	75	13
U+6AA9	75	13
U+6AAA	75	13
U+6AAB	75	14
U+6AAC	75	14
U+6AAD	75	14
U+6AAE	75	14
U+6AAF	75	14
U+6AB0	75	14
U+6AB1	75	14
U+6AB2	75	14
U+6AB3	75	14
U+6AB4	75	14
U+6AB5	75	14
U+6AB6	75	14
U+6AB7	75	14
U+6AB8	75	14
U+6AB9	75	14
U+6ABA	75	14
U+6ABB	75	14
U+6ABC	75	14
U+6ABD	75	14
U+6ABE	75	14
U+6ABF	75	14
U+6AC0	75	14
U+6AC1	75	14
U+6AC2	75	14
U+6AC3	75	14
U+6AC4	75	14
U+6AC5	75	14
U+6AC6	75	14
U+6AC7	75	14
U+6AC8	75	14
U+6AC9	75	14
U+6ACA	75	14
U+6ACB	75	15
U+6ACC	75	15
U+6ACD	75	15
U+6ACE	75	15
U+6ACF	75	15
U+6AD0	75	15
U+6AD1	75	15
U+6AD2	75	15
U+6AD3	75	15
U+6AD4	75	15
U+6AD5	75	15
U+6AD6	75	15
U+6AD7	75	15
U+6AD8	75	15
U+6AD9	75	15
U+6ADA	75	15
U+6ADB	75	15
U+6ADC	75	15
U+6ADD	75	15
U+6ADE	75	15
U+6ADF	75	15
U+6AE0	75	15
U+6AE1	75	15
U+6AE2	75	15
U+6AE3	75	15
U+6AE4	75	15
U+6AE5	75	15
U+6AE6	75	15
U+6AE7	75	16
U+6AE8	75	16
U+6AE9	75	16
U+6AEA	75	16
U+6AEB	75	15
U+6AEC	75	16
U+6AED	75	15
U+6AEE	75	16
U+6AEF	75	16
U+6AF0	75	16
U+6AF1	75	16
U+6AF2	75	16
U+6AF3	75	16
U+6AF4	75	16
U+6AF5	75	16
U+6AF6	75	16
U+6AF7	75	18
U+6AF8	75	17
U+6AF9	75	17
U+6AFA	75	17
U+6AFB	75	17
U+6AFC	75	17
U+6AFD	75	17
U+6AFE	75	17
U+6AFF	75	17
U+6B00	75	17
U+6B01	75	17
U+6B02	75	17
U+6B03	75	17
U+6B04	75	17
U+6B05	75	17
U+6B06	75	18
U+6B07	75	18
U+6B08	75	18
U+6B09	75	18
U+6B0A	75	18
U+6B0B	75	18
U+6B0C	75	17
U+6B0D	75	18
U+6B0E	75	18
U+6B0F	75	19
U+6B10	75	19
U+6B11	75	19
U+6B12	75	19
U+6B13	75	20
U+6B14	75	20
U+6B15	75	20
U+6B16	75	21
U+6B17	75	21
U+6B18	75	21
U+6B19	75	21
U+6B1A	75	21
U+6B1B	75	21
U+6B1C	75	22
U+6B1D	75	22
U+6B1E	75	24
U+6B1F	75	24
U+6B20	76	0
U+6B21	76	2
U+6B22	76	2
U+6B23	76	4
U+6B24	76	3
U+6B25	76	4
U+6B26	76	4
U+6B27	76	4
U+6B28	76	5
U+6B29	76	5
U+6B2A	76	5
U+6B2B	76	6
U+6B2C	76	6
U+6B2D	76	6
U+6B2E	76	6
U+6B2F	76	6
U+6B30	76	6
U+6B31	76	6
U+6B32	76	7
U+6B33	76	7
U+6B34	76	7
U+6B35	76	7
U+6B36	76	7
U+6B37	76	7
U+6B38	76	7
U+6B39	76	8
U+6B3A	76	8
U+6B3B	76	8
U+6B3C	76	8
U+6B3D	76	8
U+6B3E	76	8
U+6B3F	76	8
U+6B40	76	9
U+6B41	76	9
U+6B42	76	9
U+6B43	76	9
U+6B44	76	9
U+6B45	76	9
U+6B46	76	9
U+6B47	76	9
U+6B48	76	9
U+6B49	76	10
U+6B4A	76	10
U+6B4B	76	10
U+6B4C	76	10
U+6B4D	76	10
U+6B4E	76	11
U+6B4F	76	11
U+6B50	76	11
U+6B51	76	11
U+6B52	76	11
U+6B53	76	11
U+6B54	76	12
U+6B55	76	12
U+6B56	76	12
U+6B57	76	12
U+6B58	76	12
U+6B59	76	12
U+6B5A	76	12
U+6B5B	76	13
U+6B5C	76	13
U+6B5D	76	13
U+6B5E	76	14
U+6B5F	76	14
U+6B60	76	15
U+6B61	76	18
U+6B62	77	0
U+6B63	77	1
U+6B64	77	2
U+6B65	77	3
U+6B66	77	4
U+6B67	77	4
U+6B68	77	4
U+6B69	77	4
U+6B6A	77	5
U+6B6B	77	5
U+6B6C	77	6
U+6B6D	77	6
U+6B6E	77	8
U+6B6F	77	8
U+6B70	77	9
U+6B71	77	9
U+6B72	77	9
U+6B73	77	9
U+6B74	77	10
U+6B75	77	11
U+6B76	77	11
U+6B77	77	12
U+6B78	77	14
U+6B79	78	0
U+6B7A	78	1
U+6B7B	78	2
U+6B7C	78	3
U+6B7D	78	4
U+6B7E	78	4
U+6B7F	78	4
U+6B80	78	4
U+6B81	78	4
U+6B82	78	5
U+6B83	78	5
U+6B84	78	5
U+6B85	78	5
U+6B86	78	5
U+6B87	78	5
U+6B88	78	6
U+6B89	78	6
U+6B8A	78	6
U+6B8B	78	6
U+6B8C	78	7
U+6B8D	78	7
U+6B8E	78	7
U+6B8F	78	7
U+6B90	78	7
U+6B91	78	7
U+6B92	78	7
U+6B93	78	7
U+6B94	78	8
U+6B95	78	8
U+6B96	78	8
U+6B97	78	8
U+6B98	78	8
U+6B99	78	8
U+6B9A	78	8
U+6B9B	78	9
U+6B9C	78	9
U+6B9D	78	10
U+6B9E	78	10
U+6B9F	78	10
U+6BA0	78	10
U+6BA1	78	10
U+6BA2	78	11
U+6BA3	78	11
U+6BA4	78	11
U+6BA5	78	11
U+6BA6	78	11
U+6BA7	78	12
U+6BA8	78	12
U+6BA9	78	12
U+6BAA	78	12
U+6BAB	78	12
U+6BAC	78	13
U+6BAD	78	13
U+6BAE	78	13
U+6BAF	78	14
U+6BB0	78	15
U+6BB1	78	15
U+6BB2	78	17
U+6BB3	79	0
U+6BB4	79	4
U+6BB5	79	5
U+6BB6	79	5
U+6BB7	79	6
U+6BB8	79	7
U+6BB9	79	7
U+6BBA	79	7
U+6BBB	79	7
U+6BBC	79	8
U+6BBD	79	8
U+6BBE	79	9
U+6BBF	79	9
U+6BC0	79	9
U+6BC1	79	9
U+6BC2	79	9
U+6BC3	79	10
U+6BC4	79	10
U+6BC5	79	11
U+6BC6	79	11
U+6BC7	79	12
U+6BC8	79	12
U+6BC9	79	15
U+6BCA	79	19
U+6BCB	80	0
U+6BCC	80	0
U+6BCD	80	1
U+6BCE	80	2
U+6BCF	80	3
U+6BD0	80	3
U+6BD1	80	4
U+6BD2	80	4
U+6BD3	80	9
U+6BD4	81	0
U+6BD5	81	2
U+6BD6	81	5
U+6BD7	81	5
U+6BD8	81	5
U+6BD9	81	6
U+6BDA	81	13
U+6BDB	82	0
U+6BDC	82	3
U+6BDD	82	3
U+6BDE	82	4
U+6BDF	82	4
U+6BE0	82	5
U+6BE1	82	5
U+6BE2	82	6
U+6BE3	82	6
U+6BE4	82	6
U+6BE5	82	6
U+6BE6	82	6
U+6BE7	82	6
U+6BE8	82	6
U+6BE9	82	6
U+6BEA	82	6
U+6BEB	82	7
U+6BEC	82	7
U+6BED	82	7
U+6BEE	82	7
U+6BEF	82	8
U+6BF0	82	8
U+6BF1	82	8
U+6BF2	82	8
U+6BF3	82	8
U+6BF4	82	8
U+6BF5	82	8
U+6BF6	82	8
U+6BF7	82	9
U+6BF8	82	9
U+6BF9	82	9
U+6BFA	82	9
U+6BFB	82	9
U+6BFC	82	9
U+6BFD	82	9
U+6BFE	82	10
U+6BFF	82	11
U+6C00	82	11
U+6C01	82	11
U+6C02	82	11
U+6C03	82	12
U+6C04	82	12
U+6C05	82	12
U+6C06	82	12
U+6C07	82	12
U+6C08	82	13
U+6C09	82	13
U+6C0A	82	13
U+6C0B	82	14
U+6C0C	82	15
U+6C0D	82	18
U+6C0E	82	22
U+6C0F	83	0
U+6C10	83	1
U+6C11	83	1
U+6C12	83	2
U+6C13	83	4
U+6C14	84	0
U+6C15	84	1
U+6C16	84	2
U+6C17	84	2
U+6C18	84	2
U+6C19	84	3
U+6C1A	84	3
U+6C1B	84	4
U+6C1C	84	4
U+6C1D	84	4
U+6C1E	84	5
U+6C1F	84	5
U+6C20	84	5
U+6C21	84	5
U+6C22	84	5
U+6C23	84	6
U+6C24	84	6
U+6C25	84	6
U+6C26	84	6
U+6C27	84	6
U+6C28	84	6
U+6C29	84	6
U+6C2A	84	7
U+6C2B	84	7
U+6C2C	84	8
U+6C2D	84	8
U+6C2E	84	8
U+6C2F	84	8
U+6C30	84	8
U+6C31	84	9
U+6C32	84	10
U+6C33	84	10
U+6C34	85	0
U+6C35	85	0
U+6C36	85	1
U+6C37	85	1
U+6C38	85	1
U+6C39	85	1
U+6C3A	85	0
U+6C3B	85	2
U+6C3C	85	2
U+6C3D	11	4
U+6C3E	85	2
U+6C3F	85	2
U+6C40	85	2
U+6C41	85	2
U+6C42	85	2
U+6C43	85	2
U+6C44	85	2
U+6C45	85	2
U+6C46	85	2
U+6C47	85	2
U+6C48	85	2
U+6C49	85	2
U+6C4A	85	3
U+6C4B	85	3
U+6C4C	85	3
U+6C4D	85	3
U+6C4E	85	3
U+6C4F	85	3
U+6C50	85	3
U+6C51	85	3
U+6C52	85	3
U+6C53	85	3
U+6C54	85	3
U+6C55	85	3
U+6C56	85	3
U+6C57	85	3
U+6C58	85	3
U+6C59	85	3
U+6C5A	85	3
U+6C5B	85	3
U+6C5C	85	3
U+6C5D	85	3
U+6C5E	85	3
U+6C5F	85	3
U+6C60	85	3
U+6C61	85	3
U+6C62	85	3
U+6C63	85	3
U+6C64	85	3
U+6C65	85	4
U+6C66	85	4
U+6C67	85	4
U+6C68	85	4
U+6C69	85	4
U+6C6A	85	4
U+6C6B	85	4
U+6C6C	85	4
U+6C6D	85	4
U+6C6E	85	4
U+6C6F	85	4
U+6C70	85	4
U+6C71	85	4
U+6C72	85	4
U+6C73	85	4
U+6C74	85	4
U+6C75	85	4
U+6C76	85	4
U+6C77	85	3
U+6C78	85	4
U+6C79	85	4
U+6C7A	85	4
U+6C7B	85	4
U+6C7C	85	4
U+6C7D	85	4
U+6C7E	85	4
U+6C7F	85	4
U+6C80	85	4
U+6C81	85	4
U+6C82	85	4
U+6C83	85	4
U+6C84	85	4
U+6C85	85	4
U+6C86	85	4
U+6C87	85	4
U+6C88	85	4
U+6C89	85	4
U+6C8A	85	4
U+6C8B	85	4
U+6C8C	85	4
U+6C8D	85	4
U+6C8E	85	4
U+6C8F	85	4
U+6C90	85	4
U+6C91	85	4
U+6C92	85	4
U+6C93	85	4
U+6C94	85	4
U+6C95	85	4
U+6C96	85	4
U+6C97	85	4
U+6C98	85	4
U+6C99	85	4
U+6C9A	85	4
U+6C9B	85	4
U+6C9C	85	4
U+6C9D	85	4
U+6C9E	85	4
U+6C9F	85	4
U+6CA0	85	4
U+6CA1	85	4
U+6CA2	85	4
U+6CA3	85	4
U+6CA4	85	4
U+6CA5	85	4
U+6CA6	85	4
U+6CA7	85	4
U+6CA8	85	4
U+6CA9	85	4
U+6CAA	85	4
U+6CAB	85	5
U+6CAC	85	5
U+6CAD	85	5
U+6CAE	85	5
U+6CAF	85	5
U+6CB0	85	5
U+6CB1	85	5
U+6CB2	85	5
U+6CB3	85	5
U+6CB4	85	5
U+6CB5	85	5
U+6CB6	85	5
U+6CB7	85	5
U+6CB8	85	5
U+6CB9	85	5
U+6CBA	85	5
U+6CBB	85	5
U+6CBC	85	5
U+6CBD	85	5
U+6CBE	85	5
U+6CBF	85	5
U+6CC0	85	5
U+6CC1	85	5
U+6CC2	85	5
U+6CC3	85	5
U+6CC4	85	5
U+6CC5	85	5
U+6CC6	85	5
U+6CC7	85	5
U+6CC8	85	5
U+6CC9	85	5
U+6CCA	85	5
U+6CCB	85	5
U+6CCC	85	5
U+6CCD	85	5
U+6CCE	85	5
U+6CCF	85	5
U+6CD0	85	5
U+6CD1	85	5
U+6CD2	85	5
U+6CD3	85	5
U+6CD4	85	5
U+6CD5	85	5
U+6CD6	85	5
U+6CD7	85	5
U+6CD8	85	5
U+6CD9	85	5
U+6CDA	85	6
U+6CDB	85	5
U+6CDC	85	5
U+6CDD	85	5
U+6CDE	85	5
U+6CDF	85	5
U+6CE0	85	5
U+6CE1	85	5
U+6CE2	85	5
U+6CE3	85	5
U+6CE4	85	5
U+6CE5	85	5
U+6CE6	85	5
U+6CE7	85	5
U+6CE8	85	5
U+6CE9	85	5
U+6CEA	85	5
U+6CEB	85	5
U+6CEC	85	5
U+6CED	85	5
U+6CEE	85	5
U+6CEF	85	5
U+6CF0	85	5
U+6CF1	85	5
U+6CF2	85	5
U+6CF3	85	5
U+6CF4	85	5
U+6CF5	112	4
U+6CF6	85	5
U+6CF7	85	5
U+6CF8	85	5
U+6CF9	85	5
U+6CFA	85	5
U+6CFB	85	5
U+6CFC	85	5
U+6CFD	85	5
U+6CFE	85	5
U+6CFF	85	6
U+6D00	85	6
U+6D01	85	6
U+6D02	85	6
U+6D03	85	6
U+6D04	85	6
U+6D05	85	6
U+6D06	85	6
U+6D07	85	6
U+6D08	85	6
U+6D09	85	6
U+6D0A	85	6
U+6D0B	85	6
U+6D0C	85	6
U+6D0D	85	7
U+6D0E	85	6
U+6D0F	85	6
U+6D10	85	6
U+6D11	85	6
U+6D12	85	6
U+6D13	85	6
U+6D14	85	6
U+6D15	85	6
U+6D16	85	7
U+6D17	85	6
U+6D18	85	6
U+6D19	85	6
U+6D1A	85	6
U+6D1B	85	6
U+6D1C	85	6
U+6D1D	85	6
U+6D1E	85	6
U+6D1F	85	6
U+6D20	85	6
U+6D21	85	6
U+6D22	85	6
U+6D23	85	6
U+6D24	85	6
U+6D25	85	6
U+6D26	85	6
U+6D27	85	6
U+6D28	85	6
U+6D29	85	6
U+6D2A	85	6
U+6D2B	85	6
U+6D2C	85	6
U+6D2D	85	6
U+6D2E	85	6
U+6D2F	85	6
U+6D30	85	6
U+6D31	85	6
U+6D32	85	6
U+6D33	85	6
U+6D34	85	6
U+6D35	85	6
U+6D36	85	6
U+6D37	85	6
U+6D38	85	6
U+6D39	85	6
U+6D3A	85	6
U+6D3B	85	6
U+6D3C	85	6
U+6D3D	85	6
U+6D3E	85	6
U+6D3F	85	6
U+6D40	85	6
U+6D41	85	6
U+6D42	85	6
U+6D43	85	6
U+6D44	85	6
U+6D45	85	6
U+6D46	85	6
U+6D47	85	6
U+6D48	85	6
U+6D49	85	6
U+6D4A	85	6
U+6D4B	85	6
U+6D4C	85	6
U+6D4D	85	6
U+6D4E	85	6
U+6D4F	85	6
U+6D50	85	6
U+6D51	85	6
U+6D52	85	6
U+6D53	85	6
U+6D54	85	6
U+6D55	85	6
U+6D56	85	7
U+6D57	85	7
U+6D58	85	7
U+6D59	85	7
U+6D5A	85	7
U+6D5B	85	7
U+6D5C	85	7
U+6D5D	85	7
U+6D5E	85	7
U+6D5F	85	7
U+6D60	85	7
U+6D61	85	7
U+6D62	85	7
U+6D63	85	7
U+6D64	85	7
U+6D65	85	7
U+6D66	85	7
U+6D67	85	7
U+6D68	85	7
U+6D69	85	7
U+6D6A	85	7
U+6D6B	85	7
U+6D6C	85	7
U+6D6D	85	7
U+6D6E	85	7
U+6D6F	85	7
U+6D70	85	7
U+6D71	85	7
U+6D72	85	7
U+6D73	85	7
U+6D74	85	7
U+6D75	85	7
U+6D76	85	7
U+6D77	85	7
U+6D78	85	7
U+6D79	85	7
U+6D7A	85	7
U+6D7B	85	7
U+6D7C	85	7
U+6D7D	85	7
U+6D7E	85	7
U+6D7F	85	7
U+6D80	85	7
U+6D81	85	7
U+6D82	85	7
U+6D83	85	7
U+6D84	85	7
U+6D85	85	7
U+6D86	85	7
U+6D87	85	7
U+6D88	85	7
U+6D89	85	7
U+6D8A	85	7
U+6D8B	85	7
U+6D8C	85	7
U+6D8D	85	7
U+6D8E	85	7
U+6D8F	85	7
U+6D90	85	7
U+6D91	85	7
U+6D92	85	7
U+6D93	85	7
U+6D94	85	7
U+6D95	85	7
U+6D96	85	7
U+6D97	85	7
U+6D98	85	7
U+6D99	85	8
U+6D9A	85	7
U+6D9B	85	7
U+6D9C	85	7
U+6D9D	85	7
U+6D9E	85	7
U+6D9F	85	7
U+6DA0	85	7
U+6DA1	85	7
U+6DA2	85	7
U+6DA3	85	7
U+6DA4	85	7
U+6DA5	85	7
U+6DA6	85	7
U+6DA7	85	7
U+6DA8	85	7
U+6DA9	85	7
U+6DAA	85	8
U+6DAB	85	8
U+6DAC	85	8
U+6DAD	85	8
U+6DAE	85	8
U+6DAF	85	8
U+6DB0	85	8
U+6DB1	85	8
U+6DB2	85	8
U+6DB3	85	8
U+6DB4	85	8
U+6DB5	85	8
U+6DB6	85	8
U+6DB7	85	8
U+6DB8	85	8
U+6DB9	85	8
U+6DBA	85	8
U+6DBB	85	8
U+6DBC	85	8
U+6DBD	85	8
U+6DBE	85	8
U+6DBF	85	8
U+6DC0	85	8
U+6DC1	85	8
U+6DC2	85	8
U+6DC3	85	8
U+6DC4	85	8
U+6DC5	85	8
U+6DC6	85	8
U+6DC7	85	8
U+6DC8	85	8
U+6DC9	85	8
U+6DCA	85	8
U+6DCB	85	8
U+6DCC	85	8
U+6DCD	85	8
U+6DCE	85	8
U+6DCF	85	8
U+6DD0	85	8
U+6DD1	85	8
U+6DD2	85	8
U+6DD3	85	8
U+6DD4	85	8
U+6DD5	85	8
U+6DD6	85	8
U+6DD7	85	8
U+6DD8	85	8
U+6DD9	85	8
U+6DDA	85	8
U+6DDB	85	8
U+6DDC	85	8
U+6DDD	85	8
U+6DDE	85	8
U+6DDF	85	8
U+6DE0	85	8
U+6DE1	85	8
U+6DE2	85	8
U+6DE3	85	8
U+6DE4	85	8
U+6DE5	85	8
U+6DE6	85	8
U+6DE7	85	8
U+6DE8	85	8
U+6DE9	85	8
U+6DEA	85	8
U+6DEB	85	8
U+6DEC	85	8
U+6DED	85	8
U+6DEE	85	8
U+6DEF	85	8
U+6DF0	85	8
U+6DF1	85	8
U+6DF2	85	8
U+6DF3	85	8
U+6DF4	85	8
U+6DF5	85	8
U+6DF6	85	8
U+6DF7	85	8
U+6DF8	85	8
U+6DF9	85	8
U+6DFA	85	8
U+6DFB	85	8
U+6DFC	85	8
U+6DFD	85	8
U+6DFE	85	8
U+6DFF	85	8
U+6E00	85	8
U+6E01	85	8
U+6E02	85	8
U+6E03	85	9
U+6E04	85	8
U+6E05	85	8
U+6E06	85	8
U+6E07	85	8
U+6E08	85	8
U+6E09	85	8
U+6E0A	85	8
U+6E0B	85	8
U+6E0C	85	8
U+6E0D	85	8
U+6E0E	85	8
U+6E0F	85	8
U+6E10	85	8
U+6E11	85	8
U+6E12	85	8
U+6E13	85	8
U+6E14	85	8
U+6E15	85	8
U+6E16	85	8
U+6E17	85	8
U+6E18	85	9
U+6E19	85	9
U+6E1A	85	8
U+6E1B	85	9
U+6E1C	85	9
U+6E1D	85	9
U+6E1E	85	9
U+6E1F	85	9
U+6E20	85	9
U+6E21	85	9
U+6E22	85	9
U+6E23	85	9
U+6E24	85	9
U+6E25	85	9
U+6E26	85	9
U+6E27	85	9
U+6E28	85	9
U+6E29	85	9
U+6E2A	85	9
U+6E2B	85	9
U+6E2C	85	9
U+6E2D	85	9
U+6E2E	85	9
U+6E2F	85	9
U+6E30	85	9
U+6E31	85	9
U+6E32	85	9
U+6E33	85	9
U+6E34	85	9
U+6E35	85	9
U+6E36	85	9
U+6E37	85	9
U+6E38	85	9
U+6E39	85	9
U+6E3A	85	9
U+6E3B	85	9
U+6E3C	85	9
U+6E3D	85	9
U+6E3E	85	9
U+6E3F	85	9
U+6E40	85	9
U+6E41	85	9
U+6E42	85	9
U+6E43	85	9
U+6E44	85	9
U+6E45	85	9
U+6E46	85	9
U+6E47	85	9
U+6E48	85	9
U+6E49	85	9
U+6E4A	85	9
U+6E4B	85	9
U+6E4C	85	9
U+6E4D	85	9
U+6E4E	85	9
U+6E4F	85	9
U+6E50	85	9
U+6E51	85	9
U+6E52	85	9
U+6E53	85	9
U+6E54	85	9
U+6E55	85	9
U+6E56	85	9
U+6E57	85	9
U+6E58	85	9
U+6E59	85	9
U+6E5A	85	9
U+6E5B	85	9
U+6E5C	85	9
U+6E5D	85	9
U+6E5E	85	9
U+6E5F	85	9
U+6E60	85	9
U+6E61	85	9
U+6E62	85	9
U+6E63	85	9
U+6E64	85	9
U+6E65	85	9
U+6E66	85	9
U+6E67	85	9
U+6E68	85	9
U+6E69	85	9
U+6E6A	85	9
U+6E6B	85	9
U+6E6C	85	9
U+6E6D	85	9
U+6E6E	85	9
U+6E6F	85	9
U+6E70	85	9
U+6E71	85	9
U+6E72	85	9
U+6E73	85	9
U+6E74	85	8
U+6E75	85	9
U+6E76	85	9
U+6E77	85	9
U+6E78	85	9
U+6E79	85	9
U+6E7A	85	9
U+6E7B	85	9
U+6E7C	85	9
U+6E7D	85	9
U+6E7E	85	9
U+6E7F	85	9
U+6E80	85	9
U+6E81	85	10
U+6E82	85	9
U+6E83	85	9
U+6E84	85	9
U+6E85	85	9
U+6E86	85	9
U+6E87	85	9
U+6E88	85	9
U+6E89	85	9
U+6E8A	85	9
U+6E8B	85	9
U+6E8C	85	9
U+6E8D	85	10
U+6E8E	85	10
U+6E8F	85	10
U+6E90	85	10
U+6E91	85	10
U+6E92	85	10
U+6E93	85	10
U+6E94	85	10
U+6E95	85	10
U+6E96	85	10
U+6E97	85	10
U+6E98	85	10
U+6E99	85	10
U+6E9A	85	10
U+6E9B	85	10
U+6E9C	85	10
U+6E9D	85	10
U+6E9E	85	10
U+6E9F	85	10
U+6EA0	85	10
U+6EA1	85	10
U+6EA2	85	10
U+6EA3	85	10
U+6EA4	85	10
U+6EA5	85	10
U+6EA6	85	10
U+6EA7	85	10
U+6EA8	85	10
U+6EA9	85	10
U+6EAA	85	10
U+6EAB	85	10
U+6EAC	85	10
U+6EAD	85	10
U+6EAE	85	10
U+6EAF	85	10
U+6EB0	85	10
U+6EB1	85	10
U+6EB2	85	10
U+6EB3	85	10
U+6EB4	85	10
U+6EB5	85	10
U+6EB6	85	10
U+6EB7	85	10
U+6EB8	85	10
U+6EB9	85	10
U+6EBA	85	10
U+6EBB	85	10
U+6EBC	85	10
U+6EBD	85	10
U+6EBE	85	10
U+6EBF	85	10
U+6EC0	85	10
U+6EC1	85	10
U+6EC2	85	10
U+6EC3	85	10
U+6EC4	85	10
U+6EC5	85	10
U+6EC6	85	10
U+6EC7	85	10
U+6EC8	85	10
U+6EC9	85	10
U+6ECA	85	10
U+6ECB	85	9
U+6ECC	85	11
U+6ECD	85	10
U+6ECE	85	10
U+6ECF	85	10
U+6ED0	85	10
U+6ED1	85	10
U+6ED2	85	10
U+6ED3	85	10
U+6ED4	85	10
U+6ED5	85	10
U+6ED6	85	10
U+6ED7	85	10
U+6ED8	85	10
U+6ED9	85	10
U+6EDA	85	11
U+6EDB	85	10
U+6EDC	85	10
U+6EDD	85	10
U+6EDE	85	9
U+6EDF	85	10
U+6EE0	85	10
U+6EE1	85	10
U+6EE2	85	10
U+6EE3	85	10
U+6EE4	85	10
U+6EE5	85	10
U+6EE6	85	10
U+6EE7	85	10
U+6EE8	85	10
U+6EE9	85	10
U+6EEA	85	10
U+6EEB	85	11
U+6EEC	85	11
U+6EED	85	11
U+6EEE	85	11
U+6EEF	85	11
U+6EF0	85	11
U+6EF1	85	11
U+6EF2	85	11
U+6EF3	85	11
U+6EF4	85	11
U+6EF5	85	11
U+6EF6	85	11
U+6EF7	85	11
U+6EF8	85	11
U+6EF9	85	11
U+6EFA	85	11
U+6EFB	85	11
U+6EFC	85	11
U+6EFD	85	11
U+6EFE	85	11
U+6EFF	85	11
U+6F00	85	11
U+6F01	85	11
U+6F02	85	11
U+6F03	85	11
U+6F04	85	11
U+6F05	85	11
U+6F06	85	11
U+6F07	85	11
U+6F08	85	11
U+6F09	85	11
U+6F0A	85	11
U+6F0B	85	12
U+6F0C	85	11
U+6F0D	85	11
U+6F0E	85	11
U+6F0F	85	11
U+6F10	85	11
U+6F11	85	11
U+6F12	85	11
U+6F13	85	10
U+6F14	85	11
U+6F15	85	11
U+6F16	85	11
U+6F17	85	11
U+6F18	85	11
U+6F19	85	11
U+6F1A	85	11
U+6F1B	85	11
U+6F1C	85	11
U+6F1D	85	11
U+6F1E	85	11
U+6F1F	85	11
U+6F20	85	11
U+6F21	85	11
U+6F22	85	11
U+6F23	85	11
U+6F24	85	11
U+6F25	85	11
U+6F26	85	11
U+6F27	85	11
U+6F28	85	11
U+6F29	85	11
U+6F2A	85	11
U+6F2B	85	11
U+6F2C	85	11
U+6F2D	85	11
U+6F2E	85	11
U+6F2F	85	11
U+6F30	85	11
U+6F31	85	11
U+6F32	85	11
U+6F33	85	11
U+6F34	85	11
U+6F35	85	11
U+6F36	85	11
U+6F37	85	11
U+6F38	85	11
U+6F39	85	11
U+6F3A	85	11
U+6F3B	85	11
U+6F3C	85	11
U+6F3D	85	12
U+6F3E	85	11
U+6F3F	85	11
U+6F40	85	11
U+6F41	85	11
U+6F42	85	11
U+6F43	85	11
U+6F44	85	11
U+6F45	85	11
U+6F46	85	11
U+6F47	85	11
U+6F48	85	11
U+6F49	85	11
U+6F4A	85	11
U+6F4B	85	11
U+6F4C	85	11
U+6F4D	85	11
U+6F4E	85	12
U+6F4F	85	12
U+6F50	85	12
U+6F51	85	12
U+6F52	85	12
U+6F53	85	12
U+6F54	85	12
U+6F55	85	12
U+6F56	85	12
U+6F57	85	12
U+6F58	85	12
U+6F59	85	12
U+6F5A	85	12
U+6F5B	85	12
U+6F5C	85	12
U+6F5D	85	12
U+6F5E	85	12
U+6F5F	85	12
U+6F60	85	12
U+6F61	85	12
U+6F62	85	12
U+6F63	85	12
U+6F64	85	12
U+6F65	85	12
U+6F66	85	12
U+6F67	85	12
U+6F68	85	12
U+6F69	85	12
U+6F6A	85	12
U+6F6B	85	12
U+6F6C	85	12
U+6F6D	85	12
U+6F6E	85	12
U+6F6F	85	12
U+6F70	85	12
U+6F71	85	12
U+6F72	85	12
U+6F73	85	12
U+6F74	85	12
U+6F75	85	12
U+6F76	85	12
U+6F77	85	12
U+6F78	85	12
U+6F79	85	12
U+6F7A	85	12
U+6F7B	85	12
U+6F7C	85	12
U+6F7D	85	12
U+6F7E	85	12
U+6F7F	85	12
U+6F80	85	14
U+6F81	85	12
U+6F82	85	12
U+6F83	85	12
U+6F84	85	12
U+6F85	85	12
U+6F86	85	12
U+6F87	85	12
U+6F88	85	12
U+6F89	85	12
U+6F8A	85	12
U+6F8B	85	12
U+6F8C	85	12
U+6F8D	85	12
U+6F8E	85	12
U+6F8F	85	12
U+6F90	85	12
U+6F91	85	12
U+6F92	85	12
U+6F93	85	12
U+6F94	85	12
U+6F95	85	12
U+6F96	85	12
U+6F97	85	12
U+6F98	85	12
U+6F99	85	13
U+6F9A	85	12
U+6F9B	85	12
U+6F9C	85	12
U+6F9D	85	12
U+6F9E	85	13
U+6F9F	85	13
U+6FA0	85	13
U+6FA1	85	13
U+6FA2	85	13
U+6FA3	85	13
U+6FA4	85	13
U+6FA5	85	13
U+6FA6	85	13
U+6FA7	85	13
U+6FA8	85	13
U+6FA9	85	13
U+6FAA	85	13
U+6FAB	85	13
U+6FAC	85	13
U+6FAD	85	13
U+6FAE	85	13
U+6FAF	85	13
U+6FB0	85	13
U+6FB1	85	13
U+6FB2	85	13
U+6FB3	85	13
U+6FB4	85	13
U+6FB5	85	13
U+6FB6	85	13
U+6FB7	85	13
U+6FB8	85	13
U+6FB9	85	13
U+6FBA	85	13
U+6FBB	85	13
U+6FBC	85	13
U+6FBD	85	13
U+6FBE	85	13
U+6FBF	85	13
U+6FC0	85	13
U+6FC1	85	13
U+6FC2	85	13
U+6FC3	85	13
U+6FC4	85	13
U+6FC5	85	13
U+6FC6	85	13
U+6FC7	85	13
U+6FC8	85	13
U+6FC9	85	13
U+6FCA	85	13
U+6FCB	85	13
U+6FCC	85	13
U+6FCD	85	13
U+6FCE	85	13
U+6FCF	85	13
U+6FD0	85	12
U+6FD1	85	13
U+6FD2	85	13
U+6FD3	85	13
U+6FD4	85	14
U+6FD5	85	14
U+6FD6	85	13
U+6FD7	85	14
U+6FD8	85	14
U+6FD9	85	14
U+6FDA	85	14
U+6FDB	85	14
U+6FDC	85	14
U+6FDD	85	14
U+6FDE	85	14
U+6FDF	85	14
U+6FE0	85	14
U+6FE1	85	14
U+6FE2	85	14
U+6FE3	85	14
U+6FE4	85	14
U+6FE5	85	14
U+6FE6	85	14
U+6FE7	85	14
U+6FE8	85	14
U+6FE9	85	14
U+6FEA	85	14
U+6FEB	85	14
U+6FEC	85	14
U+6FED	85	14
U+6FEE	85	14
U+6FEF	85	14
U+6FF0	85	14
U+6FF1	85	14
U+6FF2	85	14
U+6FF3	85	16
U+6FF4	85	14
U+6FF5	85	14
U+6FF6	85	14
U+6FF7	85	14
U+6FF8	85	14
U+6FF9	85	15
U+6FFA	85	15
U+6FFB	85	15
U+6FFC	85	15
U+6FFD	85	15
U+6FFE	85	15
U+6FFF	85	15
U+7000	85	15
U+7001	85	15
U+7002	85	15
U+7003	85	15
U+7004	85	15
U+7005	85	15
U+7006	85	15
U+7007	85	15
U+7008	85	15
U+7009	85	15
U+700A	85	15
U+700B	85	15
U+700C	85	15
U+700D	85	15
U+700E	85	15
U+700F	85	15
U+7010	85	15
U+7011	85	15
U+7012	85	15
U+7013	85	15
U+7014	85	15
U+7015	85	16
U+7016	85	16
U+7017	85	16
U+7018	85	16
U+7019	85	16
U+701A	85	16
U+701B	85	16
U+701C	85	16
U+701D	85	16
U+701E	85	16
U+701F	85	16
U+7020	85	16
U+7021	85	16
U+7022	85	16
U+7023	85	16
U+7024	85	16
U+7025	85	16
U+7026	85	16
U+7027	85	16
U+7028	85	16
U+7029	85	16
U+702A	85	16
U+702B	85	16
U+702C	85	16
U+702D	85	16
U+702E	85	16
U+702F	85	17
U+7030	85	17
U+7031	85	17
U+7032	85	17
U+7033	85	17
U+7034	85	17
U+7035	85	17
U+7036	85	17
U+7037	85	17
U+7038	85	17
U+7039	85	17
U+703A	85	17
U+703B	85	17
U+703C	85	17
U+703D	85	17
U+703E	85	17
U+703F	85	17
U+7040	85	17
U+7041	85	17
U+7042	85	18
U+7043	85	18
U+7044	85	18
U+7045	85	18
U+7046	85	18
U+7047	85	18
U+7048	85	18
U+7049	85	18
U+704A	85	18
U+704B	85	18
U+704C	85	18
U+704D	85	18
U+704E	85	23
U+704F	85	18
U+7050	85	18
U+7051	85	19
U+7052	85	19
U+7053	85	19
U+7054	85	19
U+7055	85	19
U+7056	85	19
U+7057	85	19
U+7058	85	19
U+7059	85	20
U+705A	85	20
U+705B	85	20
U+705C	85	20
U+705D	85	21
U+705E	85	21
U+705F	85	21
U+7060	85	21
U+7061	85	21
U+7062	85	22
U+7063	85	22
U+7064	85	23
U+7065	85	23
U+7066	85	23
U+7067	85	24
U+7068	85	24
U+7069	85	28
U+706A	85	29
U+706B	86	0
U+706C	86	0
U+706D	86	1
U+706E	86	2
U+706F	86	2
U+7070	86	2
U+7071	86	2
U+7072	86	2
U+7073	86	2
U+7074	86	3
U+7075	86	3
U+7076	86	3
U+7077	86	3
U+7078	86	3
U+7079	86	3
U+707A	86	3
U+707B	86	3
U+707C	86	3
U+707D	86	3
U+707E	86	3
U+707F	86	3
U+7080	86	3
U+7081	86	4
U+7082	86	4
U+7083	86	4
U+7084	86	4
U+7085	86	4
U+7086	86	4
U+7087	86	2
U+7088	86	4
U+7089	86	4
U+708A	86	4
U+708B	86	4
U+708C	86	4
U+708D	86	4
U+708E	86	4
U+708F	86	4
U+7090	86	4
U+7091	86	4
U+7092	86	4
U+7093	86	4
U+7094	86	4
U+7095	86	4
U+7096	86	4
U+7097	86	4
U+7098	86	4
U+7099	86	4
U+709A	86	4
U+709B	86	4
U+709C	86	4
U+709D	86	4
U+709E	86	4
U+709F	86	5
U+70A0	86	5
U+70A1	86	5
U+70A2	86	5
U+70A3	86	5
U+70A4	86	5
U+70A5	86	5
U+70A6	86	5
U+70A7	86	5
U+70A8	86	5
U+70A9	86	5
U+70AA	86	5
U+70AB	86	5
U+70AC	86	5
U+70AD	86	5
U+70AE	86	5
U+70AF	86	5
U+70B0	86	5
U+70B1	86	5
U+70B2	86	5
U+70B3	86	5
U+70B4	86	5
U+70B5	86	5
U+70B6	86	5
U+70B7	86	5
U+70B8	86	5
U+70B9	86	5
U+70BA	86	5
U+70BB	86	5
U+70BC	86	5
U+70BD	86	5
U+70BE	86	5
U+70BF	86	5
U+70C0	86	5
U+70C1	86	5
U+70C2	86	5
U+70C3	86	5
U+70C4	86	6
U+70C5	86	6
U+70C6	86	6
U+70C7	86	6
U+70C8	86	6
U+70C9	86	6
U+70CA	86	6
U+70CB	86	6
U+70CC	86	6
U+70CD	86	6
U+70CE	86	6
U+70CF	86	6
U+70D0	86	6
U+70D1	86	6
U+70D2	86	6
U+70D3	86	6
U+70D4	86	6
U+70D5	86	6
U+70D6	86	6
U+70D7	86	6
U+70D8	86	6
U+70D9	86	6
U+70DA	86	6
U+70DB	86	6
U+70DC	86	6
U+70DD	86	6
U+70DE	86	6
U+70DF	86	6
U+70E0	86	6
U+70E1	86	6
U+70E2	86	6
U+70E3	86	6
U+70E4	86	6
U+70E5	86	6
U+70E6	86	6
U+70E7	86	6
U+70E8	86	6
U+70E9	86	6
U+70EA	86	6
U+70EB	86	6
U+70EC	86	6
U+70ED	86	6
U+70EE	86	6
U+70EF	86	7
U+70F0	86	7
U+70F1	86	7
U+70F2	86	7
U+70F3	86	7
U+70F4	86	7
U+70F5	86	7
U+70F6	86	7
U+70F7	86	7
U+70F8	86	7
U+70F9	86	7
U+70FA	86	7
U+70FB	86	7
U+70FC	86	7
U+70FD	86	7
U+70FE	86	7
U+70FF	86	7
U+7100	86	7
U+7101	86	7
U+7102	86	7
U+7103	86	7
U+7104	86	7
U+7105	86	7
U+7106	86	7
U+7107	86	7
U+7108	86	7
U+7109	86	7
U+710A	86	7
U+710B	86	7
U+710C	86	7
U+710D	86	7
U+710E	86	7
U+710F	86	7
U+7110	86	7
U+7111	86	7
U+7112	86	7
U+7113	86	7
U+7114	86	8
U+7115	86	7
U+7116	86	7
U+7117	86	7
U+7118	86	7
U+7119	86	8
U+711A	86	8
U+711B	86	8
U+711C	86	8
U+711D	86	8
U+711E	86	8
U+711F	86	8
U+7120	86	8
U+7121	86	8
U+7122	86	8
U+7123	86	8
U+7124	86	8
U+7125	86	8
U+7126	86	8
U+7127	86	8
U+7128	86	8
U+7129	86	8
U+712A	86	8
U+712B	86	8
U+712C	86	8
U+712D	86	8
U+712E	86	8
U+712F	86	8
U+7130	86	8
U+7131	86	8
U+7132	86	8
U+7133	86	8
U+7134	86	8
U+7135	86	8
U+7136	86	8
U+7137	86	8
U+7138	86	8
U+7139	86	8
U+713A	86	8
U+713B	86	8
U+713C	86	8
U+713D	86	8
U+713E	86	8
U+713F	86	8
U+7140	86	8
U+7141	86	9
U+7142	86	9
U+7143	86	9
U+7144	86	9
U+7145	86	9
U+7146	86	9
U+7147	86	9
U+7148	86	9
U+7149	86	9
U+714A	86	9
U+714B	86	9
U+714C	86	9
U+714D	86	9
U+714E	86	9
U+714F	86	9
U+7150	86	9
U+7151	86	9
U+7152	86	9
U+7153	86	9
U+7154	86	9
U+7155	86	9
U+7156	86	9
U+7157	86	9
U+7158	86	9
U+7159	86	9
U+715A	86	9
U+715B	86	10
U+715C	86	9
U+715D	86	9
U+715E	86	9
U+715F	86	9
U+7160	86	9
U+7161	86	9
U+7162	86	9
U+7163	86	9
U+7164	86	9
U+7165	86	9
U+7166	86	9
U+7167	86	9
U+7168	86	9
U+7169	86	9
U+716A	86	9
U+716B	86	9
U+716C	86	9
U+716D	86	9
U+716E	86	8
U+716F	86	9
U+7170	86	9
U+7171	86	9
U+7172	86	9
U+7173	86	9
U+7174	86	9
U+7175	86	9
U+7176	86	9
U+7177	86	9
U+7178	86	9
U+7179	86	10
U+717A	86	9
U+717B	86	10
U+717C	86	10
U+717D	86	10
U+717E	86	10
U+717F	86	10
U+7180	86	10
U+7181	86	10
U+7182	86	10
U+7183	86	10
U+7184	86	10
U+7185	86	10
U+7186	86	10
U+7187	86	10
U+7188	86	10
U+7189	86	10
U+718A	86	10
U+718B	86	10
U+718C	86	10
U+718D	86	10
U+718E	86	10
U+718F	86	10
U+7190	86	10
U+7191	86	10
U+7192	86	10
U+7193	86	10
U+7194	86	10
U+7195	86	10
U+7196	86	10
U+7197	86	10
U+7198	86	10
U+7199	86	10
U+719A	86	11
U+719B	86	11
U+719C	86	11
U+719D	86	11
U+719E	86	11
U+719F	86	11
U+71A0	86	11
U+71A1	86	11
U+71A2	86	11
U+71A3	86	11
U+71A4	86	11
U+71A5	86	11
U+71A6	86	10
U+71A7	86	11
U+71A8	86	11
U+71A9	86	11
U+71AA	86	11
U+71AB	86	11
U+71AC	86	11
U+71AD	86	11
U+71AE	86	11
U+71AF	86	11
U+71B0	86	11
U+71B1	86	11
U+71B2	86	11
U+71B3	86	11
U+71B4	86	11
U+71B5	86	11
U+71B6	86	12
U+71B7	86	12
U+71B8	86	12
U+71B9	86	12
U+71BA	86	12
U+71BB	86	12
U+71BC	86	12
U+71BD	86	12
U+71BE	86	12
U+71BF	86	12
U+71C0	86	12
U+71C1	86	12
U+71C2	86	12
U+71C3	86	12
U+71C4	86	12
U+71C5	86	12
U+71C6	86	12
U+71C7	86	12
U+71C8	86	12
U+71C9	86	12
U+71CA	86	12
U+71CB	86	12
U+71CC	86	12
U+71CD	86	12
U+71CE	86	12
U+71CF	86	12
U+71D0	86	12
U+71D1	86	12
U+71D2	86	12
U+71D3	86	12
U+71D4	86	12
U+71D5	86	12
U+71D6	86	12
U+71D7	86	12
U+71D8	86	12
U+71D9	86	12
U+71DA	86	12
U+71DB	86	12
U+71DC	86	12
U+71DD	86	12
U+71DE	86	12
U+71DF	86	13
U+71E0	86	13
U+71E1	86	13
U+71E2	86	13
U+71E3	86	13
U+71E4	86	13
U+71E5	86	13
U+71E6	86	13
U+71E7	86	13
U+71E8	86	13
U+71E9	86	13
U+71EA	86	13
U+71EB	86	13
U+71EC	86	13
U+71ED	86	13
U+71EE	86	13
U+71EF	86	13
U+71F0	86	13
U+71F1	86	13
U+71F2	86	13
U+71F3	86	13
U+71F4	86	13
U+71F5	86	13
U+71F6	86	13
U+71F7	86	13
U+71F8	86	14
U+71F9	86	14
U+71FA	86	14
U+71FB	86	14
U+71FC	86	14
U+71FD	86	14
U+71FE	86	14
U+71FF	86	14
U+7200	86	14
U+7201	86	14
U+7202	86	14
U+7203	86	14
U+7204	86	15
U+7205	86	15
U+7206	86	15
U+7207	86	15
U+7208	86	15
U+7209	86	15
U+720A	86	15
U+720B	86	16
U+720C	86	15
U+720D	86	15
U+720E	86	15
U+720F	86	16
U+7210	86	16
U+7211	86	16
U+7212	86	16
U+7213	86	16
U+7214	86	16
U+7215	86	15
U+7216	86	16
U+7217	86	16
U+7218	86	16
U+7219	86	17
U+721A	86	17
U+721B	86	17
U+721C	86	18
U+721D	86	18
U+721E	86	18
U+721F	86	18
U+7220	86	18
U+7221	86	19
U+7222	86	19
U+7223	86	20
U+7224	86	21
U+7225	86	21
U+7226	86	21
U+7227	86	24
U+7228	86	25
U+7229	86	29
U+722A	87	0
U+722B	87	0
U+722C	87	4
U+722D	87	4
U+722E	87	5
U+722F	87	5
U+7230	87	5
U+7231	87	6
U+7232	87	8
U+7233	87	10
U+7234	87	11
U+7235	87	14
U+7236	88	0
U+7237	88	2
U+7238	88	4
U+7239	88	6
U+723A	88	9
U+723B	89	0
U+723C	89	5
U+723D	89	7
U+723E	89	10
U+723F	90	0
U+7240	90	4
U+7241	90	5
U+7242	90	6
U+7243	90	9
U+7244	90	10
U+7245	90	11
U+7246	90	13
U+7247	91	0
U+7248	91	4
U+7249	91	5
U+724A	91	5
U+724B	91	8
U+724C	91	8
U+724D	91	8
U+724E	91	9
U+724F	91	9
U+7250	91	9
U+7251	91	9
U+7252	91	9
U+7253	91	10
U+7254	91	10
U+7255	91	11
U+7256	91	11
U+7257	91	11
U+7258	91	15
U+7259	92	0
U+725A	92	8
U+725B	93	0
U+725C	93	0
U+725D	93	2
U+725E	93	2
U+725F	93	2
U+7260	93	3
U+7261	93	3
U+7262	93	3
U+7263	93	3
U+7264	93	3
U+7265	93	4
U+7266	93	4
U+7267	93	4
U+7268	93	4
U+7269	93	4
U+726A	93	4
U+726B	93	4
U+726C	93	4
U+726D	93	5
U+726E	93	5
U+726F	93	5
U+7270	93	5
U+7271	93	5
U+7272	93	5
U+7273	93	5
U+7274	93	5
U+7275	93	5
U+7276	93	6
U+7277	93	6
U+7278	93	6
U+7279	93	6
U+727A	93	6
U+727B	93	7
U+727C	93	7
U+727D	93	7
U+727E	93	7
U+727F	93	7
U+7280	93	8
U+7281	93	7
U+7282	93	8
U+7283	93	8
U+7284	93	8
U+7285	93	8
U+7286	93	8
U+7287	93	8
U+7288	93	8
U+7289	93	8
U+728A	93	8
U+728B	93	8
U+728C	93	9
U+728D	93	9
U+728E	93	9
U+728F	93	9
U+7290	93	9
U+7291	93	9
U+7292	93	10
U+7293	93	10
U+7294	93	10
U+7295	93	10
U+7296	93	10
U+7297	93	10
U+7298	93	11
U+7299	93	11
U+729A	93	11
U+729B	93	11
U+729C	93	12
U+729D	93	12
U+729E	93	12
U+729F	93	12
U+72A0	93	13
U+72A1	93	15
U+72A2	93	15
U+72A3	93	15
U+72A4	93	15
U+72A5	93	15
U+72A6	93	15
U+72A7	93	16
U+72A8	93	16
U+72A9	93	18
U+72AA	93	20
U+72AB	93	23
U+72AC	94	0
U+72AD	94	0
U+72AE	94	1
U+72AF	94	2
U+72B0	94	2
U+72B1	94	3
U+72B2	94	3
U+72B3	94	3
U+72B4	94	3
U+72B5	94	3
U+72B6	94	3
U+72B7	94	3
U+72B8	94	3
U+72B9	94	4
U+72BA	94	4
U+72BB	94	4
U+72BC	94	4
U+72BD	94	4
U+72BE	94	4
U+72BF	94	4
U+72C0	94	4
U+72C1	94	4
U+72C2	94	4
U+72C3	94	4
U+72C4	94	4
U+72C5	94	4
U+72C6	94	4
U+72C7	94	4
U+72C8	94	4
U+72C9	94	5
U+72CA	94	5
U+72CB	94	5
U+72CC	94	5
U+72CD	94	5
U+72CE	94	5
U+72CF	94	5
U+72D0	94	5
U+72D1	94	5
U+72D2	94	5
U+72D3	94	5
U+72D4	94	5
U+72D5	94	5
U+72D6	94	5
U+72D7	94	5
U+72D8	94	5
U+72D9	94	5
U+72DA	94	5
U+72DB	94	5
U+72DC	94	5
U+72DD	94	5
U+72DE	94	5
U+72DF	94	6
U+72E0	94	6
U+72E1	94	6
U+72E2	94	6
U+72E3	94	6
U+72E4	94	6
U+72E5	94	6
U+72E6	94	6
U+72E7	94	6
U+72E8	94	6
U+72E9	94	6
U+72EA	94	6
U+72EB	94	6
U+72EC	94	6
U+72ED	94	6
U+72EE	94	6
U+72EF	94	6
U+72F0	94	6
U+72F1	94	6
U+72F2	94	6
U+72F3	94	7
U+72F4	94	7
U+72F5	94	7
U+72F6	94	7
U+72F7	94	7
U+72F8	94	7
U+72F9	94	7
U+72FA	94	7
U+72FB	94	7
U+72FC	94	7
U+72FD	94	7
U+72FE	94	7
U+72FF	94	7
U+7300	94	7
U+7301	94	7
U+7302	94	7
U+7303	94	7
U+7304	94	8
U+7305	94	8
U+7306	94	8
U+7307	94	8
U+7308	94	8
U+7309	94	8
U+730A	94	8
U+730B	94	8
U+730C	94	8
U+730D	94	8
U+730E	94	8
U+730F	94	8
U+7310	94	8
U+7311	94	8
U+7312	94	8
U+7313	94	8
U+7314	94	8
U+7315	94	8
U+7316	94	8
U+7317	94	8
U+7318	94	8
U+7319	94	8
U+731A	94	8
U+731B	94	8
U+731C	94	8
U+731D	94	8
U+731E	94	8
U+731F	94	8
U+7320	94	8
U+7321	94	8
U+7322	94	9
U+7323	94	9
U+7324	94	9
U+7325	94	9
U+7326	94	9
U+7327	94	9
U+7328	94	9
U+7329	94	9
U+732A	94	8
U+732B	94	9
U+732C	94	9
U+732D	94	9
U+732E	94	9
U+732F	94	9
U+7330	94	9
U+7331	94	9
U+7332	94	9
U+7333	94	9
U+7334	94	9
U+7335	94	9
U+7336	94	9
U+7337	94	9
U+7338	94	9
U+7339	94	9
U+733A	94	10
U+733B	94	10
U+733C	94	10
U+733D	94	10
U+733E	94	10
U+733F	94	10
U+7340	94	10
U+7341	94	9
U+7342	94	10
U+7343	94	10
U+7344	94	11
U+7345	94	10
U+7346	94	10
U+7347	94	10
U+7348	94	10
U+7349	94	10
U+734A	94	10
U+734B	94	12
U+734C	94	11
U+734D	94	11
U+734E	94	11
U+734F	94	11
U+7350	94	11
U+7351	94	11
U+7352	94	11
U+7353	94	11
U+7354	94	11
U+7355	94	11
U+7356	94	12
U+7357	94	12
U+7358	94	12
U+7359	94	12
U+735A	94	12
U+735B	94	12
U+735C	94	12
U+735D	94	12
U+735E	94	12
U+735F	94	12
U+7360	94	12
U+7361	94	12
U+7362	94	12
U+7363	94	12
U+7364	94	12
U+7365	94	13
U+7366	94	13
U+7367	94	13
U+7368	94	13
U+7369	94	13
U+736A	94	13
U+736B	94	13
U+736C	94	13
U+736D	94	13
U+736E	94	14
U+736F	94	14
U+7370	94	14
U+7371	94	14
U+7372	94	14
U+7373	94	14
U+7374	94	14
U+7375	94	15
U+7376	94	15
U+7377	94	15
U+7378	94	15
U+7379	94	16
U+737A	94	16
U+737B	94	16
U+737C	94	17
U+737D	94	17
U+737E	94	18
U+737F	94	18
U+7380	94	19
U+7381	94	20
U+7382	94	20
U+7383	94	20
U+7384	95	0
U+7385	95	4
U+7386	95	5
U+7387	95	6
U+7388	95	6
U+7389	96	0
U+738A	96	1
U+738B	96	-1
U+738C	96	1
U+738D	96	1
U+738E	96	2
U+738F	96	2
U+7390	96	2
U+7391	96	2
U+7392	96	3
U+7393	96	3
U+7394	96	3
U+7395	96	3
U+7396	96	3
U+7397	96	3
U+7398	96	3
U+7399	96	3
U+739A	96	3
U+739B	96	3
U+739C	96	4
U+739D	96	4
U+739E	96	4
U+739F	96	4
U+73A0	96	4
U+73A1	96	4
U+73A2	96	4
U+73A3	96	4
U+73A4	96	4
U+73A5	96	4
U+73A6	96	4
U+73A7	96	4
U+73A8	96	4
U+73A9	96	4
U+73AA	96	4
U+73AB	96	4
U+73AC	96	4
U+73AD	96	4
U+73AE	96	4
U+73AF	96	4
U+73B0	96	4
U+73B1	96	4
U+73B2	96	5
U+73B3	96	5
U+73B4	96	5
U+73B5	96	5
U+73B6	96	5
U+73B7	96	5
U+73B8	96	5
U+73B9	96	5
U+73BA	96	5
U+73BB	96	5
U+73BC	96	5
U+73BD	96	5
U+73BE	96	5
U+73BF	96	5
U+73C0	96	5
U+73C1	96	5
U+73C2	96	5
U+73C3	96	5
U+73C4	96	5
U+73C5	96	5
U+73C6	96	5
U+73C7	96	5
U+73C8	96	5
U+73C9	96	5
U+73CA	96	5
U+73CB	96	5
U+73CC	96	5
U+73CD	96	5
U+73CE	96	5
U+73CF	96	5
U+73D0	96	5
U+73D1	96	5
U+73D2	96	6
U+73D3	96	6
U+73D4	96	6
U+73D5	96	6
U+73D6	96	6
U+73D7	96	6
U+73D8	96	6
U+73D9	96	6
U+73DA	96	6
U+73DB	96	6
U+73DC	96	6
U+73DD	96	6
U+73DE	96	6
U+73DF	96	6
U+73E0	96	6
U+73E1	96	6
U+73E2	96	6
U+73E3	96	6
U+73E4	96	6
U+73E5	96	6
U+73E6	96	6
U+73E7	96	6
U+73E8	96	6
U+73E9	96	6
U+73EA	96	6
U+73EB	96	6
U+73EC	96	6
U+73ED	96	6
U+73EE	96	6
U+73EF	96	6
U+73F0	96	6
U+73F1	96	6
U+73F2	96	6
U+73F3	96	7
U+73F4	96	7
U+73F5	96	7
U+73F6	96	7
U+73F7	96	8
U+73F8	96	7
U+73F9	96	7
U+73FA	96	7
U+73FB	96	7
U+73FC	96	7
U+73FD	96	7
U+73FE	96	7
U+73FF	96	7
U+7400	96	7
U+7401	96	7
U+7402	96	7
U+7403	96	7
U+7404	96	7
U+7405	96	7
U+7406	96	7
U+7407	96	7
U+7408	96	7
U+7409	96	6
U+740A	96	7
U+740B	96	7
U+740C	96	7
U+740D	96	7
U+740E	96	7
U+740F	96	7
U+7410	96	7
U+7411	96	7
U+7412	96	7
U+7413	96	7
U+7414	96	8
U+7415	96	8
U+7416	96	8
U+7417	96	8
U+7418	96	8
U+7419	96	8
U+741A	96	8
U+741B	96	8
U+741C	96	8
U+741D	96	8
U+741E	96	9
U+741F	96	8
U+7420	96	8
U+7421	96	8
U+7422	96	8
U+7423	96	8
U+7424	96	8
U+7425	96	8
U+7426	96	8
U+7427	96	8
U+7428	96	8
U+7429	96	8
U+742A	96	8
U+742B	96	8
U+742C	96	8
U+742D	96	8
U+742E	96	8
U+742F	96	8
U+7430	96	8
U+7431	96	8
U+7432	96	8
U+7433	96	8
U+7434	96	8
U+7435	96	8
U+7436	96	8
U+7437	96	8
U+7438	96	8
U+7439	96	8
U+743A	96	8
U+743B	96	8
U+743C	96	8
U+743D	96	9
U+743E	96	9
U+743F	96	9
U+7440	96	9
U+7441	96	9
U+7442	96	9
U+7443	96	9
U+7444	96	9
U+7445	96	9
U+7446	96	9
U+7447	96	9
U+7448	96	9
U+7449	96	9
U+744A	96	9
U+744B	96	9
U+744C	96	9
U+744D	96	9
U+744E	96	9
U+744F	96	9
U+7450	96	9
U+7451	96	9
U+7452	96	9
U+7453	96	9
U+7454	96	9
U+7455	96	9
U+7456	96	9
U+7457	96	9
U+7458	96	9
U+7459	96	9
U+745A	96	9
U+745B	96	9
U+745C	96	9
U+745D	96	9
U+745E	96	9
U+745F	96	9
U+7460	96	10
U+7461	96	10
U+7462	96	10
U+7463	96	10
U+7464	96	10
U+7465	96	10
U+7466	96	10
U+7467	96	10
U+7468	96	10
U+7469	96	10
U+746A	96	10
U+746B	96	10
U+746C	96	10
U+746D	96	10
U+746E	96	10
U+746F	96	10
U+7470	96	10
U+7471	96	10
U+7472	96	10
U+7473	96	10
U+7474	96	10
U+7475	96	10
U+7476	96	10
U+7477	96	10
U+7478	96	10
U+7479	96	11
U+747A	96	11
U+747B	96	11
U+747C	96	11
U+747D	96	11
U+747E	96	11
U+747F	96	11
U+7480	96	11
U+7481	96	11
U+7482	96	11
U+7483	96	11
U+7484	96	11
U+7485	96	11
U+7486	96	11
U+7487	96	11
U+7488	96	11
U+7489	96	11
U+748A	96	11
U+748B	96	11
U+748C	96	11
U+748D	96	12
U+748E	96	11
U+748F	96	12
U+7490	96	12
U+7491	96	12
U+7492	96	12
U+7493	96	11
U+7494	96	12
U+7495	96	12
U+7496	96	12
U+7497	96	12
U+7498	96	12
U+7499	96	12
U+749A	96	12
U+749B	96	12
U+749C	96	12
U+749D	96	12
U+749E	96	12
U+749F	96	12
U+74A0	96	12
U+74A1	96	12
U+74A2	96	13
U+74A3	96	12
U+74A4	96	12
U+74A5	96	13
U+74A6	96	13
U+74A7	96	13
U+74A8	96	13
U+74A9	96	13
U+74AA	96	13
U+74AB	96	13
U+74AC	96	13
U+74AD	96	13
U+74AE	96	13
U+74AF	96	13
U+74B0	96	13
U+74B1	96	13
U+74B2	96	13
U+74B3	96	13
U+74B4	96	13
U+74B5	96	14
U+74B6	96	14
U+74B7	96	14
U+74B8	96	14
U+74B9	96	14
U+74BA	96	14
U+74BB	96	14
U+74BC	96	14
U+74BD	96	14
U+74BE	96	14
U+74BF	96	14
U+74C0	96	14
U+74C1	96	14
U+74C2	96	14
U+74C3	96	15
U+74C4	96	15
U+74C5	96	15
U+74C6	96	15
U+74C7	96	15
U+74C8	96	15
U+74C9	96	15
U+74CA	96	15
U+74CB	96	15
U+74CC	96	16
U+74CD	96	16
U+74CE	96	16
U+74CF	96	16
U+74D0	96	16
U+74D1	96	16
U+74D2	96	16
U+74D3	96	17
U+74D4	96	17
U+74D5	96	17
U+74D6	96	17
U+74D7	96	18
U+74D8	96	18
U+74D9	96	18
U+74DA	96	19
U+74DB	96	20
U+74DC	97	0
U+74DD	97	3
U+74DE	97	5
U+74DF	97	5
U+74E0	97	6
U+74E1	97	8
U+74E2	97	11
U+74E3	97	14
U+74E4	97	17
U+74E5	97	19
U+74E6	98	0
U+74E7	98	2
U+74E8	98	3
U+74E9	98	3
U+74EA	98	4
U+74EB	98	4
U+74EC	98	4
U+74ED	98	4
U+74EE	98	4
U+74EF	98	4
U+74F0	98	4
U+74F1	98	4
U+74F2	98	4
U+74F3	98	5
U+74F4	98	5
U+74F5	98	5
U+74F6	98	6
U+74F7	98	6
U+74F8	98	6
U+74F9	98	7
U+74FA	98	7
U+74FB	98	7
U+74FC	98	7
U+74FD	98	8
U+74FE	98	8
U+74FF	98	8
U+7500	98	8
U+7501	98	8
U+7502	98	9
U+7503	98	9
U+7504	98	9
U+7505	98	9
U+7506	98	9
U+7507	98	10
U+7508	98	10
U+7509	98	10
U+750A	98	11
U+750B	98	11
U+750C	98	11
U+750D	98	11
U+750E	98	11
U+750F	98	12
U+7510	98	12
U+7511	98	12
U+7512	98	12
U+7513	98	13
U+7514	98	13
U+7515	98	13
U+7516	98	14
U+7517	98	16
U+7518	99	0
U+7519	99	3
U+751A	99	4
U+751B	99	6
U+751C	99	6
U+751D	99	8
U+751E	99	8
U+751F	100	0
U+7520	100	4
U+7521	100	5
U+7522	100	6
U+7523	100	6
U+7524	100	7
U+7525	100	7
U+7526	100	7
U+7527	100	9
U+7528	101	0
U+7529	101	0
U+752A	101	1
U+752B	101	2
U+752C	101	2
U+752D	101	4
U+752E	101	4
U+752F	101	7
U+7530	102	0
U+7531	102	0
U+7532	102	0
U+7533	102	0
U+7534	102	0
U+7535	102	0
U+7536	102	1
U+7537	102	2
U+7538	102	2
U+7539	102	2
U+753A	102	2
U+753B	102	3
U+753C	102	2
U+753D	102	3
U+753E	102	3
U+753F	102	3
U+7540	102	3
U+7541	102	3
U+7542	102	3
U+7543	102	3
U+7544	102	3
U+7545	102	3
U+7546	102	4
U+7547	102	4
U+7548	102	4
U+7549	102	4
U+754A	102	4
U+754B	102	4
U+754C	102	4
U+754D	102	4
U+754E	102	4
U+754F	102	4
U+7550	102	4
U+7551	102	4
U+7552	102	4
U+7553	102	4
U+7554	102	5
U+7555	102	5
U+7556	102	5
U+7557	102	5
U+7558	102	5
U+7559	102	5
U+755A	102	5
U+755B	102	5
U+755C	102	5
U+755D	102	5
U+755E	102	5
U+755F	102	5
U+7560	106	5
U+7561	102	6
U+7562	102	6
U+7563	102	6
U+7564	102	6
U+7565	102	6
U+7566	102	6
U+7567	102	6
U+7568	119	5
U+7569	102	6
U+756A	102	7
U+756B	102	7
U+756C	102	7
U+756D	102	7
U+756E	102	7
U+756F	102	7
U+7570	102	6
U+7571	102	9
U+7572	102	7
U+7573	102	7
U+7574	102	7
U+7575	102	8
U+7576	102	8
U+7577	102	8
U+7578	102	8
U+7579	102	8
U+757A	102	8
U+757B	102	9
U+757C	102	9
U+757D	102	9
U+757E	102	10
U+757F	102	10
U+7580	102	11
U+7581	102	11
U+7582	102	11
U+7583	102	12
U+7584	102	12
U+7585	102	13
U+7586	102	14
U+7587	102	14
U+7588	102	15
U+7589	102	17
U+758A	102	17
U+758B	103	0
U+758C	103	3
U+758D	103	5
U+758E	103	7
U+758F	103	7
U+7590	103	9
U+7591	103	9
U+7592	104	0
U+7593	104	2
U+7594	104	2
U+7595	104	2
U+7596	104	2
U+7597	104	2
U+7598	104	3
U+7599	104	3
U+759A	104	3
U+759B	104	3
U+759C	104	3
U+759D	104	3
U+759E	104	3
U+759F	104	3
U+75A0	104	3
U+75A1	104	4
U+75A2	104	4
U+75A3	104	4
U+75A4	104	4
U+75A5	104	4
U+75A6	104	4
U+75A7	104	4
U+75A8	104	4
U+75A9	104	4
U+75AA	104	4
U+75AB	104	4
U+75AC	104	4
U+75AD	104	4
U+75AE	104	4
U+75AF	104	4
U+75B0	104	5
U+75B1	104	5
U+75B2	104	5
U+75B3	104	5
U+75B4	104	5
U+75B5	104	5
U+75B6	104	5
U+75B7	104	5
U+75B8	104	5
U+75B9	104	5
U+75BA	104	4
U+75BB	104	5
U+75BC	104	5
U+75BD	104	5
U+75BE	104	5
U+75BF	104	5
U+75C0	104	5
U+75C1	104	5
U+75C2	104	5
U+75C3	104	5
U+75C4	104	5
U+75C5	104	5
U+75C6	104	5
U+75C7	104	5
U+75C8	104	5
U+75C9	104	5
U+75CA	104	6
U+75CB	104	6
U+75CC	104	6
U+75CD	104	6
U+75CE	104	6
U+75CF	104	6
U+75D0	104	6
U+75D1	104	6
U+75D2	104	6
U+75D3	104	6
U+75D4	104	6
U+75D5	104	6
U+75D6	104	6
U+75D7	104	7
U+75D8	104	7
U+75D9	104	7
U+75DA	104	7
U+75DB	104	7
U+75DC	104	7
U+75DD	104	7
U+75DE	104	7
U+75DF	104	7
U+75E0	104	7
U+75E1	104	7
U+75E2	104	7
U+75E3	104	7
U+75E4	104	7
U+75E5	104	7
U+75E6	104	7
U+75E7	104	7
U+75E8	104	7
U+75E9	104	7
U+75EA	104	7
U+75EB	104	7
U+75EC	104	8
U+75ED	104	8
U+75EE	104	8
U+75EF	104	8
U+75F0	104	8
U+75F1	104	8
U+75F2	104	8
U+75F3	104	8
U+75F4	104	8
U+75F5	104	8
U+75F6	104	8
U+75F7	104	8
U+75F8	104	8
U+75F9	104	8
U+75FA	104	8
U+75FB	104	8
U+75FC	104	8
U+75FD	104	8
U+75FE	104	8
U+75FF	104	8
U+7600	104	8
U+7601	104	8
U+7602	104	8
U+7603	104	8
U+7604	104	8
U+7605	104	8
U+7606	104	8
U+7607	104	9
U+7608	104	9
U+7609	104	9
U+760A	104	9
U+760B	104	9
U+760C	104	9
U+760D	104	9
U+760E	104	9
U+760F	104	9
U+7610	104	9
U+7611	104	9
U+7612	104	9
U+7613	104	9
U+7614	104	9
U+7615	104	9
U+7616	104	9
U+7617	104	9
U+7618	104	9
U+7619	104	10
U+761A	104	10
U+761B	104	10
U+761C	104	10
U+761D	104	10
U+761E	104	10
U+761F	104	9
U+7620	104	10
U+7621	104	10
U+7622	104	10
U+7623	104	10
U+7624	104	10
U+7625	104	10
U+7626	104	10
U+7627	104	9
U+7628	104	10
U+7629	104	10
U+762A	104	10
U+762B	104	10
U+762C	104	11
U+762D	104	11
U+762E	104	11
U+762F	104	11
U+7630	104	11
U+7631	104	11
U+7632	104	11
U+7633	104	11
U+7634	104	11
U+7635	104	11
U+7636	104	11
U+7637	104	11
U+7638	104	11
U+7639	104	11
U+763A	104	11
U+763B	104	11
U+763C	104	11
U+763D	104	11
U+763E	104	11
U+763F	104	11
U+7640	104	12
U+7641	104	12
U+7642	104	12
U+7643	104	12
U+7644	104	12
U+7645	104	12
U+7646	104	12
U+7647	104	12
U+7648	104	12
U+7649	104	12
U+764A	104	11
U+764B	104	12
U+764C	104	12
U+764D	104	12
U+764E	104	12
U+764F	104	13
U+7650	104	13
U+7651	104	13
U+7652	104	13
U+7653	104	13
U+7654	104	13
U+7655	104	13
U+7656	104	13
U+7657	104	13
U+7658	104	13
U+7659	104	13
U+765A	104	13
U+765B	104	13
U+765C	104	13
U+765D	104	13
U+765E	104	13
U+765F	104	14
U+7660	104	14
U+7661	104	14
U+7662	104	15
U+7663	104	14
U+7664	104	15
U+7665	104	15
U+7666	104	15
U+7667	104	16
U+7668	104	16
U+7669	104	16
U+766A	104	16
U+766B	104	16
U+766C	104	17
U+766D	104	17
U+766E	104	17
U+766F	104	18
U+7670	104	18
U+7671	104	19
U+7672	104	19
U+7673	104	21
U+7674	104	23
U+7675	104	25
U+7676	105	0
U+7677	105	3
U+7678	105	4
U+7679	105	4
U+767A	105	4
U+767B	105	7
U+767C	105	7
U+767D	106	0
U+767E	106	1
U+767F	106	1
U+7680	106	2
U+7681	106	2
U+7682	106	2
U+7683	106	2
U+7684	106	3
U+7685	106	4
U+7686	106	4
U+7687	106	4
U+7688	106	4
U+7689	106	5
U+768A	106	5
U+768B	106	5
U+768C	106	5
U+768D	106	5
U+768E	106	6
U+768F	106	6
U+7690	106	6
U+7691	106	6
U+7692	106	7
U+7693	106	7
U+7694	106	7
U+7695	106	7
U+7696	106	7
U+7697	106	8
U+7698	106	8
U+7699	106	8
U+769A	106	10
U+769B	106	10
U+769C	106	10
U+769D	106	10
U+769E	106	10
U+769F	106	11
U+76A0	106	11
U+76A1	106	11
U+76A2	106	12
U+76A3	106	12
U+76A4	106	12
U+76A5	106	12
U+76A6	106	13
U+76A7	106	13
U+76A8	106	13
U+76A9	106	14
U+76AA	106	15
U+76AB	106	15
U+76AC	106	16
U+76AD	106	18
U+76AE	107	0
U+76AF	107	3
U+76B0	107	5
U+76B1	107	5
U+76B2	107	6
U+76B3	107	7
U+76B4	107	7
U+76B5	107	8
U+76B6	107	9
U+76B7	107	9
U+76B8	107	9
U+76B9	107	9
U+76BA	107	10
U+76BB	107	11
U+76BC	107	12
U+76BD	107	13
U+76BE	107	15
U+76BF	108	0
U+76C0	108	2
U+76C1	108	2
U+76C2	108	3
U+76C3	108	4
U+76C4	108	4
U+76C5	108	4
U+76C6	108	4
U+76C7	108	4
U+76C8	108	4
U+76C9	108	5
U+76CA	108	5
U+76CB	108	5
U+76CC	108	5
U+76CD	108	5
U+76CE	108	5
U+76CF	108	5
U+76D0	108	5
U+76D1	108	5
U+76D2	108	6
U+76D3	108	6
U+76D4	108	6
U+76D5	108	6
U+76D6	108	6
U+76D7	108	6
U+76D8	108	6
U+76D9	108	7
U+76DA	108	7
U+76DB	108	6
U+76DC	108	7
U+76DD	108	8
U+76DE	108	8
U+76DF	108	8
U+76E0	108	9
U+76E1	108	9
U+76E2	108	9
U+76E3	108	9
U+76E4	108	10
U+76E5	108	11
U+76E6	108	11
U+76E7	108	11
U+76E8	108	12
U+76E9	108	12
U+76EA	108	12
U+76EB	108	13
U+76EC	108	13
U+76ED	108	15
U+76EE	109	0
U+76EF	109	2
U+76F0	109	3
U+76F1	109	3
U+76F2	109	3
U+76F3	109	3
U+76F4	109	3
U+76F5	109	3
U+76F6	109	4
U+76F7	109	4
U+76F8	109	4
U+76F9	109	4
U+76FA	109	4
U+76FB	109	4
U+76FC	109	4
U+76FD	109	4
U+76FE	109	4
U+76FF	109	4
U+7700	109	4
U+7701	109	4
U+7702	109	4
U+7703	109	4
U+7704	109	4
U+7705	109	4
U+7706	109	4
U+7707	109	4
U+7708	109	4
U+7709	109	4
U+770A	109	4
U+770B	109	4
U+770C	109	4
U+770D	109	4
U+770E	109	5
U+770F	109	5
U+7710	109	5
U+7711	109	5
U+7712	109	5
U+7713	109	5
U+7714	109	5
U+7715	109	5
U+7716	109	5
U+7717	109	5
U+7718	109	5
U+7719	109	5
U+771A	109	5
U+771B	109	5
U+771C	109	5
U+771D	109	5
U+771E	109	5
U+771F	109	5
U+7720	109	5
U+7721	109	5
U+7722	109	5
U+7723	109	5
U+7724	109	5
U+7725	109	5
U+7726	109	5
U+7727	109	5
U+7728	109	5
U+7729	109	5
U+772A	109	5
U+772B	109	5
U+772C	109	5
U+772D	109	6
U+772E	109	6
U+772F	109	6
U+7730	109	6
U+7731	109	6
U+7732	109	6
U+7733	109	6
U+7734	109	6
U+7735	109	6
U+7736	109	6
U+7737	109	6
U+7738	109	6
U+7739	109	6
U+773A	109	6
U+773B	109	6
U+773C	109	6
U+773D	109	6
U+773E	109	6
U+773F	109	5
U+7740	109	7
U+7741	109	6
U+7742	109	7
U+7743	109	7
U+7744	109	7
U+7745	109	7
U+7746	109	7
U+7747	109	7
U+7748	109	7
U+7749	109	7
U+774A	109	7
U+774B	109	7
U+774C	109	7
U+774D	109	7
U+774E	109	7
U+774F	109	7
U+7750	109	7
U+7751	109	7
U+7752	109	8
U+7753	109	8
U+7754	109	8
U+7755	109	8
U+7756	109	8
U+7757	109	8
U+7758	109	8
U+7759	109	8
U+775A	109	8
U+775B	109	8
U+775C	109	8
U+775D	109	8
U+775E	109	8
U+775F	109	8
U+7760	109	8
U+7761	109	9
U+7762	109	8
U+7763	109	8
U+7764	109	8
U+7765	109	8
U+7766	109	8
U+7767	109	8
U+7768	109	8
U+7769	109	8
U+776A	109	8
U+776B	109	8
U+776C	109	8
U+776D	109	8
U+776E	109	9
U+776F	109	9
U+7770	109	9
U+7771	109	9
U+7772	109	9
U+7773	109	9
U+7774	109	9
U+7775	109	9
U+7776	109	9
U+7777	109	9
U+7778	109	9
U+7779	109	9
U+777A	109	9
U+777B	109	9
U+777C	109	9
U+777D	109	9
U+777E	109	9
U+777F	109	9
U+7780	109	9
U+7781	109	9
U+7782	109	9
U+7783	109	9
U+7784	109	9
U+7785	109	9
U+7786	109	9
U+7787	109	10
U+7788	109	10
U+7789	109	10
U+778A	109	10
U+778B	109	10
U+778C	109	10
U+778D	109	10
U+778E	109	10
U+778F	109	10
U+7790	109	10
U+7791	109	10
U+7792	109	10
U+7793	109	10
U+7794	109	11
U+7795	109	11
U+7796	109	11
U+7797	109	11
U+7798	109	11
U+7799	109	11
U+779A	109	11
U+779B	109	11
U+779C	109	11
U+779D	109	11
U+779E	109	11
U+779F	109	11
U+77A0	109	11
U+77A1	109	11
U+77A2	109	11
U+77A3	109	11
U+77A4	109	12
U+77A5	109	12
U+77A6	109	12
U+77A7	109	12
U+77A8	109	12
U+77A9	109	12
U+77AA	109	12
U+77AB	109	12
U+77AC	109	12
U+77AD	109	12
U+77AE	109	12
U+77AF	109	12
U+77B0	109	12
U+77B1	109	12
U+77B2	109	12
U+77B3	109	12
U+77B4	109	12
U+77B5	109	12
U+77B6	109	12
U+77B7	109	12
U+77B8	109	13
U+77B9	109	13
U+77BA	109	13
U+77BB	109	13
U+77BC	109	13
U+77BD	109	13
U+77BE	109	13
U+77BF	109	13
U+77C0	109	13
U+77C1	109	13
U+77C2	109	13
U+77C3	109	14
U+77C4	109	14
U+77C5	109	14
U+77C6	109	14
U+77C7	109	14
U+77C8	109	14
U+77C9	109	14
U+77CA	109	14
U+77CB	109	15
U+77CC	109	15
U+77CD	109	15
U+77CE	109	15
U+77CF	109	15
U+77D0	109	16
U+77D1	109	16
U+77D2	109	16
U+77D3	109	16
U+77D4	109	18
U+77D5	109	19
U+77D6	109	21
U+77D7	109	19
U+77D8	109	20
U+77D9	109	20
U+77DA	109	21
U+77DB	110	0
U+77DC	110	4
U+77DD	110	5
U+77DE	110	7
U+77DF	110	7
U+77E0	110	8
U+77E1	110	20
U+77E2	111	0
U+77E3	111	2
U+77E4	111	3
U+77E5	111	3
U+77E6	111	4
U+77E7	111	4
U+77E8	111	4
U+77E9	111	5
U+77EA	111	6
U+77EB	111	6
U+77EC	111	7
U+77ED	111	7
U+77EE	111	8
U+77EF	111	12
U+77F0	111	12
U+77F1	111	14
U+77F2	111	15
U+77F3	112	0
U+77F4	112	2
U+77F5	112	2
U+77F6	112	2
U+77F7	112	3
U+77F8	112	3
U+77F9	112	3
U+77FA	112	3
U+77FB	112	3
U+77FC	112	3
U+77FD	112	3
U+77FE	112	3
U+77FF	112	3
U+7800	112	3
U+7801	112	3
U+7802	112	4
U+7803	112	4
U+7804	112	4
U+7805	112	4
U+7806	112	4
U+7807	112	4
U+7808	112	4
U+7809	112	4
U+780A	112	4
U+780B	112	4
U+780C	112	4
U+780D	112	4
U+780E	112	4
U+780F	112	4
U+7810	112	4
U+7811	112	4
U+7812	112	4
U+7813	112	4
U+7814	112	4
U+7815	112	4
U+7816	112	4
U+7817	112	4
U+7818	112	4
U+7819	112	4
U+781A	112	4
U+781B	112	4
U+781C	112	4
U+781D	112	5
U+781E	112	5
U+781F	112	5
U+7820	112	5
U+7821	112	5
U+7822	112	5
U+7823	112	5
U+7824	112	5
U+7825	112	5
U+7826	112	5
U+7827	112	5
U+7828	112	5
U+7829	112	5
U+782A	112	5
U+782B	112	5
U+782C	112	5
U+782D	112	5
U+782E	112	5
U+782F	112	5
U+7830	112	5
U+7831	112	5
U+7832	112	5
U+7833	112	5
U+7834	112	5
U+7835	112	5
U+7836	112	5
U+7837	112	5
U+7838	112	5
U+7839	112	5
U+783A	112	5
U+783B	112	5
U+783C	112	5
U+783D	112	5
U+783E	112	5
U+783F	112	5
U+7840	112	5
U+7841	112	5
U+7842	112	6
U+7843	112	6
U+7844	112	6
U+7845	112	6
U+7846	112	6
U+7847	112	6
U+7848	112	6
U+7849	112	6
U+784A	112	6
U+784B	112	6
U+784C	112	6
U+784D	112	6
U+784E	112	6
U+784F	112	6
U+7850	112	6
U+7851	112	6
U+7852	112	6
U+7853	112	6
U+7854	112	6
U+7855	112	6
U+7856	112	6
U+7857	112	6
U+7858	112	6
U+7859	112	6
U+785A	112	6
U+785B	112	6
U+785C	112	7
U+785D	112	7
U+785E	112	7
U+785F	112	7
U+7860	112	7
U+7861	112	7
U+7862	112	7
U+7863	112	7
U+7864	112	7
U+7865	112	7
U+7866	112	7
U+7867	112	7
U+7868	112	7
U+7869	112	7
U+786A	112	7
U+786B	112	7
U+786C	112	7
U+786D	112	7
U+786E	112	7
U+786F	112	7
U+7870	112	7
U+7871	112	7
U+7872	112	7
U+7873	112	7
U+7874	112	7
U+7875	112	7
U+7876	112	7
U+7877	112	7
U+7878	112	8
U+7879	112	8
U+787A	112	8
U+787B	112	8
U+787C	112	8
U+787D	112	8
U+787E	112	9
U+787F	112	8
U+7880	112	8
U+7881	112	8
U+7882	112	8
U+7883	112	8
U+7884	112	8
U+7885	112	8
U+7886	112	8
U+7887	112	8
U+7888	112	8
U+7889	112	8
U+788A	112	8
U+788B	112	8
U+788C	112	8
U+788D	112	8
U+788E	112	8
U+788F	112	8
U+7890	112	8
U+7891	112	8
U+7892	112	8
U+7893	112	8
U+7894	112	8
U+7895	112	8
U+7896	112	8
U+7897	112	8
U+7898	112	8
U+7899	112	8
U+789A	112	8
U+789B	112	8
U+789C	112	8
U+789D	112	9
U+789E	112	9
U+789F	112	9
U+78A0	112	9
U+78A1	112	9
U+78A2	112	9
U+78A3	112	9
U+78A4	112	9
U+78A5	112	9
U+78A6	112	9
U+78A7	112	9
U+78A8	112	9
U+78A9	112	9
U+78AA	112	9
U+78AB	112	9
U+78AC	112	9
U+78AD	112	9
U+78AE	112	9
U+78AF	112	9
U+78B0	112	8
U+78B1	112	9
U+78B2	112	9
U+78B3	112	9
U+78B4	112	9
U+78B5	112	9
U+78B6	112	9
U+78B7	112	9
U+78B8	112	9
U+78B9	112	9
U+78BA	112	10
U+78BB	112	10
U+78BC	112	10
U+78BD	112	10
U+78BE	112	10
U+78BF	112	10
U+78C0	112	10
U+78C1	112	9
U+78C2	112	10
U+78C3	112	10
U+78C4	112	10
U+78C5	112	10
U+78C6	112	10
U+78C7	112	10
U+78C8	112	10
U+78C9	112	10
U+78CA	112	10
U+78CB	112	10
U+78CC	112	10
U+78CD	112	10
U+78CE	112	10
U+78CF	112	10
U+78D0	112	10
U+78D1	112	10
U+78D2	112	10
U+78D3	112	10
U+78D4	112	10
U+78D5	112	10
U+78D6	112	10
U+78D7	112	10
U+78D8	112	10
U+78D9	112	10
U+78DA	112	11
U+78DB	112	11
U+78DC	112	10
U+78DD	112	11
U+78DE	112	11
U+78DF	112	11
U+78E0	112	11
U+78E1	112	11
U+78E2	112	11
U+78E3	112	11
U+78E4	112	10
U+78E5	112	11
U+78E6	112	11
U+78E7	112	11
U+78E8	112	11
U+78E9	112	11
U+78EA	112	11
U+78EB	112	11
U+78EC	112	11
U+78ED	112	11
U+78EE	112	11
U+78EF	112	12
U+78F0	112	12
U+78F1	112	12
U+78F2	112	12
U+78F3	112	12
U+78F4	112	12
U+78F5	112	12
U+78F6	112	12
U+78F7	112	12
U+78F8	112	12
U+78F9	112	12
U+78FA	112	12
U+78FB	112	12
U+78FC	112	12
U+78FD	112	12
U+78FE	112	12
U+78FF	112	12
U+7900	112	12
U+7901	112	12
U+7902	112	12
U+7903	112	12
U+7904	112	12
U+7905	112	12
U+7906	112	13
U+7907	112	13
U+7908	112	13
U+7909	112	13
U+790A	112	13
U+790B	112	13
U+790C	112	13
U+790D	112	13
U+790E	112	13
U+790F	112	13
U+7910	112	13
U+7911	112	13
U+7912	112	13
U+7913	112	13
U+7914	112	13
U+7915	112	13
U+7916	112	13
U+7917	112	14
U+7918	112	14
U+7919	112	14
U+791A	112	14
U+791B	112	14
U+791C	112	14
U+791D	112	14
U+791E	112	14
U+791F	112	14
U+7920	112	14
U+7921	112	14
U+7922	112	15
U+7923	112	15
U+7924	112	15
U+7925	112	15
U+7926	112	15
U+7927	112	15
U+7928	112	15
U+7929	112	15
U+792A	112	15
U+792B	112	15
U+792C	112	15
U+792D	112	16
U+792E	112	16
U+792F	112	16
U+7930	112	16
U+7931	112	16
U+7932	112	16
U+7933	112	16
U+7934	112	16
U+7935	112	17
U+7936	112	18
U+7937	112	18
U+7938	112	19
U+7939	112	20
U+793A	113	0
U+793B	113	0
U+793C	113	1
U+793D	113	2
U+793E	113	3
U+793F	113	3
U+7940	113	3
U+7941	113	3
U+7942	113	3
U+7943	113	3
U+7944	113	4
U+7945	113	4
U+7946	113	4
U+7947	113	4
U+7948	113	4
U+7949	113	4
U+794A	113	4
U+794B	113	4
U+794C	113	4
U+794D	113	4
U+794E	113	4
U+794F	113	5
U+7950	113	5
U+7951	113	5
U+7952	113	5
U+7953	113	5
U+7954	113	5
U+7955	113	5
U+7956	113	5
U+7957	113	5
U+7958	113	5
U+7959	113	5
U+795A	113	5
U+795B	113	5
U+795C	113	5
U+795D	113	5
U+795E	113	5
U+795F	113	5
U+7960	113	5
U+7961	113	5
U+7962	113	5
U+7963	113	6
U+7964	113	6
U+7965	113	6
U+7966	113	7
U+7967	113	6
U+7968	113	6
U+7969	113	6
U+796A	113	6
U+796B	113	6
U+796C	113	6
U+796D	113	6
U+796E	113	6
U+796F	113	6
U+7970	113	7
U+7971	113	7
U+7972	113	7
U+7973	113	7
U+7974	113	7
U+7975	113	7
U+7976	113	7
U+7977	113	7
U+7978	113	7
U+7979	113	8
U+797A	113	8
U+797B	113	8
U+797C	113	8
U+797D	113	8
U+797E	113	8
U+797F	113	8
U+7980	113	8
U+7981	113	8
U+7982	113	8
U+7983	113	8
U+7984	113	7
U+7985	113	8
U+7986	113	8
U+7987	113	9
U+7988	113	9
U+7989	113	9
U+798A	113	9
U+798B	113	9
U+798C	113	9
U+798D	113	9
U+798E	113	9
U+798F	113	9
U+7990	113	9
U+7991	113	9
U+7992	113	9
U+7993	113	9
U+7994	113	9
U+7995	113	9
U+7996	113	9
U+7997	113	9
U+7998	113	9
U+7999	113	9
U+799A	113	10
U+799B	113	10
U+799C	113	10
U+799D	113	10
U+799E	113	10
U+799F	113	10
U+79A0	113	10
U+79A1	113	10
U+79A2	113	10
U+79A3	113	10
U+79A4	113	11
U+79A5	113	11
U+79A6	113	11
U+79A7	113	12
U+79A8	113	12
U+79A9	113	12
U+79AA	113	12
U+79AB	113	12
U+79AC	113	13
U+79AD	113	13
U+79AE	113	13
U+79AF	113	13
U+79B0	113	14
U+79B1	113	14
U+79B2	113	15
U+79B3	113	17
U+79B4	113	17
U+79B5	113	18
U+79B6	113	19
U+79B7	113	19
U+79B8	114	0
U+79B9	114	4
U+79BA	114	4
U+79BB	114	6
U+79BC	114	7
U+79BD	114	8
U+79BE	115	0
U+79BF	115	2
U+79C0	115	2
U+79C1	115	2
U+79C2	115	2
U+79C3	115	2
U+79C4	115	3
U+79C5	115	3
U+79C6	115	3
U+79C7	115	3
U+79C8	115	3
U+79C9	115	3
U+79CA	115	3
U+79CB	115	4
U+79CC	115	4
U+79CD	115	4
U+79CE	115	4
U+79CF	115	4
U+79D0	115	4
U+79D1	115	4
U+79D2	115	4
U+79D3	115	4
U+79D4	115	4
U+79D5	115	4
U+79D6	115	4
U+79D7	115	4
U+79D8	115	5
U+79D9	115	5
U+79DA	115	5
U+79DB	115	5
U+79DC	115	5
U+79DD	115	5
U+79DE	115	5
U+79DF	115	5
U+79E0	115	5
U+79E1	115	5
U+79E2	115	5
U+79E3	115	5
U+79E4	115	5
U+79E5	115	5
U+79E6	115	5
U+79E7	115	5
U+79E8	115	5
U+79E9	115	5
U+79EA	115	5
U+79EB	115	5
U+79EC	115	5
U+79ED	115	5
U+79EE	115	5
U+79EF	115	5
U+79F0	115	5
U+79F1	115	6
U+79F2	115	6
U+79F3	115	6
U+79F4	115	6
U+79F5	115	6
U+79F6	115	6
U+79F7	115	6
U+79F8	115	6
U+79F9	115	6
U+79FA	115	6
U+79FB	115	6
U+79FC	115	6
U+79FD	115	6
U+79FE	115	6
U+79FF	115	7
U+7A00	115	7
U+7A01	115	7
U+7A02	115	7
U+7A03	115	7
U+7A04	115	7
U+7A05	115	7
U+7A06	115	6
U+7A07	115	7
U+7A08	115	7
U+7A09	115	7
U+7A0A	115	7
U+7A0B	115	7
U+7A0C	115	7
U+7A0D	115	7
U+7A0E	115	7
U+7A0F	115	8
U+7A10	115	8
U+7A11	115	8
U+7A12	115	8
U+7A13	115	8
U+7A14	115	8
U+7A15	115	8
U+7A16	115	8
U+7A17	115	8
U+7A18	115	8
U+7A19	115	8
U+7A1A	115	8
U+7A1B	115	8
U+7A1C	115	8
U+7A1D	115	8
U+7A1E	115	8
U+7A1F	115	8
U+7A20	115	8
U+7A21	115	8
U+7A22	115	8
U+7A23	115	8
U+7A24	115	8
U+7A25	115	8
U+7A26	115	9
U+7A27	115	9
U+7A28	115	9
U+7A29	115	9
U+7A2A	115	9
U+7A2B	115	9
U+7A2C	115	9
U+7A2D	115	9
U+7A2E	115	9
U+7A2F	115	9
U+7A30	115	9
U+7A31	115	9
U+7A32	115	9
U+7A33	115	9
U+7A34	115	10
U+7A35	115	10
U+7A36	115	10
U+7A37	115	10
U+7A38	115	10
U+7A39	115	10
U+7A3A	115	10
U+7A3B	115	10
U+7A3C	115	10
U+7A3D	115	10
U+7A3E	115	10
U+7A3F	115	10
U+7A40	115	10
U+7A41	115	10
U+7A42	115	10
U+7A43	115	10
U+7A44	115	11
U+7A45	115	11
U+7A46	115	11
U+7A47	115	11
U+7A48	115	11
U+7A49	115	12
U+7A4A	115	9
U+7A4B	115	11
U+7A4C	115	11
U+7A4D	115	11
U+7A4E	115	11
U+7A4F	115	11
U+7A50	115	11
U+7A51	115	11
U+7A52	115	11
U+7A53	115	12
U+7A54	115	12
U+7A55	115	12
U+7A56	115	12
U+7A57	115	12
U+7A58	115	12
U+7A59	115	12
U+7A5A	115	12
U+7A5B	115	12
U+7A5C	115	12
U+7A5D	115	12
U+7A5E	115	12
U+7A5F	115	13
U+7A60	115	13
U+7A61	115	13
U+7A62	115	13
U+7A63	115	13
U+7A64	115	14
U+7A65	115	14
U+7A66	115	14
U+7A67	115	14
U+7A68	115	14
U+7A69	115	14
U+7A6A	115	14
U+7A6B	115	14
U+7A6C	115	15
U+7A6D	115	15
U+7A6E	115	15
U+7A6F	115	15
U+7A70	115	17
U+7A71	115	18
U+7A72	115	19
U+7A73	115	17
U+7A74	116	0
U+7A75	116	1
U+7A76	116	2
U+7A77	116	2
U+7A78	116	3
U+7A79	116	3
U+7A7A	116	3
U+7A7B	116	3
U+7A7C	116	4
U+7A7D	116	4
U+7A7E	116	4
U+7A7F	116	4
U+7A80	116	4
U+7A81	116	4
U+7A82	116	4
U+7A83	116	4
U+7A84	116	5
U+7A85	116	5
U+7A86	116	5
U+7A87	116	5
U+7A88	116	5
U+7A89	116	5
U+7A8A	116	5
U+7A8B	116	5
U+7A8C	116	5
U+7A8D	116	5
U+7A8E	116	5
U+7A8F	116	6
U+7A90	116	6
U+7A91	116	6
U+7A92	116	6
U+7A93	116	6
U+7A94	116	6
U+7A95	116	6
U+7A96	116	7
U+7A97	116	7
U+7A98	116	7
U+7A99	116	7
U+7A9A	116	7
U+7A9B	116	7
U+7A9C	116	7
U+7A9D	116	7
U+7A9E	116	8
U+7A9F	116	8
U+7AA0	116	8
U+7AA1	116	8
U+7AA2	116	8
U+7AA3	116	8
U+7AA4	116	8
U+7AA5	116	8
U+7AA6	116	8
U+7AA7	116	8
U+7AA8	116	9
U+7AA9	116	9
U+7AAA	116	9
U+7AAB	116	9
U+7AAC	116	9
U+7AAD	116	9
U+7AAE	116	10
U+7AAF	116	10
U+7AB0	116	10
U+7AB1	116	10
U+7AB2	116	10
U+7AB3	116	10
U+7AB4	116	10
U+7AB5	116	11
U+7AB6	116	11
U+7AB7	116	11
U+7AB8	116	11
U+7AB9	116	11
U+7ABA	116	11
U+7ABB	116	11
U+7ABC	116	11
U+7ABD	116	11
U+7ABE	116	12
U+7ABF	116	12
U+7AC0	116	12
U+7AC1	116	12
U+7AC2	116	12
U+7AC3	116	12
U+7AC4	116	13
U+7AC5	116	13
U+7AC6	116	14
U+7AC7	116	15
U+7AC8	116	16
U+7AC9	116	16
U+7ACA	116	17
U+7ACB	117	0
U+7ACC	117	2
U+7ACD	117	2
U+7ACE	117	3
U+7ACF	117	3
U+7AD0	117	4
U+7AD1	117	4
U+7AD2	117	4
U+7AD3	117	4
U+7AD4	117	4
U+7AD5	117	4
U+7AD6	117	4
U+7AD7	117	4
U+7AD8	117	5
U+7AD9	117	5
U+7ADA	117	5
U+7ADB	117	5
U+7ADC	117	5
U+7ADD	117	5
U+7ADE	117	5
U+7ADF	180	2
U+7AE0	180	2
U+7AE1	117	6
U+7AE2	117	7
U+7AE3	117	7
U+7AE4	117	7
U+7AE5	117	7
U+7AE6	117	7
U+7AE7	117	7
U+7AE8	117	8
U+7AE9	117	8
U+7AEA	117	8
U+7AEB	117	8
U+7AEC	117	9
U+7AED	117	9
U+7AEE	117	11
U+7AEF	117	9
U+7AF0	117	9
U+7AF1	117	11
U+7AF2	117	12
U+7AF3	117	12
U+7AF4	117	12
U+7AF5	117	13
U+7AF6	117	15
U+7AF7	117	15
U+7AF8	117	17
U+7AF9	118	0
U+7AFA	118	2
U+7AFB	118	2
U+7AFC	118	3
U+7AFD	118	3
U+7AFE	118	3
U+7AFF	118	3
U+7B00	118	3
U+7B01	118	3
U+7B02	118	3
U+7B03	118	3
U+7B04	118	6
U+7B05	118	4
U+7B06	118	4
U+7B07	118	4
U+7B08	118	4
U+7B09	118	4
U+7B0A	118	4
U+7B0B	118	4
U+7B0C	118	4
U+7B0D	118	4
U+7B0E	118	4
U+7B0F	118	4
U+7B10	118	4
U+7B11	118	4
U+7B12	118	4
U+7B13	118	4
U+7B14	118	4
U+7B15	118	4
U+7B16	118	5
U+7B17	118	5
U+7B18	118	5
U+7B19	118	5
U+7B1A	118	5
U+7B1B	118	5
U+7B1C	118	5
U+7B1D	118	5
U+7B1E	118	5
U+7B1F	118	5
U+7B20	118	5
U+7B21	118	5
U+7B22	118	5
U+7B23	118	5
U+7B24	118	5
U+7B25	118	5
U+7B26	118	5
U+7B27	118	5
U+7B28	118	5
U+7B29	118	5
U+7B2A	118	5
U+7B2B	118	5
U+7B2C	118	5
U+7B2D	118	5
U+7B2E	118	5
U+7B2F	118	5
U+7B30	118	5
U+7B31	118	5
U+7B32	118	5
U+7B33	118	5
U+7B34	118	5
U+7B35	118	5
U+7B36	118	5
U+7B37	118	5
U+7B38	118	5
U+7B39	118	5
U+7B3A	118	5
U+7B3B	118	5
U+7B3C	118	5
U+7B3D	118	5
U+7B3E	118	5
U+7B3F	118	6
U+7B40	118	6
U+7B41	118	6
U+7B42	118	6
U+7B43	118	6
U+7B44	118	6
U+7B45	118	6
U+7B46	118	6
U+7B47	118	6
U+7B48	118	6
U+7B49	118	6
U+7B4A	118	6
U+7B4B	118	6
U+7B4C	118	6
U+7B4D	118	6
U+7B4E	118	6
U+7B4F	118	6
U+7B50	118	6
U+7B51	118	6
U+7B52	118	6
U+7B53	118	6
U+7B54	118	6
U+7B55	118	6
U+7B56	118	6
U+7B57	118	6
U+7B58	118	6
U+7B59	118	6
U+7B5A	118	6
U+7B5B	118	6
U+7B5C	118	6
U+7B5D	118	6
U+7B5E	118	7
U+7B5F	118	7
U+7B60	118	7
U+7B61	118	7
U+7B62	118	7
U+7B63	118	7
U+7B64	118	7
U+7B65	118	7
U+7B66	118	7
U+7B67	118	7
U+7B68	118	7
U+7B69	118	7
U+7B6A	118	7
U+7B6B	118	7
U+7B6C	118	7
U+7B6D	118	7
U+7B6E	118	7
U+7B6F	118	7
U+7B70	118	7
U+7B71	118	7
U+7B72	118	7
U+7B73	118	7
U+7B74	118	7
U+7B75	118	7
U+7B76	118	7
U+7B77	118	7
U+7B78	118	7
U+7B79	118	7
U+7B7A	118	7
U+7B7B	118	7
U+7B7C	118	7
U+7B7D	118	7
U+7B7E	118	7
U+7B7F	118	7
U+7B80	118	7
U+7B81	118	8
U+7B82	118	8
U+7B83	118	8
U+7B84	118	8
U+7B85	118	8
U+7B86	118	8
U+7B87	118	8
U+7B88	118	8
U+7B89	118	8
U+7B8A	118	8
U+7B8B	118	8
U+7B8C	118	8
U+7B8D	118	8
U+7B8E	118	8
U+7B8F	118	8
U+7B90	118	8
U+7B91	118	8
U+7B92	118	8
U+7B93	118	8
U+7B94	118	8
U+7B95	118	8
U+7B96	118	8
U+7B97	118	8
U+7B98	118	8
U+7B99	118	8
U+7B9A	118	8
U+7B9B	118	8
U+7B9C	118	8
U+7B9D	118	8
U+7B9E	118	8
U+7B9F	118	8
U+7BA0	118	8
U+7BA1	118	8
U+7BA2	118	8
U+7BA3	118	8
U+7BA4	118	8
U+7BA5	118	8
U+7BA6	118	8
U+7BA7	118	8
U+7BA8	118	8
U+7BA9	118	8
U+7BAA	118	8
U+7BAB	118	8
U+7BAC	118	9
U+7BAD	118	9
U+7BAE	118	9
U+7BAF	118	9
U+7BB0	118	9
U+7BB1	118	9
U+7BB2	118	9
U+7BB3	118	9
U+7BB4	118	9
U+7BB5	118	9
U+7BB6	118	9
U+7BB7	118	9
U+7BB8	118	9
U+7BB9	118	9
U+7BBA	118	9
U+7BBB	118	9
U+7BBC	118	9
U+7BBD	118	9
U+7BBE	118	9
U+7BBF	118	9
U+7BC0	118	7
U+7BC1	118	9
U+7BC2	118	9
U+7BC3	118	9
U+7BC4	118	9
U+7BC5	118	9
U+7BC6	118	9
U+7BC7	118	9
U+7BC8	118	9
U+7BC9	118	10
U+7BCA	118	9
U+7BCB	118	9
U+7BCC	118	9
U+7BCD	118	9
U+7BCE	118	9
U+7BCF	118	9
U+7BD0	118	9
U+7BD1	118	9
U+7BD2	118	9
U+7BD3	118	9
U+7BD4	118	10
U+7BD5	118	10
U+7BD6	118	10
U+7BD7	118	10
U+7BD8	118	10
U+7BD9	118	10
U+7BDA	118	10
U+7BDB	118	10
U+7BDC	118	10
U+7BDD	118	10
U+7BDE	118	10
U+7BDF	118	10
U+7BE0	118	10
U+7BE1	118	10
U+7BE2	118	10
U+7BE3	118	10
U+7BE4	118	10
U+7BE5	118	10
U+7BE6	118	10
U+7BE7	118	10
U+7BE8	118	10
U+7BE9	118	10
U+7BEA	118	10
U+7BEB	118	10
U+7BEC	118	10
U+7BED	118	10
U+7BEE	118	10
U+7BEF	118	10
U+7BF0	118	11
U+7BF1	118	11
U+7BF2	118	11
U+7BF3	118	11
U+7BF4	118	11
U+7BF5	118	11
U+7BF6	118	11
U+7BF7	118	11
U+7BF8	118	11
U+7BF9	118	11
U+7BFA	118	11
U+7BFB	118	11
U+7BFC	118	11
U+7BFD	118	11
U+7BFE	118	11
U+7BFF	118	11
U+7C00	118	11
U+7C01	118	11
U+7C02	118	11
U+7C03	118	11
U+7C04	118	11
U+7C05	118	11
U+7C06	118	11
U+7C07	118	11
U+7C08	118	11
U+7C09	118	11
U+7C0A	118	11
U+7C0B	118	11
U+7C0C	118	11
U+7C0D	118	11
U+7C0E	118	11
U+7C0F	118	11
U+7C10	118	11
U+7C11	118	10
U+7C12	118	11
U+7C13	118	11
U+7C14	118	11
U+7C15	118	10
U+7C16	118	11
U+7C17	118	11
U+7C18	118	12
U+7C19	118	12
U+7C1A	118	12
U+7C1B	118	12
U+7C1C	118	12
U+7C1D	118	12
U+7C1E	118	12
U+7C1F	118	12
U+7C20	118	12
U+7C21	118	12
U+7C22	118	12
U+7C23	118	12
U+7C24	118	12
U+7C25	118	12
U+7C26	118	12
U+7C27	118	12
U+7C28	118	12
U+7C29	118	12
U+7C2A	118	12
U+7C2B	118	12
U+7C2C	118	12
U+7C2D	118	12
U+7C2E	118	12
U+7C2F	118	12
U+7C30	118	12
U+7C31	118	12
U+7C32	118	12
U+7C33	118	13
U+7C34	118	13
U+7C35	118	13
U+7C36	118	13
U+7C37	118	13
U+7C38	118	13
U+7C39	118	13
U+7C3A	118	13
U+7C3B	118	13
U+7C3C	118	13
U+7C3D	118	13
U+7C3E	118	13
U+7C3F	118	13
U+7C40	118	13
U+7C41	118	13
U+7C42	118	13
U+7C43	118	14
U+7C44	118	14
U+7C45	118	14
U+7C46	118	14
U+7C47	118	14
U+7C48	118	14
U+7C49	118	14
U+7C4A	118	14
U+7C4B	118	14
U+7C4C	118	14
U+7C4D	118	14
U+7C4E	118	14
U+7C4F	118	14
U+7C50	118	15
U+7C51	118	15
U+7C52	118	15
U+7C53	118	15
U+7C54	118	15
U+7C55	118	14
U+7C56	118	14
U+7C57	118	16
U+7C58	118	16
U+7C59	118	16
U+7C5A	118	16
U+7C5B	118	16
U+7C5C	118	16
U+7C5D	118	16
U+7C5E	118	16
U+7C5F	118	16
U+7C60	118	16
U+7C61	118	16
U+7C62	118	17
U+7C63	118	17
U+7C64	118	17
U+7C65	118	17
U+7C66	118	17
U+7C67	118	17
U+7C68	118	17
U+7C69	118	19
U+7C6A	118	18
U+7C6B	118	19
U+7C6C	118	19
U+7C6D	118	19
U+7C6E	118	19
U+7C6F	118	20
U+7C70	118	20
U+7C71	118	24
U+7C72	118	26
U+7C73	119	0
U+7C74	119	2
U+7C75	119	2
U+7C76	119	2
U+7C77	119	3
U+7C78	119	3
U+7C79	119	3
U+7C7A	119	3
U+7C7B	119	3
U+7C7C	119	3
U+7C7D	119	3
U+7C7E	119	3
U+7C7F	119	3
U+7C80	119	3
U+7C81	119	3
U+7C82	119	3
U+7C83	119	4
U+7C84	119	4
U+7C85	119	4
U+7C86	119	4
U+7C87	119	4
U+7C88	119	4
U+7C89	119	4
U+7C8A	119	4
U+7C8B	119	4
U+7C8C	119	4
U+7C8D	119	4
U+7C8E	119	4
U+7C8F	119	4
U+7C90	119	4
U+7C91	119	4
U+7C92	119	5
U+7C93	119	5
U+7C94	119	5
U+7C95	119	5
U+7C96	119	5
U+7C97	119	5
U+7C98	119	5
U+7C99	119	5
U+7C9A	119	5
U+7C9B	119	5
U+7C9C	119	5
U+7C9D	119	5
U+7C9E	119	6
U+7C9F	119	6
U+7CA0	119	6
U+7CA1	119	6
U+7CA2	119	6
U+7CA3	119	5
U+7CA4	119	6
U+7CA5	119	6
U+7CA6	119	6
U+7CA7	119	6
U+7CA8	119	6
U+7CA9	119	6
U+7CAA	119	6
U+7CAB	119	6
U+7CAC	119	6
U+7CAD	119	6
U+7CAE	119	7
U+7CAF	119	7
U+7CB0	119	7
U+7CB1	119	7
U+7CB2	119	7
U+7CB3	119	7
U+7CB4	119	7
U+7CB5	119	7
U+7CB6	119	8
U+7CB7	119	8
U+7CB8	119	8
U+7CB9	119	8
U+7CBA	119	8
U+7CBB	119	8
U+7CBC	119	8
U+7CBD	119	8
U+7CBE	119	8
U+7CBF	119	8
U+7CC0	119	7
U+7CC1	119	8
U+7CC2	119	9
U+7CC3	119	9
U+7CC4	119	9
U+7CC5	119	9
U+7CC6	119	9
U+7CC7	119	9
U+7CC8	119	9
U+7CC9	119	9
U+7CCA	119	9
U+7CCB	119	9
U+7CCC	119	9
U+7CCD	119	9
U+7CCE	119	9
U+7CCF	119	10
U+7CD0	119	10
U+7CD1	119	10
U+7CD2	119	10
U+7CD3	119	10
U+7CD4	119	10
U+7CD5	119	10
U+7CD6	119	10
U+7CD7	119	10
U+7CD8	119	10
U+7CD9	119	11
U+7CDA	119	11
U+7CDB	119	11
U+7CDC	119	11
U+7CDD	119	11
U+7CDE	119	11
U+7CDF	119	11
U+7CE0	119	11
U+7CE1	119	11
U+7CE2	119	11
U+7CE3	119	12
U+7CE4	119	12
U+7CE5	119	12
U+7CE6	119	12
U+7CE7	119	12
U+7CE8	119	11
U+7CE9	119	13
U+7CEA	119	13
U+7CEB	119	13
U+7CEC	119	13
U+7CED	119	13
U+7CEE	119	14
U+7CEF	119	14
U+7CF0	119	14
U+7CF1	119	16
U+7CF2	119	15
U+7CF3	119	16
U+7CF4	119	16
U+7CF5	119	17
U+7CF6	119	19
U+7CF7	119	21
U+7CF8	120	0
U+7CF9	120	0
U+7CFA	120	1
U+7CFB	120	1
U+7CFC	120	2
U+7CFD	120	2
U+7CFE	120	2
U+7CFF	120	2
U+7D00	120	3
U+7D01	120	3
U+7D02	120	3
U+7D03	120	3
U+7D04	120	3
U+7D05	120	3
U+7D06	120	3
U+7D07	120	3
U+7D08	120	3
U+7D09	120	3
U+7D0A	120	4
U+7D0B	120	4
U+7D0C	120	4
U+7D0D	120	4
U+7D0E	120	4
U+7D0F	120	4
U+7D10	120	4
U+7D11	120	4
U+7D12	120	4
U+7D13	120	4
U+7D14	120	4
U+7D15	120	4
U+7D16	120	4
U+7D17	120	4
U+7D18	120	4
U+7D19	120	4
U+7D1A	120	4
U+7D1B	120	4
U+7D1C	120	4
U+7D1D	120	4
U+7D1E	120	4
U+7D1F	120	4
U+7D20	120	4
U+7D21	120	4
U+7D22	120	4
U+7D23	120	4
U+7D24	120	4
U+7D25	120	4
U+7D26	120	4
U+7D27	120	4
U+7D28	120	5
U+7D29	120	5
U+7D2A	120	5
U+7D2B	120	5
U+7D2C	120	5
U+7D2D	120	5
U+7D2E	120	5
U+7D2F	120	5
U+7D30	120	5
U+7D31	120	5
U+7D32	120	5
U+7D33	120	5
U+7D34	120	5
U+7D35	120	5
U+7D36	120	5
U+7D37	120	5
U+7D38	120	5
U+7D39	120	5
U+7D3A	120	5
U+7D3B	120	5
U+7D3C	120	5
U+7D3D	120	5
U+7D3E	120	5
U+7D3F	120	5
U+7D40	120	5
U+7D41	120	5
U+7D42	120	5
U+7D43	120	5
U+7D44	120	5
U+7D45	120	5
U+7D46	120	5
U+7D47	120	5
U+7D48	120	5
U+7D49	120	5
U+7D4A	120	5
U+7D4B	120	5
U+7D4C	120	5
U+7D4D	120	6
U+7D4E	120	6
U+7D4F	120	6
U+7D50	120	6
U+7D51	120	6
U+7D52	120	6
U+7D53	120	6
U+7D54	120	6
U+7D55	120	6
U+7D56	120	6
U+7D57	120	6
U+7D58	120	6
U+7D59	120	6
U+7D5A	120	6
U+7D5B	120	7
U+7D5C	120	6
U+7D5D	120	6
U+7D5E	120	6
U+7D5F	120	6
U+7D60	120	6
U+7D61	120	6
U+7D62	120	6
U+7D63	120	6
U+7D64	120	6
U+7D65	120	6
U+7D66	120	6
U+7D67	120	6
U+7D68	120	6
U+7D69	120	6
U+7D6A	120	6
U+7D6B	120	6
U+7D6C	120	6
U+7D6D	120	6
U+7D6E	120	6
U+7D6F	120	6
U+7D70	120	6
U+7D71	120	6
U+7D72	120	6
U+7D73	120	6
U+7D74	120	6
U+7D75	120	6
U+7D76	120	6
U+7D77	120	6
U+7D78	120	7
U+7D79	120	7
U+7D7A	120	7
U+7D7B	120	7
U+7D7C	120	7
U+7D7D	120	7
U+7D7E	120	7
U+7D7F	120	7
U+7D80	120	7
U+7D81	120	7
U+7D82	120	7
U+7D83	120	7
U+7D84	120	7
U+7D85	120	7
U+7D86	120	7
U+7D87	120	7
U+7D88	120	7
U+7D89	120	7
U+7D8A	120	7
U+7D8B	120	7
U+7D8C	120	7
U+7D8D	120	7
U+7D8E	120	7
U+7D8F	120	7
U+7D90	120	7
U+7D91	120	7
U+7D92	120	7
U+7D93	120	7
U+7D94	120	7
U+7D95	120	7
U+7D96	120	7
U+7D97	120	7
U+7D98	120	7
U+7D99	120	7
U+7D9A	120	7
U+7D9B	120	7
U+7D9C	120	8
U+7D9D	120	8
U+7D9E	120	8
U+7D9F	120	8
U+7DA0	120	8
U+7DA1	120	8
U+7DA2	120	8
U+7DA3	120	8
U+7DA4	120	8
U+7DA5	120	8
U+7DA6	120	8
U+7DA7	120	8
U+7DA8	120	8
U+7DA9	120	8
U+7DAA	120	8
U+7DAB	120	8
U+7DAC	120	8
U+7DAD	120	8
U+7DAE	120	8
U+7DAF	120	8
U+7DB0	120	8
U+7DB1	120	8
U+7DB2	120	8
U+7DB3	120	8
U+7DB4	120	8
U+7DB5	120	8
U+7DB6	120	8
U+7DB7	120	8
U+7DB8	120	8
U+7DB9	120	8
U+7DBA	120	8
U+7DBB	120	8
U+7DBC	120	8
U+7DBD	120	8
U+7DBE	120	8
U+7DBF	120	8
U+7DC0	120	8
U+7DC1	120	8
U+7DC2	120	8
U+7DC3	120	8
U+7DC4	120	8
U+7DC5	120	8
U+7DC6	120	8
U+7DC7	120	8
U+7DC8	120	8
U+7DC9	120	8
U+7DCA	120	8
U+7DCB	120	8
U+7DCC	120	8
U+7DCD	120	8
U+7DCE	120	8
U+7DCF	120	8
U+7DD0	120	8
U+7DD1	120	8
U+7DD2	120	8
U+7DD3	120	9
U+7DD4	120	8
U+7DD5	120	8
U+7DD6	120	9
U+7DD7	120	9
U+7DD8	120	9
U+7DD9	120	9
U+7DDA	120	9
U+7DDB	120	9
U+7DDC	120	9
U+7DDD	120	9
U+7DDE	120	9
U+7DDF	120	9
U+7DE0	120	9
U+7DE1	120	9
U+7DE2	120	9
U+7DE3	120	9
U+7DE4	120	9
U+7DE5	120	9
U+7DE6	120	9
U+7DE7	120	9
U+7DE8	120	9
U+7DE9	120	9
U+7DEA	120	9
U+7DEB	120	9
U+7DEC	120	9
U+7DED	120	9
U+7DEE	120	9
U+7DEF	120	9
U+7DF0	120	9
U+7DF1	120	9
U+7DF2	120	9
U+7DF3	120	9
U+7DF4	120	9
U+7DF5	120	9
U+7DF6	120	9
U+7DF7	120	9
U+7DF8	120	9
U+7DF9	120	9
U+7DFA	120	9
U+7DFB	120	9
U+7DFC	120	9
U+7DFD	120	9
U+7DFE	120	9
U+7DFF	120	9
U+7E00	120	9
U+7E01	120	9
U+7E02	120	9
U+7E03	120	9
U+7E04	120	9
U+7E05	120	9
U+7E06	120	9
U+7E07	120	9
U+7E08	120	10
U+7E09	120	10
U+7E0A	120	10
U+7E0B	120	10
U+7E0C	120	10
U+7E0D	120	10
U+7E0E	120	10
U+7E0F	120	10
U+7E10	120	10
U+7E11	120	10
U+7E12	120	10
U+7E13	120	10
U+7E14	120	10
U+7E15	120	10
U+7E16	120	10
U+7E17	120	10
U+7E18	120	10
U+7E19	120	10
U+7E1A	120	10
U+7E1B	120	10
U+7E1C	120	10
U+7E1D	120	10
U+7E1E	120	10
U+7E1F	120	10
U+7E20	120	10
U+7E21	120	10
U+7E22	120	10
U+7E23	120	10
U+7E24	120	10
U+7E25	120	10
U+7E26	120	10
U+7E27	120	10
U+7E28	120	10
U+7E29	120	11
U+7E2A	120	11
U+7E2B	120	11
U+7E2C	120	11
U+7E2D	120	11
U+7E2E	120	11
U+7E2F	120	11
U+7E30	120	11
U+7E31	120	11
U+7E32	120	11
U+7E33	120	11
U+7E34	120	11
U+7E35	120	11
U+7E36	120	11
U+7E37	120	11
U+7E38	120	11
U+7E39	120	11
U+7E3A	120	11
U+7E3B	120	11
U+7E3C	120	11
U+7E3D	120	11
U+7E3E	120	11
U+7E3F	120	11
U+7E40	120	11
U+7E41	120	11
U+7E42	120	11
U+7E43	120	11
U+7E44	120	11
U+7E45	120	11
U+7E46	120	11
U+7E47	120	11
U+7E48	120	12
U+7E49	120	11
U+7E4A	120	11
U+7E4B	120	13
U+7E4C	120	11
U+7E4D	120	11
U+7E4E	120	12
U+7E4F	120	12
U+7E50	120	12
U+7E51	120	12
U+7E52	120	12
U+7E53	120	12
U+7E54	120	12
U+7E55	120	12
U+7E56	120	12
U+7E57	120	12
U+7E58	120	12
U+7E59	120	12
U+7E5A	120	12
U+7E5B	120	12
U+7E5C	120	12
U+7E5D	120	12
U+7E5E	120	12
U+7E5F	120	12
U+7E60	120	12
U+7E61	120	12
U+7E62	120	12
U+7E63	120	12
U+7E64	120	12
U+7E65	120	12
U+7E66	120	13
U+7E67	120	12
U+7E68	120	13
U+7E69	120	13
U+7E6A	120	13
U+7E6B	120	13
U+7E6C	120	13
U+7E6D	120	13
U+7E6E	120	13
U+7E6F	120	13
U+7E70	120	13
U+7E71	120	12
U+7E72	120	13
U+7E73	120	13
U+7E74	120	13
U+7E75	120	13
U+7E76	120	13
U+7E77	120	13
U+7E78	120	13
U+7E79	120	13
U+7E7A	120	13
U+7E7B	120	14
U+7E7C	120	14
U+7E7D	120	14
U+7E7E	120	14
U+7E7F	120	14
U+7E80	120	14
U+7E81	120	14
U+7E82	120	14
U+7E83	120	14
U+7E84	120	15
U+7E85	120	15
U+7E86	120	15
U+7E87	120	15
U+7E88	120	15
U+7E89	120	15
U+7E8A	120	15
U+7E8B	120	15
U+7E8C	120	15
U+7E8D	120	15
U+7E8E	120	15
U+7E8F	120	15
U+7E90	120	15
U+7E91	120	16
U+7E92	120	16
U+7E93	120	17
U+7E94	120	17
U+7E95	120	17
U+7E96	120	17
U+7E97	120	18
U+7E98	120	19
U+7E99	120	19
U+7E9A	120	19
U+7E9B	120	19
U+7E9C	120	21
U+7E9D	120	21
U+7E9E	120	23
U+7E9F	120	0
U+7EA0	120	2
U+7EA1	120	3
U+7EA2	120	3
U+7EA3	120	3
U+7EA4	120	3
U+7EA5	120	3
U+7EA6	120	3
U+7EA7	120	3
U+7EA8	120	3
U+7EA9	120	3
U+7EAA	120	3
U+7EAB	120	3
U+7EAC	120	4
U+7EAD	120	4
U+7EAE	120	4
U+7EAF	120	4
U+7EB0	120	4
U+7EB1	120	4
U+7EB2	120	4
U+7EB3	120	4
U+7EB4	120	4
U+7EB5	120	4
U+7EB6	120	3
U+7EB7	120	4
U+7EB8	120	4
U+7EB9	120	4
U+7EBA	120	4
U+7EBB	120	4
U+7EBC	120	4
U+7EBD	120	4
U+7EBE	120	4
U+7EBF	120	5
U+7EC0	120	5
U+7EC1	120	5
U+7EC2	120	5
U+7EC3	120	5
U+7EC4	120	5
U+7EC5	120	5
U+7EC6	120	5
U+7EC7	120	5
U+7EC8	120	5
U+7EC9	120	5
U+7ECA	120	5
U+7ECB	120	5
U+7ECC	120	5
U+7ECD	120	5
U+7ECE	120	5
U+7ECF	120	5
U+7ED0	120	5
U+7ED1	120	6
U+7ED2	120	6
U+7ED3	120	6
U+7ED4	120	6
U+7ED5	120	6
U+7ED6	120	6
U+7ED7	120	6
U+7ED8	120	6
U+7ED9	120	6
U+7EDA	120	6
U+7EDB	120	6
U+7EDC	120	6
U+7EDD	120	6
U+7EDE	120	6
U+7EDF	120	6
U+7EE0	120	7
U+7EE1	120	7
U+7EE2	120	7
U+7EE3	120	7
U+7EE4	120	7
U+7EE5	120	7
U+7EE6	120	7
U+7EE7	120	7
U+7EE8	120	7
U+7EE9	120	8
U+7EEA	120	8
U+7EEB	120	8
U+7EEC	120	8
U+7EED	120	8
U+7EEE	120	8
U+7EEF	120	8
U+7EF0	120	8
U+7EF1	120	8
U+7EF2	120	8
U+7EF3	120	8
U+7EF4	120	8
U+7EF5	120	8
U+7EF6	120	8
U+7EF7	120	8
U+7EF8	120	8
U+7EF9	120	8
U+7EFA	120	8
U+7EFB	120	8
U+7EFC	120	8
U+7EFD	120	8
U+7EFE	120	8
U+7EFF	120	8
U+7F00	120	8
U+7F01	120	8
U+7F02	120	9
U+7F03	120	9
U+7F04	120	9
U+7F05	120	9
U+7F06	120	9
U+7F07	120	9
U+7F08	120	9
U+7F09	120	9
U+7F0A	120	9
U+7F0B	120	9
U+7F0C	120	9
U+7F0D	120	9
U+7F0E	120	9
U+7F0F	120	9
U+7F10	120	9
U+7F11	120	9
U+7F12	120	9
U+7F13	120	9
U+7F14	120	9
U+7F15	120	9
U+7F16	120	9
U+7F17	120	9
U+7F18	120	9
U+7F19	120	10
U+7F1A	120	10
U+7F1B	120	10
U+7F1C	120	10
U+7F1D	120	10
U+7F1E	120	10
U+7F1F	120	10
U+7F20	120	10
U+7F21	120	10
U+7F22	120	10
U+7F23	120	10
U+7F24	120	10
U+7F25	120	11
U+7F26	120	11
U+7F27	120	11
U+7F28	120	11
U+7F29	120	11
U+7F2A	120	11
U+7F2B	120	11
U+7F2C	120	12
U+7F2D	120	12
U+7F2E	120	12
U+7F2F	120	12
U+7F30	120	13
U+7F31	120	13
U+7F32	120	13
U+7F33	120	13
U+7F34	120	13
U+7F35	120	16
U+7F36	121	0
U+7F37	121	2
U+7F38	121	3
U+7F39	121	4
U+7F3A	121	4
U+7F3B	121	5
U+7F3C	121	4
U+7F3D	121	5
U+7F3E	121	6
U+7F3F	121	6
U+7F40	121	6
U+7F41	121	8
U+7F42	121	8
U+7F43	121	10
U+7F44	121	11
U+7F45	121	11
U+7F46	121	11
U+7F47	121	12
U+7F48	121	12
U+7F49	121	12
U+7F4A	121	13
U+7F4B	121	13
U+7F4C	121	14
U+7F4D	121	15
U+7F4E	121	16
U+7F4F	121	16
U+7F50	121	18
U+7F51	122	0
U+7F52	122	0
U+7F53	122	0
U+7F54	122	3
U+7F55	122	3
U+7F56	122	3
U+7F57	122	3
U+7F58	122	4
U+7F59	122	4
U+7F5A	122	4
U+7F5B	122	5
U+7F5C	122	5
U+7F5D	122	5
U+7F5E	122	5
U+7F5F	122	5
U+7F60	122	5
U+7F61	122	5
U+7F62	122	5
U+7F63	122	6
U+7F64	122	7
U+7F65	122	7
U+7F66	122	7
U+7F67	122	8
U+7F68	122	8
U+7F69	122	8
U+7F6A	122	8
U+7F6B	122	8
U+7F6C	122	8
U+7F6D	122	8
U+7F6E	122	8
U+7F6F	122	9
U+7F70	122	9
U+7F71	122	9
U+7F72	122	8
U+7F73	122	9
U+7F74	122	9
U+7F75	122	10
U+7F76	122	10
U+7F77	122	10
U+7F78	122	10
U+7F79	122	11
U+7F7A	122	11
U+7F7B	122	11
U+7F7C	122	11
U+7F7D	122	12
U+7F7E	122	12
U+7F7F	122	12
U+7F80	122	12
U+7F81	122	12
U+7F82	122	13
U+7F83	122	14
U+7F84	122	14
U+7F85	122	14
U+7F86	122	14
U+7F87	122	17
U+7F88	122	19
U+7F89	122	19
U+7F8A	123	0
U+7F8B	123	1
U+7F8C	123	2
U+7F8D	123	3
U+7F8E	123	3
U+7F8F	123	3
U+7F90	123	3
U+7F91	123	3
U+7F92	123	4
U+7F93	123	4
U+7F94	123	4
U+7F95	123	5
U+7F96	123	4
U+7F97	123	4
U+7F98	123	4
U+7F99	123	4
U+7F9A	123	5
U+7F9B	123	5
U+7F9C	123	5
U+7F9D	123	5
U+7F9E	123	5
U+7F9F	123	5
U+7FA0	123	6
U+7FA1	123	6
U+7FA2	123	6
U+7FA3	123	7
U+7FA4	123	7
U+7FA5	123	7
U+7FA6	123	7
U+7FA7	123	7
U+7FA8	123	7
U+7FA9	123	7
U+7FAA	123	7
U+7FAB	123	8
U+7FAC	123	9
U+7FAD	123	9
U+7FAE	123	9
U+7FAF	123	9
U+7FB0	123	9
U+7FB1	123	10
U+7FB2	123	10
U+7FB3	123	12
U+7FB4	123	12
U+7FB5	123	12
U+7FB6	123	13
U+7FB7	123	13
U+7FB8	123	13
U+7FB9	123	13
U+7FBA	123	14
U+7FBB	123	15
U+7FBC	123	15
U+7FBD	124	0
U+7FBE	124	3
U+7FBF	124	3
U+7FC0	124	4
U+7FC1	124	4
U+7FC2	124	4
U+7FC3	124	4
U+7FC4	124	4
U+7FC5	124	4
U+7FC6	124	4
U+7FC7	124	5
U+7FC8	124	5
U+7FC9	124	5
U+7FCA	124	5
U+7FCB	124	5
U+7FCC	124	5
U+7FCD	124	5
U+7FCE	124	5
U+7FCF	124	5
U+7FD0	124	5
U+7FD1	124	5
U+7FD2	124	5
U+7FD3	124	6
U+7FD4	124	6
U+7FD5	124	6
U+7FD6	124	6
U+7FD7	124	6
U+7FD8	124	6
U+7FD9	124	6
U+7FDA	124	6
U+7FDB	124	7
U+7FDC	124	7
U+7FDD	124	7
U+7FDE	124	8
U+7FDF	124	8
U+7FE0	124	8
U+7FE1	124	8
U+7FE2	124	8
U+7FE3	124	8
U+7FE4	124	8
U+7FE5	124	9
U+7FE6	124	9
U+7FE7	124	9
U+7FE8	124	9
U+7FE9	124	9
U+7FEA	124	9
U+7FEB	124	9
U+7FEC	124	9
U+7FED	124	9
U+7FEE	124	10
U+7FEF	124	10
U+7FF0	124	10
U+7FF1	124	10
U+7FF2	124	11
U+7FF3	124	11
U+7FF4	124	11
U+7FF5	124	11
U+7FF6	124	11
U+7FF7	124	12
U+7FF8	124	12
U+7FF9	124	12
U+7FFA	124	12
U+7FFB	124	12
U+7FFC	124	11
U+7FFD	124	13
U+7FFE	124	13
U+7FFF	124	14
U+8000	124	14
U+8001	125	0
U+8002	125	-2
U+8003	125	0
U+8004	125	4
U+8005	125	4
U+8006	125	4
U+8007	125	5
U+8008	125	5
U+8009	125	5
U+800A	125	6
U+800B	125	6
U+800C	126	0
U+800D	126	3
U+800E	126	3
U+800F	126	3
U+8010	126	3
U+8011	126	3
U+8012	127	0
U+8013	127	2
U+8014	127	3
U+8015	127	4
U+8016	127	4
U+8017	127	4
U+8018	127	4
U+8019	127	4
U+801A	127	5
U+801B	127	5
U+801C	127	5
U+801D	127	5
U+801E	127	5
U+801F	127	5
U+8020	127	6
U+8021	127	7
U+8022	127	7
U+8023	127	8
U+8024	127	8
U+8025	127	8
U+8026	127	9
U+8027	127	9
U+8028	127	10
U+8029	127	10
U+802A	127	10
U+802B	127	11
U+802C	127	11
U+802D	127	12
U+802E	127	12
U+802F	127	14
U+8030	127	15
U+8031	127	16
U+8032	127	16
U+8033	128	0
U+8034	128	1
U+8035	128	2
U+8036	128	3
U+8037	128	3
U+8038	128	4
U+8039	128	4
U+803A	128	4
U+803B	128	4
U+803C	128	4
U+803D	128	4
U+803E	128	4
U+803F	128	4
U+8040	128	4
U+8041	128	4
U+8042	128	4
U+8043	128	5
U+8044	128	5
U+8045	128	5
U+8046	128	5
U+8047	128	5
U+8048	128	5
U+8049	128	5
U+804A	128	5
U+804B	128	5
U+804C	128	5
U+804D	128	5
U+804E	128	6
U+804F	128	6
U+8050	128	6
U+8051	128	6
U+8052	128	6
U+8053	128	6
U+8054	128	6
U+8055	128	7
U+8056	128	7
U+8057	128	7
U+8058	128	7
U+8059	128	8
U+805A	128	8
U+805B	128	8
U+805C	128	8
U+805D	128	8
U+805E	128	8
U+805F	128	8
U+8060	128	6
U+8061	128	8
U+8062	128	8
U+8063	128	8
U+8064	128	9
U+8065	128	9
U+8066	128	9
U+8067	128	9
U+8068	128	9
U+8069	128	9
U+806A	128	9
U+806B	128	9
U+806C	128	10
U+806D	128	10
U+806E	128	12
U+806F	128	11
U+8070	128	11
U+8071	128	11
U+8072	128	11
U+8073	128	11
U+8074	128	12
U+8075	128	12
U+8076	128	12
U+8077	128	12
U+8078	128	13
U+8079	128	14
U+807A	128	14
U+807B	128	14
U+807C	128	14
U+807D	128	16
U+807E	128	16
U+807F	129	0
U+8080	129	-2
U+8081	129	4
U+8082	129	4
U+8083	129	4
U+8084	129	7
U+8085	129	7
U+8086	129	7
U+8087	129	8
U+8088	129	8
U+8089	130	0
U+808A	130	1
U+808B	130	2
U+808C	130	2
U+808D	130	2
U+808E	130	2
U+808F	130	2
U+8090	130	3
U+8091	130	3
U+8092	130	3
U+8093	130	3
U+8094	130	3
U+8095	130	3
U+8096	130	3
U+8097	130	3
U+8098	130	3
U+8099	130	3
U+809A	130	3
U+809B	130	3
U+809C	130	3
U+809D	130	3
U+809E	130	3
U+809F	130	3
U+80A0	130	3
U+80A1	130	4
U+80A2	130	4
U+80A3	130	4
U+80A4	130	4
U+80A5	130	4
U+80A6	130	4
U+80A7	130	4
U+80A8	130	4
U+80A9	130	4
U+80AA	130	4
U+80AB	130	4
U+80AC	130	4
U+80AD	130	4
U+80AE	130	4
U+80AF	130	4
U+80B0	130	4
U+80B1	130	4
U+80B2	130	4
U+80B3	130	4
U+80B4	130	4
U+80B5	130	4
U+80B6	130	4
U+80B7	130	4
U+80B8	130	4
U+80B9	130	4
U+80BA	130	4
U+80BB	130	4
U+80BC	130	4
U+80BD	130	4
U+80BE	130	4
U+80BF	130	4
U+80C0	130	4
U+80C1	130	4
U+80C2	130	5
U+80C3	130	5
U+80C4	130	5
U+80C5	130	5
U+80C6	130	5
U+80C7	130	5
U+80C8	130	5
U+80C9	130	5
U+80CA	130	5
U+80CB	130	5
U+80CC	130	5
U+80CD	130	5
U+80CE	130	5
U+80CF	130	5
U+80D0	130	5
U+80D1	130	5
U+80D2	130	5
U+80D3	130	5
U+80D4	130	5
U+80D5	130	5
U+80D6	130	5
U+80D7	130	5
U+80D8	130	5
U+80D9	130	5
U+80DA	130	5
U+80DB	130	5
U+80DC	130	5
U+80DD	130	5
U+80DE	130	5
U+80DF	130	5
U+80E0	130	5
U+80E1	130	5
U+80E2	130	5
U+80E3	130	5
U+80E4	130	5
U+80E5	130	5
U+80E6	130	5
U+80E7	130	5
U+80E8	130	5
U+80E9	130	5
U+80EA	130	5
U+80EB	130	5
U+80EC	130	5
U+80ED	130	6
U+80EE	130	6
U+80EF	130	6
U+80F0	130	6
U+80F1	130	6
U+80F2	130	6
U+80F3	130	6
U+80F4	130	6
U+80F5	130	6
U+80F6	130	6
U+80F7	130	6
U+80F8	130	6
U+80F9	130	6
U+80FA	130	6
U+80FB	130	6
U+80FC	130	6
U+80FD	130	6
U+80FE	130	6
U+80FF	130	6
U+8100	130	6
U+8101	130	6
U+8102	130	6
U+8103	130	6
U+8104	130	6
U+8105	130	6
U+8106	130	6
U+8107	130	6
U+8108	130	6
U+8109	130	5
U+810A	130	6
U+810B	130	6
U+810C	130	6
U+810D	130	6
U+810E	130	6
U+810F	130	6
U+8110	130	6
U+8111	130	6
U+8112	130	6
U+8113	130	6
U+8114	130	6
U+8115	130	7
U+8116	130	7
U+8117	130	7
U+8118	130	7
U+8119	130	7
U+811A	130	7
U+811B	130	7
U+811C	130	7
U+811D	130	7
U+811E	130	7
U+811F	130	7
U+8120	130	7
U+8121	130	7
U+8122	130	7
U+8123	130	7
U+8124	130	7
U+8125	130	7
U+8126	130	7
U+8127	130	7
U+8128	130	7
U+8129	130	7
U+812A	130	7
U+812B	130	7
U+812C	130	7
U+812D	130	7
U+812E	130	7
U+812F	130	7
U+8130	130	7
U+8131	130	7
U+8132	130	7
U+8133	130	7
U+8134	130	7
U+8135	130	7
U+8136	130	7
U+8137	130	7
U+8138	130	7
U+8139	130	8
U+813A	130	8
U+813B	130	8
U+813C	130	8
U+813D	130	8
U+813E	130	8
U+813F	130	8
U+8140	130	8
U+8141	130	8
U+8142	130	8
U+8143	130	8
U+8144	130	8
U+8145	130	8
U+8146	130	8
U+8147	130	8
U+8148	130	8
U+8149	130	8
U+814A	130	8
U+814B	130	8
U+814C	130	8
U+814D	130	8
U+814E	130	8
U+814F	130	8
U+8150	130	8
U+8151	130	8
U+8152	130	8
U+8153	130	8
U+8154	130	8
U+8155	130	8
U+8156	130	8
U+8157	130	8
U+8158	130	8
U+8159	130	8
U+815A	130	8
U+815B	130	9
U+815C	130	9
U+815D	130	9
U+815E	130	9
U+815F	130	9
U+8160	130	9
U+8161	130	9
U+8162	130	9
U+8163	130	9
U+8164	130	9
U+8165	130	9
U+8166	130	9
U+8167	130	9
U+8168	130	9
U+8169	130	9
U+816A	130	9
U+816B	130	9
U+816C	130	9
U+816D	130	9
U+816E	130	9
U+816F	130	9
U+8170	130	9
U+8171	130	9
U+8172	130	9
U+8173	130	9
U+8174	130	9
U+8175	130	9
U+8176	130	9
U+8177	130	9
U+8178	130	9
U+8179	130	9
U+817A	130	9
U+817B	130	9
U+817C	130	9
U+817D	130	9
U+817E	130	9
U+817F	130	10
U+8180	130	10
U+8181	130	10
U+8182	130	10
U+8183	130	10
U+8184	130	10
U+8185	130	10
U+8186	130	10
U+8187	130	10
U+8188	130	10
U+8189	130	10
U+818A	130	10
U+818B	130	10
U+818C	130	10
U+818D	130	10
U+818E	130	10
U+818F	130	10
U+8190	130	10
U+8191	130	10
U+8192	130	11
U+8193	130	11
U+8194	130	11
U+8195	130	11
U+8196	130	11
U+8197	130	11
U+8198	130	11
U+8199	130	11
U+819A	130	11
U+819B	130	11
U+819C	130	11
U+819D	130	11
U+819E	130	11
U+819F	130	11
U+81A0	130	11
U+81A1	130	11
U+81A2	130	11
U+81A3	130	11
U+81A4	74	11
U+81A5	130	12
U+81A6	130	12
U+81A7	130	12
U+81A8	130	12
U+81A9	130	12
U+81AA	130	12
U+81AB	130	12
U+81AC	130	12
U+81AD	130	12
U+81AE	130	12
U+81AF	130	12
U+81B0	130	12
U+81B1	130	12
U+81B2	130	12
U+81B3	130	12
U+81B4	130	12
U+81B5	130	12
U+81B6	130	12
U+81B7	130	13
U+81B8	130	13
U+81B9	130	13
U+81BA	130	13
U+81BB	130	13
U+81BC	130	13
U+81BD	130	13
U+81BE	130	13
U+81BF	130	13
U+81C0	130	13
U+81C1	130	13
U+81C2	130	13
U+81C3	130	13
U+81C4	130	13
U+81C5	130	13
U+81C6	130	13
U+81C7	130	13
U+81C8	130	13
U+81C9	130	13
U+81CA	130	13
U+81CB	130	13
U+81CC	130	13
U+81CD	130	14
U+81CE	130	14
U+81CF	130	14
U+81D0	130	14
U+81D1	130	14
U+81D2	130	14
U+81D3	130	14
U+81D4	130	15
U+81D5	130	15
U+81D6	130	16
U+81D7	130	15
U+81D8	130	15
U+81D9	130	16
U+81DA	130	16
U+81DB	130	16
U+81DC	130	16
U+81DD	130	17
U+81DE	130	18
U+81DF	130	18
U+81E0	130	19
U+81E1	130	19
U+81E2	130	19
U+81E3	131	0
U+81E4	131	2
U+81E5	131	2
U+81E6	131	6
U+81E7	131	8
U+81E8	131	11
U+81E9	131	11
U+81EA	132	0
U+81EB	132	1
U+81EC	132	4
U+81ED	132	4
U+81EE	132	6
U+81EF	132	6
U+81F0	132	6
U+81F1	132	9
U+81F2	132	10
U+81F3	133	0
U+81F4	133	3
U+81F5	133	6
U+81F6	133	6
U+81F7	133	6
U+81F8	133	6
U+81F9	133	7
U+81FA	133	8
U+81FB	133	10
U+81FC	134	0
U+81FD	134	2
U+81FE	134	2
U+81FF	134	3
U+8200	134	4
U+8201	134	4
U+8202	134	5
U+8203	134	6
U+8204	134	6
U+8205	134	7
U+8206	134	10
U+8207	134	8
U+8208	134	9
U+8209	134	10
U+820A	134	12
U+820B	134	13
U+820C	135	0
U+820D	135	2
U+820E	135	2
U+820F	135	2
U+8210	135	4
U+8211	135	5
U+8212	135	6
U+8213	135	8
U+8214	135	8
U+8215	135	8
U+8216	135	9
U+8217	135	9
U+8218	135	10
U+8219	135	12
U+821A	135	13
U+821B	136	0
U+821C	136	6
U+821D	136	7
U+821E	136	8
U+821F	137	0
U+8220	137	2
U+8221	137	3
U+8222	137	3
U+8223	137	3
U+8224	137	3
U+8225	137	4
U+8226	137	4
U+8227	137	4
U+8228	137	4
U+8229	137	4
U+822A	137	4
U+822B	137	4
U+822C	137	4
U+822D	137	4
U+822E	137	4
U+822F	137	4
U+8230	137	4
U+8231	137	4
U+8232	137	5
U+8233	137	5
U+8234	137	5
U+8235	137	5
U+8236	137	5
U+8237	137	5
U+8238	137	5
U+8239	137	5
U+823A	137	5
U+823B	137	5
U+823C	137	6
U+823D	137	6
U+823E	137	6
U+823F	137	6
U+8240	137	7
U+8241	137	7
U+8242	137	7
U+8243	137	7
U+8244	137	7
U+8245	137	7
U+8246	137	7
U+8247	137	7
U+8248	137	7
U+8249	137	7
U+824A	137	8
U+824B	137	8
U+824C	137	8
U+824D	137	8
U+824E	137	9
U+824F	137	9
U+8250	137	9
U+8251	137	9
U+8252	137	9
U+8253	137	9
U+8254	137	9
U+8255	137	10
U+8256	137	10
U+8257	137	10
U+8258	137	10
U+8259	137	10
U+825A	137	11
U+825B	137	11
U+825C	137	11
U+825D	137	11
U+825E	137	12
U+825F	137	12
U+8260	137	12
U+8261	137	13
U+8262	137	13
U+8263	137	13
U+8264	137	13
U+8265	137	13
U+8266	137	14
U+8267	137	14
U+8268	137	14
U+8269	137	14
U+826A	137	15
U+826B	137	16
U+826C	137	17
U+826D	137	18
U+826E	138	0
U+826F	138	1
U+8270	138	2
U+8271	138	11
U+8272	139	0
U+8273	139	4
U+8274	139	5
U+8275	139	8
U+8276	139	13
U+8277	139	18
U+8278	140	0
U+8279	140	0
U+827A	140	1
U+827B	140	2
U+827C	140	2
U+827D	140	2
U+827E	140	2
U+827F	140	2
U+8280	140	2
U+8281	140	2
U+8282	140	2
U+8283	140	3
U+8284	140	3
U+8285	140	3
U+8286	140	3
U+8287	140	3
U+8288	140	3
U+8289	140	3
U+828A	140	3
U+828B	140	3
U+828C	140	3
U+828D	140	3
U+828E	140	3
U+828F	140	3
U+8290	140	3
U+8291	140	3
U+8292	140	3
U+8293	140	3
U+8294	140	3
U+8295	140	3
U+8296	140	3
U+8297	140	3
U+8298	140	4
U+8299	140	4
U+829A	140	4
U+829B	140	4
U+829C	140	4
U+829D	140	4
U+829E	140	4
U+829F	140	4
U+82A0	140	4
U+82A1	140	4
U+82A2	140	4
U+82A3	140	4
U+82A4	140	4
U+82A5	140	4
U+82A6	140	4
U+82A7	140	4
U+82A8	140	4
U+82A9	140	4
U+82AA	140	4
U+82AB	140	4
U+82AC	140	4
U+82AD	140	4
U+82AE	140	4
U+82AF	140	4
U+82B0	140	4
U+82B1	140	4
U+82B2	140	4
U+82B3	140	4
U+82B4	140	4
U+82B5	140	4
U+82B6	140	4
U+82B7	140	4
U+82B8	140	4
U+82B9	140	4
U+82BA	140	4
U+82BB	140	4
U+82BC	140	4
U+82BD	140	4
U+82BE	140	4
U+82BF	140	5
U+82C0	140	4
U+82C1	140	4
U+82C2	140	4
U+82C3	140	4
U+82C4	140	4
U+82C5	140	4
U+82C6	140	4
U+82C7	140	4
U+82C8	140	4
U+82C9	140	4
U+82CA	140	4
U+82CB	140	4
U+82CC	140	4
U+82CD	140	4
U+82CE	140	4
U+82CF	140	4
U+82D0	140	5
U+82D1	140	5
U+82D2	140	5
U+82D3	140	5
U+82D4	140	5
U+82D5	140	5
U+82D6	140	5
U+82D7	140	5
U+82D8	140	5
U+82D9	140	5
U+82DA	140	5
U+82DB	140	5
U+82DC	140	5
U+82DD	140	5
U+82DE	140	5
U+82DF	140	5
U+82E0	140	5
U+82E1	140	5
U+82E2	140	5
U+82E3	140	5
U+82E4	140	5
U+82E5	140	5
U+82E6	140	5
U+82E7	140	5
U+82E8	140	5
U+82E9	140	5
U+82EA	140	5
U+82EB	140	5
U+82EC	140	5
U+82ED	140	5
U+82EE	140	5
U+82EF	140	5
U+82F0	140	5
U+82F1	140	5
U+82F2	140	5
U+82F3	140	5
U+82F4	140	5
U+82F5	140	5
U+82F6	140	5
U+82F7	140	5
U+82F8	140	5
U+82F9	140	5
U+82FA	140	5
U+82FB	140	5
U+82FC	140	5
U+82FD	140	5
U+82FE	140	5
U+82FF	140	5
U+8300	140	5
U+8301	140	5
U+8302	140	5
U+8303	140	5
U+8304	140	5
U+8305	140	5
U+8306	140	5
U+8307	140	5
U+8308	140	5
U+8309	140	5
U+830A	140	5
U+830B	140	5
U+830C	140	5
U+830D	140	5
U+830E	140	5
U+830F	140	5
U+8310	140	5
U+8311	140	5
U+8312	140	6
U+8313	140	5
U+8314	140	5
U+8315	140	5
U+8316	140	6
U+8317	140	6
U+8318	140	6
U+8319	140	6
U+831A	140	6
U+831B	140	6
U+831C	140	6
U+831D	140	7
U+831E	140	6
U+831F	140	6
U+8320	140	6
U+8321	140	6
U+8322	140	6
U+8323	140	7
U+8324	140	6
U+8325	140	6
U+8326	140	6
U+8327	140	6
U+8328	140	6
U+8329	140	6
U+832A	140	6
U+832B	140	6
U+832C	140	6
U+832D	140	6
U+832E	140	6
U+832F	140	6
U+8330	140	6
U+8331	140	6
U+8332	140	6
U+8333	140	6
U+8334	140	6
U+8335	140	6
U+8336	140	6
U+8337	140	6
U+8338	140	6
U+8339	140	6
U+833A	140	6
U+833B	140	6
U+833C	140	6
U+833D	140	6
U+833E	140	4
U+833F	140	6
U+8340	140	6
U+8341	140	6
U+8342	140	6
U+8343	140	6
U+8344	140	6
U+8345	140	6
U+8346	140	6
U+8347	140	6
U+8348	140	6
U+8349	140	6
U+834A	140	6
U+834B	140	6
U+834C	140	6
U+834D	140	6
U+834E	140	6
U+834F	140	6
U+8350	140	6
U+8351	140	6
U+8352	140	6
U+8353	140	8
U+8354	140	6
U+8355	140	6
U+8356	140	6
U+8357	140	6
U+8358	140	6
U+8359	140	6
U+835A	140	6
U+835B	140	6
U+835C	140	6
U+835D	140	6
U+835E	140	6
U+835F	140	6
U+8360	140	6
U+8361	140	6
U+8362	140	6
U+8363	140	6
U+8364	140	6
U+8365	140	6
U+8366	140	6
U+8367	140	6
U+8368	140	6
U+8369	140	6
U+836A	140	6
U+836B	140	7
U+836C	140	6
U+836D	140	6
U+836E	140	6
U+836F	140	6
U+8370	140	7
U+8371	140	7
U+8372	140	7
U+8373	140	7
U+8374	140	7
U+8375	140	7
U+8376	140	7
U+8377	140	7
U+8378	140	7
U+8379	140	7
U+837A	140	7
U+837B	140	7
U+837C	140	7
U+837D	140	7
U+837E	140	7
U+837F	140	7
U+8380	140	7
U+8381	140	7
U+8382	140	7
U+8383	140	7
U+8384	140	7
U+8385	140	7
U+8386	140	7
U+8387	140	7
U+8388	140	7
U+8389	140	7
U+838A	140	7
U+838B	140	7
U+838C	140	7
U+838D	140	7
U+838E	140	7
U+838F	140	7
U+8390	140	7
U+8391	140	7
U+8392	140	7
U+8393	140	7
U+8394	140	7
U+8395	140	7
U+8396	140	7
U+8397	140	7
U+8398	140	7
U+8399	140	7
U+839A	140	7
U+839B	140	7
U+839C	140	7
U+839D	140	7
U+839E	140	7
U+839F	140	7
U+83A0	140	7
U+83A1	140	7
U+83A2	140	7
U+83A3	140	7
U+83A4	140	7
U+83A5	140	7
U+83A6	140	7
U+83A7	140	7
U+83A8	140	7
U+83A9	140	7
U+83AA	140	7
U+83AB	140	7
U+83AC	140	7
U+83AD	140	9
U+83AE	140	7
U+83AF	140	7
U+83B0	140	7
U+83B1	140	7
U+83B2	140	7
U+83B3	140	7
U+83B4	140	7
U+83B5	140	7
U+83B6	140	7
U+83B7	140	7
U+83B8	140	7
U+83B9	140	7
U+83BA	140	7
U+83BB	140	7
U+83BC	140	7
U+83BD	140	7
U+83BE	140	8
U+83BF	140	8
U+83C0	140	8
U+83C1	140	8
U+83C2	140	8
U+83C3	140	8
U+83C4	140	8
U+83C5	140	8
U+83C6	140	8
U+83C7	140	8
U+83C8	140	8
U+83C9	140	8
U+83CA	140	8
U+83CB	140	8
U+83CC	140	8
U+83CD	140	8
U+83CE	140	8
U+83CF	140	8
U+83D0	140	8
U+83D1	140	8
U+83D2	140	8
U+83D3	140	8
U+83D4	140	8
U+83D5	140	8
U+83D6	140	8
U+83D7	140	8
U+83D8	140	8
U+83D9	140	8
U+83DA	140	8
U+83DB	140	8
U+83DC	140	8
U+83DD	140	8
U+83DE	140	8
U+83DF	140	8
U+83E0	140	8
U+83E1	140	8
U+83E2	140	8
U+83E3	140	8
U+83E4	140	8
U+83E5	140	8
U+83E6	140	8
U+83E7	140	8
U+83E8	140	8
U+83E9	140	8
U+83EA	140	8
U+83EB	140	8
U+83EC	140	8
U+83ED	140	8
U+83EE	140	8
U+83EF	140	8
U+83F0	140	8
U+83F1	140	8
U+83F2	140	8
U+83F3	140	8
U+83F4	140	8
U+83F5	140	8
U+83F6	140	8
U+83F7	140	8
U+83F8	140	8
U+83F9	140	8
U+83FA	140	8
U+83FB	140	8
U+83FC	140	8
U+83FD	140	8
U+83FE	140	8
U+83FF	140	8
U+8400	140	8
U+8401	140	8
U+8402	140	8
U+8403	140	8
U+8404	140	8
U+8405	140	8
U+8406	140	8
U+8407	140	8
U+8408	140	8
U+8409	140	8
U+840A	140	8
U+840B	140	8
U+840C	140	8
U+840D	140	8
U+840E	140	8
U+840F	140	8
U+8410	140	8
U+8411	140	8
U+8412	140	8
U+8413	140	8
U+8414	140	8
U+8415	140	8
U+8416	140	8
U+8417	140	8
U+8418	140	8
U+8419	140	8
U+841A	140	8
U+841B	140	8
U+841C	140	8
U+841D	140	8
U+841E	140	8
U+841F	140	8
U+8420	140	8
U+8421	140	8
U+8422	140	8
U+8423	140	8
U+8424	140	8
U+8425	140	8
U+8426	140	8
U+8427	140	8
U+8428	140	8
U+8429	140	9
U+842A	140	9
U+842B	140	9
U+842C	114	8
U+842D	140	9
U+842E	140	9
U+842F	140	9
U+8430	140	9
U+8431	140	9
U+8432	140	9
U+8433	140	9
U+8434	140	9
U+8435	140	9
U+8436	140	9
U+8437	140	9
U+8438	140	9
U+8439	140	9
U+843A	140	9
U+843B	140	9
U+843C	140	9
U+843D	140	9
U+843E	140	9
U+843F	140	9
U+8440	140	9
U+8441	140	9
U+8442	140	9
U+8443	140	9
U+8444	140	9
U+8445	140	9
U+8446	140	9
U+8447	140	9
U+8448	140	9
U+8449	140	9
U+844A	140	9
U+844B	140	9
U+844C	140	9
U+844D	140	9
U+844E	140	9
U+844F	140	9
U+8450	140	9
U+8451	140	9
U+8452	140	9
U+8453	140	9
U+8454	140	9
U+8455	140	9
U+8456	140	9
U+8457	140	8
U+8458	140	9
U+8459	140	9
U+845A	140	9
U+845B	140	9
U+845C	140	9
U+845D	140	9
U+845E	140	9
U+845F	140	9
U+8460	140	9
U+8461	140	9
U+8462	140	9
U+8463	140	9
U+8464	140	9
U+8465	140	9
U+8466	140	9
U+8467	140	9
U+8468	140	9
U+8469	140	9
U+846A	140	9
U+846B	140	9
U+846C	140	9
U+846D	140	9
U+846E	140	9
U+846F	140	9
U+8470	140	9
U+8471	140	9
U+8472	140	9
U+8473	140	9
U+8474	140	9
U+8475	140	9
U+8476	140	9
U+8477	140	9
U+8478	140	9
U+8479	140	9
U+847A	140	9
U+847B	140	9
U+847C	140	9
U+847D	140	9
U+847E	140	9
U+847F	140	9
U+8480	140	9
U+8481	140	9
U+8482	140	9
U+8483	140	9
U+8484	140	9
U+8485	140	9
U+8486	140	9
U+8487	140	9
U+8488	140	9
U+8489	140	9
U+848A	140	9
U+848B	140	9
U+848C	140	9
U+848D	140	9
U+848E	140	9
U+848F	140	9
U+8490	140	10
U+8491	140	10
U+8492	140	10
U+8493	140	10
U+8494	140	10
U+8495	140	10
U+8496	140	10
U+8497	140	10
U+8498	140	10
U+8499	140	10
U+849A	140	10
U+849B	140	10
U+849C	140	10
U+849D	140	10
U+849E	140	10
U+849F	140	10
U+84A0	140	10
U+84A1	140	10
U+84A2	140	10
U+84A3	140	10
U+84A4	140	10
U+84A5	140	10
U+84A6	140	10
U+84A7	140	10
U+84A8	140	10
U+84A9	140	10
U+84AA	140	10
U+84AB	140	10
U+84AC	140	10
U+84AD	140	10
U+84AE	140	10
U+84AF	140	10
U+84B0	140	10
U+84B1	140	10
U+84B2	140	10
U+84B3	140	10
U+84B4	140	10
U+84B5	140	10
U+84B6	140	10
U+84B7	140	10
U+84B8	86	10
U+84B9	140	10
U+84BA	140	10
U+84BB	140	10
U+84BC	140	10
U+84BD	140	10
U+84BE	140	10
U+84BF	140	10
U+84C0	140	10
U+84C1	140	10
U+84C2	140	10
U+84C3	140	10
U+84C4	140	10
U+84C5	140	10
U+84C6	140	10
U+84C7	140	10
U+84C8	140	10
U+84C9	140	10
U+84CA	140	10
U+84CB	140	10
U+84CC	140	10
U+84CD	140	10
U+84CE	140	10
U+84CF	140	10
U+84D0	140	10
U+84D1	140	10
U+84D2	140	10
U+84D3	140	10
U+84D4	140	10
U+84D5	140	10
U+84D6	140	10
U+84D7	140	10
U+84D8	140	10
U+84D9	140	10
U+84DA	140	10
U+84DB	140	10
U+84DC	140	10
U+84DD	140	10
U+84DE	140	10
U+84DF	140	10
U+84E0	140	10
U+84E1	140	10
U+84E2	140	10
U+84E3	140	10
U+84E4	140	10
U+84E5	140	10
U+84E6	140	10
U+84E7	140	11
U+84E8	140	11
U+84E9	140	11
U+84EA	140	11
U+84EB	140	11
U+84EC	140	11
U+84ED	140	11
U+84EE	140	11
U+84EF	140	11
U+84F0	140	11
U+84F1	140	11
U+84F2	140	11
U+84F3	140	11
U+84F4	140	11
U+84F5	140	11
U+84F6	140	11
U+84F7	140	11
U+84F8	140	11
U+84F9	140	11
U+84FA	140	11
U+84FB	140	11
U+84FC	140	11
U+84FD	140	11
U+84FE	140	11
U+84FF	140	11
U+8500	140	11
U+8501	140	11
U+8502	140	11
U+8503	140	11
U+8504	140	11
U+8505	140	11
U+8506	140	11
U+8507	140	11
U+8508	140	11
U+8509	140	11
U+850A	140	11
U+850B	140	11
U+850C	140	11
U+850D	140	11
U+850E	140	11
U+850F	140	11
U+8510	140	11
U+8511	140	11
U+8512	140	11
U+8513	140	11
U+8514	140	11
U+8515	140	11
U+8516	140	11
U+8517	140	11
U+8518	140	11
U+8519	140	11
U+851A	140	11
U+851B	140	11
U+851C	140	11
U+851D	140	11
U+851E	140	11
U+851F	140	11
U+8520	140	11
U+8521	140	11
U+8522	140	11
U+8523	140	11
U+8524	140	11
U+8525	140	11
U+8526	140	11
U+8527	140	11
U+8528	140	11
U+8529	140	11
U+852A	140	11
U+852B	140	11
U+852C	140	11
U+852D	140	11
U+852E	140	11
U+852F	140	11
U+8530	140	11
U+8531	140	11
U+8532	140	11
U+8533	140	11
U+8534	140	11
U+8535	140	11
U+8536	140	11
U+8537	140	11
U+8538	140	11
U+8539	140	11
U+853A	140	11
U+853B	140	11
U+853C	140	11
U+853D	140	12
U+853E	140	12
U+853F	140	12
U+8540	140	12
U+8541	140	12
U+8542	140	12
U+8543	140	12
U+8544	140	12
U+8545	140	12
U+8546	140	12
U+8547	140	12
U+8548	140	12
U+8549	140	12
U+854A	140	12
U+854B	140	12
U+854C	140	12
U+854D	140	12
U+854E	140	12
U+854F	140	12
U+8550	140	12
U+8551	140	12
U+8552	140	12
U+8553	140	12
U+8554	140	12
U+8555	140	12
U+8556	140	12
U+8557	140	12
U+8558	140	12
U+8559	140	12
U+855A	140	12
U+855B	140	12
U+855C	140	12
U+855D	140	12
U+855E	140	12
U+855F	140	12
U+8560	140	12
U+8561	140	12
U+8562	140	12
U+8563	140	12
U+8564	140	12
U+8565	140	12
U+8566	140	12
U+8567	140	12
U+8568	140	12
U+8569	140	12
U+856A	140	12
U+856B	140	12
U+856C	140	12
U+856D	140	12
U+856E	140	12
U+856F	140	12
U+8570	140	12
U+8571	140	12
U+8572	140	12
U+8573	140	12
U+8574	140	12
U+8575	140	12
U+8576	140	13
U+8577	140	13
U+8578	140	13
U+8579	140	13
U+857A	140	13
U+857B	140	13
U+857C	140	13
U+857D	140	13
U+857E	140	13
U+857F	140	13
U+8580	140	13
U+8581	140	13
U+8582	140	13
U+8583	140	13
U+8584	140	13
U+8585	140	13
U+8586	140	13
U+8587	140	13
U+8588	140	13
U+8589	140	13
U+858A	140	13
U+858B	140	13
U+858C	140	13
U+858D	140	13
U+858E	140	13
U+858F	140	13
U+8590	140	13
U+8591	140	13
U+8592	140	13
U+8593	140	13
U+8594	140	13
U+8595	140	13
U+8596	140	13
U+8597	140	13
U+8598	140	13
U+8599	140	13
U+859A	140	13
U+859B	140	13
U+859C	140	13
U+859D	140	13
U+859E	140	13
U+859F	140	13
U+85A0	140	13
U+85A1	140	13
U+85A2	140	13
U+85A3	140	13
U+85A4	140	13
U+85A5	140	13
U+85A6	140	13
U+85A7	140	13
U+85A8	140	13
U+85A9	140	14
U+85AA	140	13
U+85AB	140	13
U+85AC	140	13
U+85AD	140	14
U+85AE	140	13
U+85AF	140	14
U+85B0	140	14
U+85B1	140	14
U+85B2	140	14
U+85B3	140	14
U+85B4	140	14
U+85B5	140	14
U+85B6	140	14
U+85B7	140	14
U+85B8	140	14
U+85B9	140	14
U+85BA	140	14
U+85BB	140	14
U+85BC	140	14
U+85BD	140	14
U+85BE	140	14
U+85BF	140	14
U+85C0	140	14
U+85C1	140	14
U+85C2	140	14
U+85C3	140	14
U+85C4	140	14
U+85C5	140	14
U+85C6	140	14
U+85C7	140	14
U+85C8	140	14
U+85C9	140	14
U+85CA	140	14
U+85CB	140	14
U+85CC	140	14
U+85CD	140	14
U+85CE	140	14
U+85CF	140	14
U+85D0	140	14
U+85D1	140	14
U+85D2	140	14
U+85D3	140	14
U+85D4	140	15
U+85D5	140	15
U+85D6	140	15
U+85D7	140	15
U+85D8	140	15
U+85D9	140	15
U+85DA	140	15
U+85DB	140	15
U+85DC	140	15
U+85DD	140	15
U+85DE	140	15
U+85DF	140	15
U+85E0	140	15
U+85E1	140	15
U+85E2	140	15
U+85E3	140	15
U+85E4	140	15
U+85E5	140	15
U+85E6	140	15
U+85E7	140	15
U+85E8	140	15
U+85E9	140	15
U+85EA	140	15
U+85EB	140	15
U+85EC	140	15
U+85ED	140	15
U+85EE	140	16
U+85EF	140	15
U+85F0	140	15
U+85F1	140	15
U+85F2	140	15
U+85F3	140	15
U+85F4	140	15
U+85F5	140	15
U+85F6	140	16
U+85F7	140	16
U+85F8	140	16
U+85F9	140	16
U+85FA	140	16
U+85FB	140	16
U+85FC	140	16
U+85FD	140	16
U+85FE	140	16
U+85FF	140	16
U+8600	140	16
U+8601	140	16
U+8602	140	16
U+8603	140	16
U+8604	140	16
U+8605	140	16
U+8606	140	16
U+8607	140	16
U+8608	140	16
U+8609	140	16
U+860A	140	16
U+860B	140	16
U+860C	140	16
U+860D	140	16
U+860E	140	16
U+860F	140	16
U+8610	140	16
U+8611	140	16
U+8612	140	17
U+8613	140	16
U+8614	140	16
U+8615	140	17
U+8616	140	17
U+8617	140	17
U+8618	140	17
U+8619	140	17
U+861A	140	17
U+861B	140	17
U+861C	140	17
U+861D	140	17
U+861E	140	17
U+861F	140	17
U+8620	140	17
U+8621	140	17
U+8622	140	16
U+8623	140	17
U+8624	140	14
U+8625	140	17
U+8626	140	17
U+8627	140	17
U+8628	140	17
U+8629	140	17
U+862A	140	17
U+862B	140	17
U+862C	140	17
U+862D	140	17
U+862E	140	17
U+862F	140	17
U+8630	140	17
U+8631	140	19
U+8632	140	18
U+8633	140	18
U+8634	140	18
U+8635	140	18
U+8636	140	18
U+8637	140	18
U+8638	140	19
U+8639	140	19
U+863A	140	19
U+863B	140	19
U+863C	140	19
U+863D	140	19
U+863E	140	19
U+863F	140	19
U+8640	140	19
U+8641	140	19
U+8642	140	20
U+8643	140	20
U+8644	140	20
U+8645	140	20
U+8646	140	21
U+8647	140	21
U+8648	140	21
U+8649	140	21
U+864A	140	23
U+864B	140	25
U+864C	140	25
U+864D	141	0
U+864E	141	2
U+864F	141	2
U+8650	141	3
U+8651	141	4
U+8652	27	8
U+8653	141	4
U+8654	141	4
U+8655	141	5
U+8656	141	5
U+8657	141	5
U+8658	141	5
U+8659	141	5
U+865A	141	5
U+865B	141	6
U+865C	141	6
U+865D	141	6
U+865E	141	7
U+865F	141	7
U+8660	141	8
U+8661	141	8
U+8662	141	9
U+8663	141	9
U+8664	141	10
U+8665	141	10
U+8666	141	10
U+8667	141	11
U+8668	141	11
U+8669	141	12
U+866A	141	20
U+866B	142	0
U+866C	142	1
U+866D	142	2
U+866E	142	2
U+866F	142	2
U+8670	142	2
U+8671	142	2
U+8672	142	2
U+8673	142	3
U+8674	142	3
U+8675	142	3
U+8676	142	3
U+8677	142	3
U+8678	142	3
U+8679	142	3
U+867A	142	3
U+867B	142	3
U+867C	142	3
U+867D	142	3
U+867E	142	3
U+867F	142	3
U+8680	142	3
U+8681	142	3
U+8682	142	3
U+8683	142	3
U+8684	142	4
U+8685	142	4
U+8686	142	4
U+8687	142	4
U+8688	142	6
U+8689	142	4
U+868A	142	4
U+868B	142	4
U+868C	142	4
U+868D	142	4
U+868E	142	4
U+868F	142	4
U+8690	142	4
U+8691	142	4
U+8692	142	4
U+8693	142	4
U+8694	142	4
U+8695	142	4
U+8696	142	4
U+8697	142	4
U+8698	142	4
U+8699	142	4
U+869A	142	4
U+869B	142	4
U+869C	142	4
U+869D	142	4
U+869E	142	4
U+869F	142	4
U+86A0	142	4
U+86A1	142	4
U+86A2	142	4
U+86A3	142	4
U+86A4	142	4
U+86A5	142	4
U+86A6	142	4
U+86A7	142	4
U+86A8	142	4
U+86A9	142	4
U+86AA	142	4
U+86AB	142	5
U+86AC	142	4
U+86AD	142	5
U+86AE	142	5
U+86AF	142	5
U+86B0	142	5
U+86B1	142	5
U+86B2	142	5
U+86B3	142	5
U+86B4	142	5
U+86B5	142	5
U+86B6	142	5
U+86B7	142	5
U+86B8	142	5
U+86B9	142	5
U+86BA	142	5
U+86BB	142	5
U+86BC	142	5
U+86BD	142	5
U+86BE	142	5
U+86BF	142	5
U+86C0	142	5
U+86C1	142	5
U+86C2	142	5
U+86C3	142	5
U+86C4	142	5
U+86C5	142	5
U+86C6	142	5
U+86C7	142	5
U+86C8	142	5
U+86C9	142	5
U+86CA	142	5
U+86CB	142	5
U+86CC	142	5
U+86CD	142	5
U+86CE	142	5
U+86CF	142	5
U+86D0	142	6
U+86D1	142	6
U+86D2	142	6
U+86D3	142	6
U+86D4	142	6
U+86D5	142	6
U+86D6	142	7
U+86D7	142	6
U+86D8	142	6
U+86D9	142	6
U+86DA	142	6
U+86DB	142	6
U+86DC	142	6
U+86DD	142	6
U+86DE	142	6
U+86DF	142	6
U+86E0	142	6
U+86E1	142	6
U+86E2	142	6
U+86E3	142	6
U+86E4	142	6
U+86E5	142	6
U+86E6	142	6
U+86E7	142	6
U+86E8	142	6
U+86E9	142	6
U+86EA	142	6
U+86EB	142	6
U+86EC	142	6
U+86ED	142	6
U+86EE	142	6
U+86EF	142	6
U+86F0	142	6
U+86F1	142	6
U+86F2	142	6
U+86F3	142	6
U+86F4	142	6
U+86F5	142	7
U+86F6	142	7
U+86F7	142	7
U+86F8	142	7
U+86F9	142	7
U+86FA	142	7
U+86FB	142	7
U+86FC	142	7
U+86FD	142	7
U+86FE	142	7
U+86FF	142	7
U+8700	142	7
U+8701	142	7
U+8702	142	7
U+8703	142	7
U+8704	142	7
U+8705	142	7
U+8706	142	7
U+8707	142	7
U+8708	142	7
U+8709	142	7
U+870A	142	7
U+870B	142	7
U+870C	142	7
U+870D	142	7
U+870E	142	7
U+870F	142	7
U+8710	142	7
U+8711	142	7
U+8712	142	7
U+8713	142	7
U+8714	142	7
U+8715	142	7
U+8716	142	7
U+8717	142	7
U+8718	142	8
U+8719	142	8
U+871A	142	8
U+871B	142	8
U+871C	142	8
U+871D	142	8
U+871E	142	8
U+871F	142	8
U+8720	142	8
U+8721	142	8
U+8722	142	8
U+8723	142	8
U+8724	142	8
U+8725	142	8
U+8726	142	8
U+8727	142	8
U+8728	142	8
U+8729	142	8
U+872A	142	8
U+872B	142	7
U+872C	142	8
U+872D	142	8
U+872E	142	8
U+872F	142	8
U+8730	142	8
U+8731	142	8
U+8732	142	8
U+8733	142	8
U+8734	142	8
U+8735	142	8
U+8736	142	8
U+8737	142	8
U+8738	142	8
U+8739	142	8
U+873A	142	8
U+873B	142	8
U+873C	142	8
U+873D	142	8
U+873E	142	8
U+873F	142	8
U+8740	142	8
U+8741	142	8
U+8742	142	8
U+8743	142	8
U+8744	142	8
U+8745	142	8
U+8746	142	7
U+8747	142	8
U+8748	142	8
U+8749	142	8
U+874A	142	8
U+874B	142	8
U+874C	142	9
U+874D	142	9
U+874E	142	9
U+874F	142	9
U+8750	142	9
U+8751	142	9
U+8752	142	9
U+8753	142	9
U+8754	142	9
U+8755	142	9
U+8756	142	9
U+8757	142	9
U+8758	142	9
U+8759	142	9
U+875A	142	9
U+875B	142	9
U+875C	142	9
U+875D	142	9
U+875E	142	9
U+875F	142	9
U+8760	142	9
U+8761	142	9
U+8762	142	9
U+8763	142	9
U+8764	142	9
U+8765	142	9
U+8766	142	9
U+8767	142	9
U+8768	142	9
U+8769	142	9
U+876A	142	9
U+876B	142	9
U+876C	142	9
U+876D	142	9
U+876E	142	9
U+876F	142	9
U+8770	142	9
U+8771	142	9
U+8772	142	9
U+8773	142	9
U+8774	142	9
U+8775	142	9
U+8776	142	9
U+8777	142	9
U+8778	142	9
U+8779	142	10
U+877A	142	9
U+877B	142	9
U+877C	142	9
U+877D	142	9
U+877E	142	9
U+877F	142	9
U+8780	142	9
U+8781	142	10
U+8782	142	10
U+8783	142	10
U+8784	142	10
U+8785	142	10
U+8786	142	10
U+8787	142	10
U+8788	142	10
U+8789	142	10
U+878A	142	10
U+878B	142	10
U+878C	142	10
U+878D	142	10
U+878E	142	10
U+878F	142	10
U+8790	142	10
U+8791	142	10
U+8792	142	10
U+8793	142	10
U+8794	142	10
U+8795	142	10
U+8796	142	10
U+8797	142	10
U+8798	142	10
U+8799	142	10
U+879A	142	10
U+879B	142	10
U+879C	142	10
U+879D	142	10
U+879E	142	10
U+879F	142	10
U+87A0	142	10
U+87A1	142	10
U+87A2	142	10
U+87A3	142	10
U+87A4	142	10
U+87A5	142	10
U+87A6	142	10
U+87A7	142	10
U+87A8	142	10
U+87A9	142	10
U+87AA	142	11
U+87AB	142	11
U+87AC	142	11
U+87AD	142	11
U+87AE	142	11
U+87AF	142	11
U+87B0	142	11
U+87B1	142	11
U+87B2	142	11
U+87B3	142	11
U+87B4	142	11
U+87B5	142	11
U+87B6	142	11
U+87B7	142	11
U+87B8	142	11
U+87B9	142	11
U+87BA	142	11
U+87BB	142	11
U+87BC	142	11
U+87BD	142	11
U+87BE	142	11
U+87BF	142	11
U+87C0	142	11
U+87C1	142	11
U+87C2	142	11
U+87C3	142	11
U+87C4	142	11
U+87C5	142	11
U+87C6	142	11
U+87C7	142	11
U+87C8	142	11
U+87C9	142	11
U+87CA	142	11
U+87CB	142	11
U+87CC	142	11
U+87CD	142	11
U+87CE	142	11
U+87CF	142	11
U+87D0	142	11
U+87D1	142	11
U+87D2	142	11
U+87D3	142	12
U+87D4	142	12
U+87D5	142	12
U+87D6	142	12
U+87D7	142	12
U+87D8	142	12
U+87D9	142	12
U+87DA	142	12
U+87DB	142	12
U+87DC	142	12
U+87DD	142	12
U+87DE	142	12
U+87DF	142	12
U+87E0	142	12
U+87E1	142	9
U+87E2	142	12
U+87E3	142	12
U+87E4	142	12
U+87E5	142	12
U+87E6	142	12
U+87E7	142	12
U+87E8	142	12
U+87E9	142	12
U+87EA	142	12
U+87EB	142	12
U+87EC	142	12
U+87ED	142	12
U+87EE	142	12
U+87EF	142	12
U+87F0	142	12
U+87F1	142	12
U+87F2	142	12
U+87F3	142	12
U+87F4	142	12
U+87F5	142	12
U+87F6	142	13
U+87F7	142	13
U+87F8	142	13
U+87F9	142	13
U+87FA	142	13
U+87FB	142	13
U+87FC	142	13
U+87FD	142	13
U+87FE	142	13
U+87FF	142	13
U+8800	142	13
U+8801	142	12
U+8802	142	13
U+8803	142	13
U+8804	142	13
U+8805	142	13
U+8806	142	13
U+8807	142	13
U+8808	142	13
U+8809	142	13
U+880A	142	13
U+880B	142	13
U+880C	142	13
U+880D	142	13
U+880E	142	12
U+880F	142	13
U+8810	142	14
U+8811	142	14
U+8812	142	14
U+8813	142	14
U+8814	142	14
U+8815	142	14
U+8816	142	14
U+8817	142	14
U+8818	142	14
U+8819	142	14
U+881A	142	15
U+881B	142	15
U+881C	142	15
U+881D	142	15
U+881E	142	15
U+881F	142	15
U+8820	142	15
U+8821	142	15
U+8822	142	15
U+8823	142	15
U+8824	142	15
U+8825	142	16
U+8826	142	16
U+8827	142	16
U+8828	142	16
U+8829	142	16
U+882A	142	16
U+882B	142	16
U+882C	142	16
U+882D	142	17
U+882E	142	17
U+882F	142	17
U+8830	142	17
U+8831	142	17
U+8832	142	17
U+8833	142	17
U+8834	142	15
U+8835	142	18
U+8836	142	18
U+8837	142	18
U+8838	142	18
U+8839	142	18
U+883A	142	18
U+883B	142	19
U+883C	142	20
U+883D	142	21
U+883E	142	21
U+883F	142	22
U+8840	143	0
U+8841	143	3
U+8842	143	3
U+8843	143	4
U+8844	143	4
U+8845	143	5
U+8846	143	6
U+8847	143	6
U+8848	143	6
U+8849	143	6
U+884A	143	15
U+884B	143	18
U+884C	144	0
U+884D	144	3
U+884E	144	3
U+884F	144	4
U+8850	144	5
U+8851	144	5
U+8852	144	5
U+8853	144	5
U+8854	144	5
U+8855	144	6
U+8856	144	6
U+8857	144	6
U+8858	144	6
U+8859	144	7
U+885A	144	9
U+885B	144	9
U+885C	144	9
U+885D	144	9
U+885E	144	10
U+885F	144	10
U+8860	144	10
U+8861	144	10
U+8862	144	18
U+8863	145	0
U+8864	145	0
U+8865	145	2
U+8866	145	3
U+8867	145	3
U+8868	145	3
U+8869	145	3
U+886A	145	3
U+886B	145	3
U+886C	145	3
U+886D	145	4
U+886E	145	4
U+886F	145	4
U+8870	145	4
U+8871	145	4
U+8872	145	4
U+8873	145	4
U+8874	145	4
U+8875	145	4
U+8876	145	4
U+8877	145	4
U+8878	145	4
U+8879	145	4
U+887A	145	4
U+887B	145	4
U+887C	145	4
U+887D	145	4
U+887E	145	4
U+887F	145	4
U+8880	145	4
U+8881	145	4
U+8882	145	4
U+8883	145	4
U+8884	145	4
U+8885	145	4
U+8886	145	4
U+8887	145	4
U+8888	145	5
U+8889	145	5
U+888A	145	5
U+888B	145	5
U+888C	145	5
U+888D	145	5
U+888E	145	5
U+888F	145	5
U+8890	145	5
U+8891	145	5
U+8892	145	5
U+8893	145	5
U+8894	145	5
U+8895	145	5
U+8896	145	5
U+8897	145	5
U+8898	145	5
U+8899	145	5
U+889A	145	5
U+889B	145	5
U+889C	145	5
U+889D	145	5
U+889E	145	5
U+889F	145	5
U+88A0	145	5
U+88A1	145	5
U+88A2	145	5
U+88A3	145	5
U+88A4	145	5
U+88A5	145	5
U+88A6	145	5
U+88A7	145	5
U+88A8	145	5
U+88A9	145	5
U+88AA	145	5
U+88AB	145	5
U+88AC	145	5
U+88AD	145	5
U+88AE	145	5
U+88AF	145	6
U+88B0	145	5
U+88B1	145	6
U+88B2	145	6
U+88B3	145	6
U+88B4	145	6
U+88B5	145	6
U+88B6	145	6
U+88B7	145	6
U+88B8	145	6
U+88B9	145	6
U+88BA	145	6
U+88BB	145	6
U+88BC	145	6
U+88BD	145	6
U+88BE	145	6
U+88BF	145	6
U+88C0	145	6
U+88C1	145	6
U+88C2	145	6
U+88C3	145	6
U+88C4	145	6
U+88C5	145	6
U+88C6	145	6
U+88C7	145	6
U+88C8	145	6
U+88C9	145	6
U+88CA	145	7
U+88CB	145	7
U+88CC	145	7
U+88CD	145	7
U+88CE	145	7
U+88CF	145	7
U+88D0	145	7
U+88D1	145	7
U+88D2	145	7
U+88D3	145	7
U+88D4	145	7
U+88D5	145	7
U+88D6	145	7
U+88D7	145	7
U+88D8	145	7
U+88D9	145	7
U+88DA	145	7
U+88DB	145	7
U+88DC	145	7
U+88DD	145	7
U+88DE	145	7
U+88DF	145	7
U+88E0	145	7
U+88E1	145	7
U+88E2	145	7
U+88E3	145	7
U+88E4	145	7
U+88E5	145	7
U+88E6	145	9
U+88E7	145	8
U+88E8	145	8
U+88E9	145	8
U+88EA	145	8
U+88EB	145	8
U+88EC	145	8
U+88ED	145	8
U+88EE	145	8
U+88EF	145	8
U+88F0	145	8
U+88F1	145	8
U+88F2	145	8
U+88F3	145	8
U+88F4	145	8
U+88F5	145	8
U+88F6	145	8
U+88F7	145	8
U+88F8	145	8
U+88F9	145	8
U+88FA	145	8
U+88FB	145	8
U+88FC	145	8
U+88FD	145	8
U+88FE	145	8
U+88FF	145	8
U+8900	145	8
U+8901	145	8
U+8902	145	8
U+8903	145	8
U+8904	145	8
U+8905	145	9
U+8906	145	9
U+8907	145	9
U+8908	145	9
U+8909	145	9
U+890A	145	9
U+890B	145	9
U+890C	145	9
U+890D	145	9
U+890E	145	9
U+890F	145	9
U+8910	145	9
U+8911	145	9
U+8912	145	9
U+8913	145	9
U+8914	145	9
U+8915	145	9
U+8916	145	9
U+8917	145	9
U+8918	145	9
U+8919	145	9
U+891A	145	9
U+891B	145	9
U+891C	145	9
U+891D	145	9
U+891E	145	10
U+891F	145	10
U+8920	145	10
U+8921	145	10
U+8922	145	10
U+8923	145	10
U+8924	145	10
U+8925	145	10
U+8926	145	10
U+8927	145	10
U+8928	145	10
U+8929	145	10
U+892A	145	10
U+892B	145	10
U+892C	145	10
U+892D	145	10
U+892E	145	10
U+892F	145	10
U+8930	145	10
U+8931	145	10
U+8932	145	10
U+8933	145	11
U+8934	145	10
U+8935	145	11
U+8936	145	11
U+8937	145	11
U+8938	145	11
U+8939	145	11
U+893A	145	11
U+893B	145	11
U+893C	145	11
U+893D	145	11
U+893E	145	11
U+893F	145	11
U+8940	145	11
U+8941	145	11
U+8942	145	11
U+8943	145	11
U+8944	145	11
U+8945	145	11
U+8946	145	12
U+8947	145	12
U+8948	145	12
U+8949	145	12
U+894A	145	12
U+894B	145	12
U+894C	145	12
U+894D	145	12
U+894E	145	12
U+894F	145	12
U+8950	145	12
U+8951	145	12
U+8952	145	12
U+8953	145	12
U+8954	145	11
U+8955	145	12
U+8956	145	13
U+8957	145	13
U+8958	145	13
U+8959	145	13
U+895A	145	13
U+895B	145	13
U+895C	145	13
U+895D	145	13
U+895E	145	13
U+895F	145	13
U+8960	145	13
U+8961	145	13
U+8962	145	13
U+8963	145	14
U+8964	145	14
U+8965	145	14
U+8966	145	14
U+8967	145	14
U+8968	145	14
U+8969	145	15
U+896A	145	15
U+896B	145	15
U+896C	145	15
U+896D	145	15
U+896E	145	15
U+896F	145	16
U+8970	145	16
U+8971	145	16
U+8972	145	16
U+8973	145	17
U+8974	145	17
U+8975	145	18
U+8976	145	18
U+8977	145	18
U+8978	145	19
U+8979	145	19
U+897A	145	19
U+897B	145	19
U+897C	145	19
U+897D	145	17
U+897E	146	0
U+897F	146	0
U+8980	146	0
U+8981	146	3
U+8982	146	5
U+8983	146	6
U+8984	146	6
U+8985	146	7
U+8986	146	12
U+8987	146	13
U+8988	146	13
U+8989	146	17
U+898A	146	19
U+898B	147	0
U+898C	147	2
U+898D	147	3
U+898E	147	3
U+898F	147	4
U+8990	147	4
U+8991	147	4
U+8992	147	4
U+8993	147	4
U+8994	147	4
U+8995	147	5
U+8996	113	7
U+8997	147	5
U+8998	147	5
U+8999	147	2
U+899A	147	5
U+899B	147	6
U+899C	147	6
U+899D	147	7
U+899E	147	7
U+899F	147	7
U+89A0	147	7
U+89A1	147	7
U+89A2	147	8
U+89A3	147	8
U+89A4	147	8
U+89A5	147	8
U+89A6	147	9
U+89A7	147	9
U+89A8	147	9
U+89A9	147	9
U+89AA	147	9
U+89AB	147	10
U+89AC	147	10
U+89AD	147	10
U+89AE	147	10
U+89AF	147	10
U+89B0	147	11
U+89B1	147	11
U+89B2	147	11
U+89B3	147	11
U+89B4	147	12
U+89B5	147	12
U+89B6	147	12
U+89B7	147	12
U+89B8	147	12
U+89B9	147	13
U+89BA	147	13
U+89BB	147	13
U+89BC	147	14
U+89BD	147	14
U+89BE	147	15
U+89BF	147	15
U+89C0	147	18
U+89C1	147	0
U+89C2	147	2
U+89C3	147	3
U+89C4	147	4
U+89C5	147	4
U+89C6	113	4
U+89C7	147	5
U+89C8	147	5
U+89C9	147	5
U+89CA	147	6
U+89CB	147	7
U+89CC	147	8
U+89CD	147	8
U+89CE	147	9
U+89CF	147	10
U+89D0	147	11
U+89D1	147	11
U+89D2	148	0
U+89D3	148	2
U+89D4	148	2
U+89D5	148	4
U+89D6	148	4
U+89D7	148	4
U+89D8	148	4
U+89D9	148	4
U+89DA	148	5
U+89DB	148	5
U+89DC	148	6
U+89DD	148	5
U+89DE	148	5
U+89DF	148	6
U+89E0	148	6
U+89E1	148	6
U+89E2	148	6
U+89E3	148	6
U+89E4	148	6
U+89E5	148	6
U+89E6	148	6
U+89E7	148	6
U+89E8	148	7
U+89E9	148	7
U+89EA	148	7
U+89EB	148	7
U+89EC	148	8
U+89ED	148	8
U+89EE	148	8
U+89EF	148	8
U+89F0	148	9
U+89F1	148	9
U+89F2	148	10
U+89F3	148	10
U+89F4	148	11
U+89F5	148	12
U+89F6	148	12
U+89F7	148	13
U+89F8	148	13
U+89F9	148	13
U+89FA	148	14
U+89FB	148	15
U+89FC	148	15
U+89FD	148	16
U+89FE	148	16
U+89FF	148	18
U+8A00	149	0
U+8A01	149	0
U+8A02	149	2
U+8A03	149	2
U+8A04	149	2
U+8A05	149	2
U+8A06	149	2
U+8A07	149	2
U+8A08	149	2
U+8A09	149	3
U+8A0A	149	3
U+8A0B	149	3
U+8A0C	149	3
U+8A0D	149	3
U+8A0E	149	3
U+8A0F	149	3
U+8A10	149	3
U+8A11	149	3
U+8A12	149	3
U+8A13	149	3
U+8A14	149	3
U+8A15	149	3
U+8A16	149	3
U+8A17	149	3
U+8A18	149	3
U+8A19	149	3
U+8A1A	149	3
U+8A1B	149	4
U+8A1C	149	4
U+8A1D	149	4
U+8A1E	149	4
U+8A1F	149	4
U+8A20	149	4
U+8A21	149	4
U+8A22	149	4
U+8A23	149	4
U+8A24	149	4
U+8A25	149	4
U+8A26	149	4
U+8A27	149	4
U+8A28	149	4
U+8A29	149	4
U+8A2A	149	4
U+8A2B	149	4
U+8A2C	149	4
U+8A2D	149	4
U+8A2E	149	4
U+8A2F	149	4
U+8A30	149	4
U+8A31	149	4
U+8A32	149	4
U+8A33	149	4
U+8A34	149	5
U+8A35	149	5
U+8A36	149	5
U+8A37	149	5
U+8A38	149	5
U+8A39	149	5
U+8A3A	149	5
U+8A3B	149	5
U+8A3C	149	5
U+8A3D	149	5
U+8A3E	149	5
U+8A3F	149	5
U+8A40	149	5
U+8A41	149	5
U+8A42	149	5
U+8A43	149	5
U+8A44	149	5
U+8A45	149	5
U+8A46	149	5
U+8A47	149	5
U+8A48	149	5
U+8A49	149	5
U+8A4A	149	5
U+8A4B	149	5
U+8A4C	149	5
U+8A4D	149	5
U+8A4E	149	5
U+8A4F	149	5
U+8A50	149	5
U+8A51	149	5
U+8A52	149	5
U+8A53	149	5
U+8A54	149	5
U+8A55	149	5
U+8A56	149	5
U+8A57	149	5
U+8A58	149	5
U+8A59	149	5
U+8A5A	149	5
U+8A5B	149	5
U+8A5C	149	5
U+8A5D	149	5
U+8A5E	149	5
U+8A5F	149	5
U+8A60	149	5
U+8A61	149	6
U+8A62	149	6
U+8A63	149	6
U+8A64	149	6
U+8A65	149	6
U+8A66	149	6
U+8A67	149	6
U+8A68	149	6
U+8A69	149	6
U+8A6A	149	6
U+8A6B	149	6
U+8A6C	149	6
U+8A6D	149	6
U+8A6E	149	6
U+8A6F	149	6
U+8A70	149	6
U+8A71	149	6
U+8A72	149	6
U+8A73	149	6
U+8A74	149	6
U+8A75	149	6
U+8A76	149	6
U+8A77	149	6
U+8A78	149	6
U+8A79	149	6
U+8A7A	149	6
U+8A7B	149	6
U+8A7C	149	6
U+8A7D	149	6
U+8A7E	149	6
U+8A7F	149	6
U+8A80	149	6
U+8A81	149	6
U+8A82	149	6
U+8A83	149	6
U+8A84	149	6
U+8A85	149	6
U+8A86	149	6
U+8A87	149	6
U+8A88	149	6
U+8A89	149	6
U+8A8A	149	6
U+8A8B	149	7
U+8A8C	149	7
U+8A8D	149	7
U+8A8E	149	7
U+8A8F	149	7
U+8A90	149	7
U+8A91	149	7
U+8A92	149	7
U+8A93	149	7
U+8A94	149	7
U+8A95	149	7
U+8A96	149	7
U+8A97	149	7
U+8A98	149	7
U+8A99	149	7
U+8A9A	149	7
U+8A9B	149	7
U+8A9C	149	7
U+8A9D	149	7
U+8A9E	149	7
U+8A9F	149	7
U+8AA0	149	6
U+8AA1	149	7
U+8AA2	149	7
U+8AA3	149	7
U+8AA4	149	7
U+8AA5	149	7
U+8AA6	149	7
U+8AA7	149	7
U+8AA8	149	7
U+8AA9	149	7
U+8AAA	149	7
U+8AAB	149	7
U+8AAC	149	7
U+8AAD	149	7
U+8AAE	149	7
U+8AAF	149	8
U+8AB0	149	8
U+8AB1	149	8
U+8AB2	149	8
U+8AB3	149	8
U+8AB4	149	8
U+8AB5	149	8
U+8AB6	149	8
U+8AB7	149	8
U+8AB8	149	8
U+8AB9	149	8
U+8ABA	149	8
U+8ABB	149	8
U+8ABC	149	8
U+8ABD	149	8
U+8ABE	149	8
U+8ABF	149	8
U+8AC0	149	8
U+8AC1	149	8
U+8AC2	149	8
U+8AC3	149	8
U+8AC4	149	8
U+8AC5	149	8
U+8AC6	149	8
U+8AC7	149	8
U+8AC8	149	8
U+8AC9	149	8
U+8ACA	149	8
U+8ACB	149	8
U+8ACC	149	8
U+8ACD	149	8
U+8ACE	149	8
U+8ACF	149	8
U+8AD0	149	8
U+8AD1	149	8
U+8AD2	149	8
U+8AD3	149	8
U+8AD4	149	8
U+8AD5	149	8
U+8AD6	149	8
U+8AD7	149	8
U+8AD8	149	8
U+8AD9	149	8
U+8ADA	149	8
U+8ADB	149	9
U+8ADC	149	9
U+8ADD	149	9
U+8ADE	149	9
U+8ADF	149	9
U+8AE0	149	9
U+8AE1	149	9
U+8AE2	149	9
U+8AE3	149	9
U+8AE4	149	9
U+8AE5	149	9
U+8AE6	149	9
U+8AE7	149	9
U+8AE8	149	9
U+8AE9	149	8
U+8AEA	149	9
U+8AEB	149	9
U+8AEC	149	9
U+8AED	149	9
U+8AEE	149	9
U+8AEF	149	9
U+8AF0	149	9
U+8AF1	149	9
U+8AF2	149	9
U+8AF3	149	9
U+8AF4	149	9
U+8AF5	149	9
U+8AF6	149	9
U+8AF7	149	9
U+8AF8	149	9
U+8AF9	149	9
U+8AFA	149	9
U+8AFB	149	9
U+8AFC	149	9
U+8AFD	149	9
U+8AFE	149	9
U+8AFF	149	9
U+8B00	149	9
U+8B01	149	9
U+8B02	149	9
U+8B03	149	9
U+8B04	149	10
U+8B05	149	10
U+8B06	149	10
U+8B07	149	10
U+8B08	149	10
U+8B09	149	10
U+8B0A	149	10
U+8B0B	149	10
U+8B0C	149	10
U+8B0D	149	10
U+8B0E	149	10
U+8B0F	149	10
U+8B10	149	10
U+8B11	149	10
U+8B12	149	10
U+8B13	149	10
U+8B14	149	10
U+8B15	149	10
U+8B16	149	10
U+8B17	149	10
U+8B18	149	10
U+8B19	149	10
U+8B1A	149	10
U+8B1B	149	10
U+8B1C	149	10
U+8B1D	149	10
U+8B1E	149	10
U+8B1F	149	10
U+8B20	149	10
U+8B21	149	10
U+8B22	149	10
U+8B23	149	11
U+8B24	149	11
U+8B25	149	11
U+8B26	149	11
U+8B27	149	11
U+8B28	149	11
U+8B29	149	11
U+8B2A	149	11
U+8B2B	149	11
U+8B2C	149	11
U+8B2D	149	11
U+8B2E	149	11
U+8B2F	149	11
U+8B30	149	11
U+8B31	149	11
U+8B32	149	11
U+8B33	149	11
U+8B34	149	11
U+8B35	149	11
U+8B36	149	11
U+8B37	149	11
U+8B38	149	11
U+8B39	149	11
U+8B3A	149	11
U+8B3B	149	11
U+8B3C	149	11
U+8B3D	149	11
U+8B3E	149	11
U+8B3F	149	12
U+8B40	149	12
U+8B41	149	12
U+8B42	149	12
U+8B43	149	12
U+8B44	149	12
U+8B45	149	12
U+8B46	149	12
U+8B47	149	12
U+8B48	149	12
U+8B49	149	12
U+8B4A	149	12
U+8B4B	149	12
U+8B4C	149	12
U+8B4D	149	13
U+8B4E	149	12
U+8B4F	149	12
U+8B50	149	12
U+8B51	149	12
U+8B52	149	12
U+8B53	149	12
U+8B54	149	12
U+8B55	149	12
U+8B56	149	12
U+8B57	149	12
U+8B58	149	12
U+8B59	149	12
U+8B5A	149	12
U+8B5B	149	12
U+8B5C	149	12
U+8B5D	149	13
U+8B5E	149	13
U+8B5F	149	13
U+8B60	149	13
U+8B61	149	13
U+8B62	149	13
U+8B63	149	13
U+8B64	149	13
U+8B65	149	13
U+8B66	149	13
U+8B67	149	13
U+8B68	149	13
U+8B69	149	13
U+8B6A	149	13
U+8B6B	149	13
U+8B6C	149	13
U+8B6D	149	13
U+8B6E	149	13
U+8B6F	149	13
U+8B70	149	13
U+8B71	149	13
U+8B72	149	13
U+8B73	149	14
U+8B74	149	14
U+8B75	149	14
U+8B76	149	14
U+8B77	149	14
U+8B78	149	14
U+8B79	149	14
U+8B7A	149	14
U+8B7B	149	14
U+8B7C	149	14
U+8B7D	149	14
U+8B7E	149	15
U+8B7F	149	15
U+8B80	149	15
U+8B81	149	15
U+8B82	149	15
U+8B83	149	15
U+8B84	149	15
U+8B85	149	15
U+8B86	149	16
U+8B87	149	16
U+8B88	149	16
U+8B89	149	16
U+8B8A	149	16
U+8B8B	149	16
U+8B8C	149	16
U+8B8D	149	16
U+8B8E	149	16
U+8B8F	149	16
U+8B90	149	16
U+8B91	149	17
U+8B92	149	17
U+8B93	149	17
U+8B94	149	17
U+8B95	149	17
U+8B96	149	17
U+8B97	149	18
U+8B98	149	18
U+8B99	149	18
U+8B9A	149	19
U+8B9B	149	19
U+8B9C	149	20
U+8B9D	149	20
U+8B9E	149	20
U+8B9F	149	22
U+8BA0	149	0
U+8BA1	149	2
U+8BA2	149	2
U+8BA3	149	2
U+8BA4	149	2
U+8BA5	149	2
U+8BA6	149	3
U+8BA7	149	3
U+8BA8	149	3
U+8BA9	149	3
U+8BAA	149	3
U+8BAB	149	3
U+8BAC	149	3
U+8BAD	149	3
U+8BAE	149	3
U+8BAF	149	3
U+8BB0	149	3
U+8BB1	149	3
U+8BB2	149	4
U+8BB3	149	4
U+8BB4	149	4
U+8BB5	149	4
U+8BB6	149	4
U+8BB7	149	4
U+8BB8	149	4
U+8BB9	149	4
U+8BBA	149	4
U+8BBB	149	4
U+8BBC	149	4
U+8BBD	149	4
U+8BBE	149	4
U+8BBF	149	4
U+8BC0	149	4
U+8BC1	149	5
U+8BC2	149	5
U+8BC3	149	5
U+8BC4	149	5
U+8BC5	149	5
U+8BC6	149	5
U+8BC7	149	5
U+8BC8	149	5
U+8BC9	149	5
U+8BCA	149	5
U+8BCB	149	5
U+8BCC	149	5
U+8BCD	149	5
U+8BCE	149	5
U+8BCF	149	5
U+8BD0	149	5
U+8BD1	149	5
U+8BD2	149	5
U+8BD3	149	6
U+8BD4	149	6
U+8BD5	149	6
U+8BD6	149	6
U+8BD7	149	6
U+8BD8	149	6
U+8BD9	149	6
U+8BDA	149	6
U+8BDB	149	6
U+8BDC	149	6
U+8BDD	149	6
U+8BDE	149	6
U+8BDF	149	6
U+8BE0	149	6
U+8BE1	149	6
U+8BE2	149	6
U+8BE3	149	6
U+8BE4	149	6
U+8BE5	149	6
U+8BE6	149	6
U+8BE7	149	6
U+8BE8	149	6
U+8BE9	149	6
U+8BEA	149	7
U+8BEB	149	7
U+8BEC	149	7
U+8BED	149	7
U+8BEE	149	7
U+8BEF	149	7
U+8BF0	149	7
U+8BF1	149	7
U+8BF2	149	7
U+8BF3	149	7
U+8BF4	149	7
U+8BF5	149	7
U+8BF6	149	7
U+8BF7	149	8
U+8BF8	149	8
U+8BF9	149	8
U+8BFA	149	8
U+8BFB	149	8
U+8BFC	149	8
U+8BFD	149	8
U+8BFE	149	8
U+8BFF	149	8
U+8C00	149	8
U+8C01	149	8
U+8C02	149	8
U+8C03	149	8
U+8C04	149	8
U+8C05	149	8
U+8C06	149	8
U+8C07	149	8
U+8C08	149	8
U+8C09	149	8
U+8C0A	149	8
U+8C0B	149	9
U+8C0C	149	9
U+8C0D	149	9
U+8C0E	149	9
U+8C0F	149	9
U+8C10	149	9
U+8C11	149	9
U+8C12	149	9
U+8C13	149	9
U+8C14	149	9
U+8C15	149	9
U+8C16	149	9
U+8C17	149	9
U+8C18	149	9
U+8C19	149	9
U+8C1A	149	9
U+8C1B	149	9
U+8C1C	149	9
U+8C1D	149	9
U+8C1E	149	9
U+8C1F	149	10
U+8C20	149	10
U+8C21	149	10
U+8C22	149	10
U+8C23	149	10
U+8C24	149	10
U+8C25	149	10
U+8C26	149	10
U+8C27	149	10
U+8C28	149	11
U+8C29	149	11
U+8C2A	149	11
U+8C2B	149	11
U+8C2C	149	11
U+8C2D	149	12
U+8C2E	149	12
U+8C2F	149	12
U+8C30	149	12
U+8C31	149	12
U+8C32	149	12
U+8C33	149	13
U+8C34	149	13
U+8C35	149	13
U+8C36	149	17
U+8C37	150	0
U+8C38	150	3
U+8C39	150	4
U+8C3A	150	4
U+8C3B	150	4
U+8C3C	150	6
U+8C3D	150	7
U+8C3E	150	8
U+8C3F	150	10
U+8C40	150	10
U+8C41	150	10
U+8C42	150	11
U+8C43	150	12
U+8C44	150	15
U+8C45	150	16
U+8C46	151	0
U+8C47	151	3
U+8C48	151	3
U+8C49	151	4
U+8C4A	151	6
U+8C4B	151	6
U+8C4C	151	8
U+8C4D	151	8
U+8C4E	151	8
U+8C4F	151	10
U+8C50	151	11
U+8C51	151	13
U+8C52	151	18
U+8C53	151	20
U+8C54	151	21
U+8C55	152	0
U+8C56	152	1
U+8C57	152	3
U+8C58	152	4
U+8C59	152	4
U+8C5A	152	4
U+8C5B	152	4
U+8C5C	152	4
U+8C5D	152	4
U+8C5E	152	5
U+8C5F	152	5
U+8C60	152	5
U+8C61	152	5
U+8C62	152	6
U+8C63	152	6
U+8C64	152	6
U+8C65	152	6
U+8C66	152	6
U+8C67	152	7
U+8C68	152	7
U+8C69	152	7
U+8C6A	152	7
U+8C6B	152	9
U+8C6C	152	9
U+8C6D	152	9
U+8C6E	152	9
U+8C6F	152	10
U+8C70	152	10
U+8C71	152	10
U+8C72	152	10
U+8C73	152	10
U+8C74	152	11
U+8C75	152	11
U+8C76	152	13
U+8C77	152	12
U+8C78	153	0
U+8C79	153	3
U+8C7A	153	3
U+8C7B	153	3
U+8C7C	153	4
U+8C7D	153	4
U+8C7E	153	5
U+8C7F	153	5
U+8C80	153	5
U+8C81	153	5
U+8C82	153	5
U+8C83	153	5
U+8C84	153	6
U+8C85	153	6
U+8C86	153	6
U+8C87	153	6
U+8C88	153	6
U+8C89	153	6
U+8C8A	153	6
U+8C8B	153	7
U+8C8C	153	7
U+8C8D	153	7
U+8C8E	153	8
U+8C8F	153	8
U+8C90	153	9
U+8C91	153	9
U+8C92	153	9
U+8C93	153	9
U+8C94	153	10
U+8C95	153	10
U+8C96	153	10
U+8C97	153	11
U+8C98	153	11
U+8C99	153	11
U+8C9A	153	12
U+8C9B	153	18
U+8C9C	153	20
U+8C9D	154	0
U+8C9E	154	2
U+8C9F	154	2
U+8CA0	154	2
U+8CA1	154	3
U+8CA2	154	3
U+8CA3	154	3
U+8CA4	154	3
U+8CA5	154	4
U+8CA6	154	4
U+8CA7	154	4
U+8CA8	154	4
U+8CA9	154	4
U+8CAA	154	4
U+8CAB	154	4
U+8CAC	154	4
U+8CAD	154	4
U+8CAE	154	4
U+8CAF	154	5
U+8CB0	154	5
U+8CB1	154	5
U+8CB2	154	5
U+8CB3	154	5
U+8CB4	154	5
U+8CB5	154	5
U+8CB6	154	5
U+8CB7	154	5
U+8CB8	154	5
U+8CB9	154	5
U+8CBA	154	5
U+8CBB	154	5
U+8CBC	154	5
U+8CBD	154	5
U+8CBE	154	5
U+8CBF	154	5
U+8CC0	154	5
U+8CC1	154	5
U+8CC2	154	6
U+8CC3	154	6
U+8CC4	154	6
U+8CC5	154	6
U+8CC6	154	6
U+8CC7	154	6
U+8CC8	154	6
U+8CC9	154	6
U+8CCA	154	6
U+8CCB	154	6
U+8CCC	154	6
U+8CCD	154	6
U+8CCE	154	6
U+8CCF	154	7
U+8CD0	154	7
U+8CD1	154	7
U+8CD2	154	7
U+8CD3	154	7
U+8CD4	154	7
U+8CD5	154	7
U+8CD6	154	7
U+8CD7	154	7
U+8CD8	154	7
U+8CD9	154	8
U+8CDA	154	8
U+8CDB	154	8
U+8CDC	154	8
U+8CDD	154	8
U+8CDE	154	8
U+8CDF	154	8
U+8CE0	154	8
U+8CE1	154	8
U+8CE2	154	8
U+8CE3	154	8
U+8CE4	154	8
U+8CE5	154	8
U+8CE6	154	8
U+8CE7	154	8
U+8CE8	154	8
U+8CE9	154	8
U+8CEA	154	8
U+8CEB	154	8
U+8CEC	154	8
U+8CED	154	9
U+8CEE	154	9
U+8CEF	154	9
U+8CF0	154	9
U+8CF1	154	9
U+8CF2	154	9
U+8CF3	154	9
U+8CF4	154	9
U+8CF5	154	9
U+8CF6	154	10
U+8CF7	154	10
U+8CF8	154	10
U+8CF9	154	10
U+8CFA	154	10
U+8CFB	154	10
U+8CFC	154	10
U+8CFD	154	10
U+8CFE	154	11
U+8CFF	154	11
U+8D00	154	11
U+8D01	66	14
U+8D02	154	11
U+8D03	154	11
U+8D04	154	11
U+8D05	154	11
U+8D06	154	12
U+8D07	154	12
U+8D08	154	12
U+8D09	154	12
U+8D0A	154	12
U+8D0B	154	12
U+8D0C	154	12
U+8D0D	154	13
U+8D0E	154	13
U+8D0F	154	13
U+8D10	154	14
U+8D11	154	14
U+8D12	154	14
U+8D13	154	14
U+8D14	154	14
U+8D15	154	15
U+8D16	154	15
U+8D17	154	15
U+8D18	154	15
U+8D19	154	16
U+8D1A	154	16
U+8D1B	154	17
U+8D1C	154	18
U+8D1D	154	0
U+8D1E	154	2
U+8D1F	154	2
U+8D20	154	2
U+8D21	154	3
U+8D22	154	3
U+8D23	154	4
U+8D24	154	4
U+8D25	154	4
U+8D26	154	4
U+8D27	154	4
U+8D28	154	4
U+8D29	154	4
U+8D2A	154	4
U+8D2B	154	4
U+8D2C	154	4
U+8D2D	154	4
U+8D2E	154	4
U+8D2F	154	4
U+8D30	154	5
U+8D31	154	5
U+8D32	154	5
U+8D33	154	5
U+8D34	154	5
U+8D35	154	5
U+8D36	154	5
U+8D37	154	5
U+8D38	154	5
U+8D39	154	5
U+8D3A	154	5
U+8D3B	154	5
U+8D3C	154	6
U+8D3D	154	6
U+8D3E	154	6
U+8D3F	154	6
U+8D40	154	6
U+8D41	154	6
U+8D42	154	6
U+8D43	154	6
U+8D44	154	6
U+8D45	154	6
U+8D46	154	6
U+8D47	154	7
U+8D48	154	7
U+8D49	154	7
U+8D4A	154	7
U+8D4B	154	8
U+8D4C	154	8
U+8D4D	154	8
U+8D4E	154	8
U+8D4F	154	8
U+8D50	154	8
U+8D51	154	8
U+8D52	154	8
U+8D53	154	8
U+8D54	154	8
U+8D55	154	8
U+8D56	154	9
U+8D57	154	9
U+8D58	154	10
U+8D59	154	10
U+8D5A	154	10
U+8D5B	154	10
U+8D5C	154	11
U+8D5D	154	12
U+8D5E	154	12
U+8D5F	154	12
U+8D60	154	12
U+8D61	154	13
U+8D62	154	13
U+8D63	154	17
U+8D64	155	0
U+8D65	155	4
U+8D66	155	4
U+8D67	155	5
U+8D68	155	6
U+8D69	155	6
U+8D6A	155	6
U+8D6B	155	7
U+8D6C	155	9
U+8D6D	155	9
U+8D6E	155	9
U+8D6F	155	10
U+8D70	156	0
U+8D71	156	0
U+8D72	156	2
U+8D73	156	2
U+8D74	156	2
U+8D75	156	2
U+8D76	156	3
U+8D77	156	3
U+8D78	156	3
U+8D79	156	4
U+8D7A	156	4
U+8D7B	156	4
U+8D7C	156	4
U+8D7D	156	4
U+8D7E	156	4
U+8D7F	156	4
U+8D80	156	5
U+8D81	156	5
U+8D82	156	5
U+8D83	156	5
U+8D84	156	5
U+8D85	156	5
U+8D86	156	5
U+8D87	156	5
U+8D88	156	5
U+8D89	156	5
U+8D8A	156	5
U+8D8B	156	5
U+8D8C	156	6
U+8D8D	156	6
U+8D8E	156	6
U+8D8F	156	6
U+8D90	156	6
U+8D91	156	6
U+8D92	156	6
U+8D93	156	6
U+8D94	156	6
U+8D95	156	7
U+8D96	156	7
U+8D97	156	7
U+8D98	156	7
U+8D99	156	7
U+8D9A	156	7
U+8D9B	156	8
U+8D9C	156	8
U+8D9D	156	8
U+8D9E	156	8
U+8D9F	156	8
U+8DA0	156	8
U+8DA1	156	8
U+8DA2	156	8
U+8DA3	156	8
U+8DA4	156	8
U+8DA5	156	9
U+8DA6	156	9
U+8DA7	156	9
U+8DA8	156	10
U+8DA9	156	12
U+8DAA	156	12
U+8DAB	156	12
U+8DAC	156	12
U+8DAD	156	12
U+8DAE	156	13
U+8DAF	156	14
U+8DB0	156	14
U+8DB1	156	16
U+8DB2	156	19
U+8DB3	157	0
U+8DB4	157	2
U+8DB5	157	3
U+8DB6	157	3
U+8DB7	157	3
U+8DB8	157	3
U+8DB9	157	4
U+8DBA	157	4
U+8DBB	157	4
U+8DBC	157	6
U+8DBD	157	4
U+8DBE	157	4
U+8DBF	157	4
U+8DC0	157	4
U+8DC1	157	4
U+8DC2	157	4
U+8DC3	157	4
U+8DC4	157	4
U+8DC5	157	5
U+8DC6	157	5
U+8DC7	157	5
U+8DC8	157	5
U+8DC9	157	5
U+8DCA	157	5
U+8DCB	157	5
U+8DCC	157	5
U+8DCD	157	5
U+8DCE	157	5
U+8DCF	157	5
U+8DD0	157	5
U+8DD1	157	5
U+8DD2	157	5
U+8DD3	157	5
U+8DD4	157	5
U+8DD5	157	5
U+8DD6	157	5
U+8DD7	157	5
U+8DD8	157	5
U+8DD9	157	5
U+8DDA	157	5
U+8DDB	157	5
U+8DDC	157	5
U+8DDD	157	5
U+8DDE	157	5
U+8DDF	157	6
U+8DE0	157	6
U+8DE1	157	6
U+8DE2	157	6
U+8DE3	157	6
U+8DE4	157	6
U+8DE5	157	6
U+8DE6	157	6
U+8DE7	157	6
U+8DE8	157	6
U+8DE9	157	6
U+8DEA	157	6
U+8DEB	157	6
U+8DEC	157	6
U+8DED	157	6
U+8DEE	157	6
U+8DEF	157	6
U+8DF0	157	6
U+8DF1	157	6
U+8DF2	157	6
U+8DF3	157	6
U+8DF4	157	6
U+8DF5	157	5
U+8DF6	157	6
U+8DF7	157	6
U+8DF8	157	6
U+8DF9	157	6
U+8DFA	157	6
U+8DFB	157	6
U+8DFC	157	7
U+8DFD	157	7
U+8DFE	157	7
U+8DFF	157	7
U+8E00	157	7
U+8E01	157	7
U+8E02	157	7
U+8E03	157	7
U+8E04	157	7
U+8E05	157	7
U+8E06	157	7
U+8E07	157	7
U+8E08	157	7
U+8E09	157	7
U+8E0A	157	7
U+8E0B	157	7
U+8E0C	157	7
U+8E0D	157	7
U+8E0E	157	7
U+8E0F	157	8
U+8E10	157	8
U+8E11	157	8
U+8E12	157	8
U+8E13	157	8
U+8E14	157	8
U+8E15	157	8
U+8E16	157	8
U+8E17	157	8
U+8E18	157	8
U+8E19	157	8
U+8E1A	157	8
U+8E1B	157	8
U+8E1C	157	8
U+8E1D	157	8
U+8E1E	157	8
U+8E1F	157	8
U+8E20	157	8
U+8E21	157	8
U+8E22	157	8
U+8E23	157	8
U+8E24	157	8
U+8E25	157	8
U+8E26	157	8
U+8E27	157	8
U+8E28	157	8
U+8E29	157	8
U+8E2A	157	8
U+8E2B	157	9
U+8E2C	157	8
U+8E2D	157	8
U+8E2E	157	8
U+8E2F	157	8
U+8E30	157	9
U+8E31	157	9
U+8E32	157	9
U+8E33	157	9
U+8E34	157	9
U+8E35	157	9
U+8E36	157	9
U+8E37	157	9
U+8E38	157	9
U+8E39	157	9
U+8E3A	157	8
U+8E3B	157	9
U+8E3C	157	9
U+8E3D	157	9
U+8E3E	157	9
U+8E3F	157	9
U+8E40	157	9
U+8E41	157	9
U+8E42	157	9
U+8E43	157	9
U+8E44	157	9
U+8E45	157	9
U+8E46	157	10
U+8E47	157	10
U+8E48	157	10
U+8E49	157	10
U+8E4A	157	10
U+8E4B	157	10
U+8E4C	157	10
U+8E4D	157	10
U+8E4E	157	10
U+8E4F	157	10
U+8E50	157	10
U+8E51	157	10
U+8E52	157	10
U+8E53	157	10
U+8E54	157	11
U+8E55	157	11
U+8E56	157	11
U+8E57	157	11
U+8E58	157	11
U+8E59	157	11
U+8E5A	157	11
U+8E5B	157	11
U+8E5C	157	11
U+8E5D	157	11
U+8E5E	157	11
U+8E5F	157	11
U+8E60	157	11
U+8E61	157	11
U+8E62	157	11
U+8E63	157	11
U+8E64	157	11
U+8E65	157	11
U+8E66	157	11
U+8E67	157	11
U+8E68	157	12
U+8E69	157	12
U+8E6A	157	12
U+8E6B	157	12
U+8E6C	157	12
U+8E6D	157	12
U+8E6E	157	11
U+8E6F	157	12
U+8E70	157	12
U+8E71	157	12
U+8E72	157	12
U+8E73	157	12
U+8E74	157	12
U+8E75	157	12
U+8E76	157	12
U+8E77	157	12
U+8E78	157	12
U+8E79	157	12
U+8E7A	157	12
U+8E7B	157	12
U+8E7C	157	12
U+8E7D	157	12
U+8E7E	157	12
U+8E7F	157	12
U+8E80	157	11
U+8E81	157	13
U+8E82	157	13
U+8E83	157	13
U+8E84	157	13
U+8E85	157	13
U+8E86	157	13
U+8E87	157	13
U+8E88	157	13
U+8E89	157	13
U+8E8A	157	14
U+8E8B	157	14
U+8E8C	157	14
U+8E8D	157	14
U+8E8E	157	14
U+8E8F	157	14
U+8E90	157	15
U+8E91	157	15
U+8E92	157	15
U+8E93	157	15
U+8E94	157	15
U+8E95	157	15
U+8E96	157	15
U+8E97	157	16
U+8E98	157	16
U+8E99	157	16
U+8E9A	157	16
U+8E9B	157	16
U+8E9C	157	16
U+8E9D	157	17
U+8E9E	157	17
U+8E9F	157	17
U+8EA0	157	17
U+8EA1	157	18
U+8EA2	157	18
U+8EA3	157	18
U+8EA4	157	18
U+8EA5	157	18
U+8EA6	157	19
U+8EA7	157	19
U+8EA8	157	21
U+8EA9	157	20
U+8EAA	157	20
U+8EAB	158	0
U+8EAC	158	3
U+8EAD	158	4
U+8EAE	158	4
U+8EAF	158	4
U+8EB0	158	5
U+8EB1	158	6
U+8EB2	158	6
U+8EB3	158	7
U+8EB4	158	7
U+8EB5	158	7
U+8EB6	158	8
U+8EB7	158	8
U+8EB8	158	8
U+8EB9	158	8
U+8EBA	158	8
U+8EBB	158	8
U+8EBC	158	8
U+8EBD	158	9
U+8EBE	158	9
U+8EBF	158	10
U+8EC0	158	11
U+8EC1	158	11
U+8EC2	158	12
U+8EC3	158	12
U+8EC4	158	12
U+8EC5	158	12
U+8EC6	158	13
U+8EC7	158	14
U+8EC8	158	17
U+8EC9	158	20
U+8ECA	159	0
U+8ECB	159	1
U+8ECC	159	2
U+8ECD	159	2
U+8ECE	159	3
U+8ECF	159	3
U+8ED0	159	3
U+8ED1	159	3
U+8ED2	159	3
U+8ED3	159	3
U+8ED4	159	3
U+8ED5	159	3
U+8ED6	159	4
U+8ED7	159	4
U+8ED8	159	4
U+8ED9	159	4
U+8EDA	159	4
U+8EDB	159	4
U+8EDC	159	4
U+8EDD	159	4
U+8EDE	159	4
U+8EDF	159	4
U+8EE0	159	4
U+8EE1	159	4
U+8EE2	159	4
U+8EE3	159	4
U+8EE4	159	5
U+8EE5	159	5
U+8EE6	159	5
U+8EE7	159	5
U+8EE8	159	5
U+8EE9	159	5
U+8EEA	159	5
U+8EEB	159	5
U+8EEC	159	5
U+8EED	159	6
U+8EEE	159	5
U+8EEF	159	5
U+8EF0	159	5
U+8EF1	159	5
U+8EF2	159	5
U+8EF3	159	5
U+8EF4	159	5
U+8EF5	159	5
U+8EF6	159	5
U+8EF7	159	5
U+8EF8	159	5
U+8EF9	159	5
U+8EFA	159	5
U+8EFB	159	5
U+8EFC	159	5
U+8EFD	159	5
U+8EFE	159	6
U+8EFF	159	6
U+8F00	159	6
U+8F01	159	6
U+8F02	159	6
U+8F03	159	6
U+8F04	159	6
U+8F05	159	6
U+8F06	159	6
U+8F07	159	6
U+8F08	159	6
U+8F09	159	6
U+8F0A	159	6
U+8F0B	159	6
U+8F0C	159	6
U+8F0D	159	7
U+8F0E	159	7
U+8F0F	159	7
U+8F10	159	7
U+8F11	159	7
U+8F12	159	7
U+8F13	159	7
U+8F14	159	7
U+8F15	159	7
U+8F16	159	8
U+8F17	159	8
U+8F18	159	8
U+8F19	159	8
U+8F1A	159	8
U+8F1B	159	8
U+8F1C	159	8
U+8F1D	159	8
U+8F1E	159	8
U+8F1F	159	8
U+8F20	159	8
U+8F21	159	8
U+8F22	159	8
U+8F23	159	8
U+8F24	159	8
U+8F25	159	8
U+8F26	159	8
U+8F27	159	8
U+8F28	159	8
U+8F29	159	8
U+8F2A	159	8
U+8F2B	159	8
U+8F2C	159	8
U+8F2D	159	9
U+8F2E	159	9
U+8F2F	159	9
U+8F30	159	9
U+8F31	159	9
U+8F32	159	9
U+8F33	159	9
U+8F34	159	9
U+8F35	159	9
U+8F36	159	9
U+8F37	159	9
U+8F38	159	9
U+8F39	159	9
U+8F3A	159	9
U+8F3B	159	9
U+8F3C	159	9
U+8F3D	159	10
U+8F3E	159	10
U+8F3F	159	10
U+8F40	159	10
U+8F41	159	10
U+8F42	159	10
U+8F43	159	10
U+8F44	159	10
U+8F45	159	10
U+8F46	159	11
U+8F47	159	11
U+8F48	159	11
U+8F49	159	11
U+8F4A	159	11
U+8F4B	159	11
U+8F4C	159	11
U+8F4D	159	12
U+8F4E	159	12
U+8F4F	159	12
U+8F50	159	12
U+8F51	159	12
U+8F52	159	12
U+8F53	159	12
U+8F54	159	12
U+8F55	159	13
U+8F56	159	13
U+8F57	159	13
U+8F58	159	13
U+8F59	159	13
U+8F5A	159	13
U+8F5B	159	14
U+8F5C	159	14
U+8F5D	159	14
U+8F5E	159	14
U+8F5F	159	14
U+8F60	159	15
U+8F61	159	15
U+8F62	159	15
U+8F63	159	16
U+8F64	159	16
U+8F65	159	20
U+8F66	159	0
U+8F67	159	1
U+8F68	159	2
U+8F69	159	3
U+8F6A	159	3
U+8F6B	159	3
U+8F6C	159	4
U+8F6D	159	4
U+8F6E	159	4
U+8F6F	159	4
U+8F70	159	4
U+8F71	159	5
U+8F72	159	5
U+8F73	159	5
U+8F74	159	5
U+8F75	159	5
U+8F76	159	5
U+8F77	159	5
U+8F78	159	5
U+8F79	159	5
U+8F7A	159	5
U+8F7B	159	5
U+8F7C	159	6
U+8F7D	159	6
U+8F7E	159	6
U+8F7F	159	6
U+8F80	159	6
U+8F81	159	6
U+8F82	159	6
U+8F83	159	6
U+8F84	159	7
U+8F85	159	7
U+8F86	159	7
U+8F87	159	8
U+8F88	159	8
U+8F89	159	8
U+8F8A	159	8
U+8F8B	159	8
U+8F8C	159	8
U+8F8D	159	8
U+8F8E	159	8
U+8F8F	159	9
U+8F90	159	9
U+8F91	159	9
U+8F92	159	9
U+8F93	159	9
U+8F94	159	9
U+8F95	159	10
U+8F96	159	10
U+8F97	159	10
U+8F98	159	11
U+8F99	159	12
U+8F9A	159	12
U+8F9B	160	0
U+8F9C	160	5
U+8F9D	160	5
U+8F9E	160	6
U+8F9F	160	6
U+8FA0	160	6
U+8FA1	160	7
U+8FA2	160	7
U+8FA3	160	7
U+8FA4	160	8
U+8FA5	160	9
U+8FA6	160	9
U+8FA7	160	9
U+8FA8	160	9
U+8FA9	160	9
U+8FAA	160	9
U+8FAB	160	10
U+8FAC	160	11
U+8FAD	160	12
U+8FAE	160	13
U+8FAF	160	14
U+8FB0	161	0
U+8FB1	161	3
U+8FB2	161	6
U+8FB3	161	8
U+8FB4	161	12
U+8FB5	162	0
U+8FB6	162	0
U+8FB7	162	1
U+8FB8	162	2
U+8FB9	162	2
U+8FBA	162	2
U+8FBB	162	2
U+8FBC	162	2
U+8FBD	162	2
U+8FBE	162	3
U+8FBF	162	3
U+8FC0	162	3
U+8FC1	162	3
U+8FC2	162	3
U+8FC3	162	3
U+8FC4	162	3
U+8FC5	162	3
U+8FC6	162	3
U+8FC7	162	3
U+8FC8	162	3
U+8FC9	162	3
U+8FCA	162	4
U+8FCB	162	4
U+8FCC	162	4
U+8FCD	162	4
U+8FCE	162	4
U+8FCF	162	4
U+8FD0	162	4
U+8FD1	162	4
U+8FD2	162	4
U+8FD3	162	4
U+8FD4	162	4
U+8FD5	162	4
U+8FD6	162	4
U+8FD7	162	4
U+8FD8	162	4
U+8FD9	162	4
U+8FDA	162	4
U+8FDB	162	4
U+8FDC	162	4
U+8FDD	162	4
U+8FDE	162	4
U+8FDF	162	4
U+8FE0	162	5
U+8FE1	162	5
U+8FE2	162	5
U+8FE3	162	5
U+8FE4	162	5
U+8FE5	162	5
U+8FE6	162	5
U+8FE7	162	5
U+8FE8	162	5
U+8FE9	162	5
U+8FEA	162	5
U+8FEB	162	5
U+8FEC	162	4
U+8FED	162	5
U+8FEE	162	5
U+8FEF	162	5
U+8FF0	162	5
U+8FF1	162	5
U+8FF2	162	5
U+8FF3	162	5
U+8FF4	162	6
U+8FF5	162	6
U+8FF6	162	6
U+8FF7	162	6
U+8FF8	162	6
U+8FF9	162	6
U+8FFA	162	6
U+8FFB	162	6
U+8FFC	162	6
U+8FFD	162	6
U+8FFE	162	6
U+8FFF	162	6
U+9000	162	6
U+9001	162	6
U+9002	162	6
U+9003	162	6
U+9004	162	6
U+9005	162	6
U+9006	162	6
U+9007	162	6
U+9008	162	6
U+9009	162	6
U+900A	162	6
U+900B	162	7
U+900C	162	7
U+900D	162	7
U+900E	162	7
U+900F	162	7
U+9010	162	7
U+9011	162	7
U+9012	162	7
U+9013	162	7
U+9014	162	7
U+9015	162	7
U+9016	162	7
U+9017	162	7
U+9018	162	7
U+9019	162	7
U+901A	162	7
U+901B	162	7
U+901C	162	7
U+901D	162	7
U+901E	162	7
U+901F	162	7
U+9020	162	7
U+9021	162	7
U+9022	162	7
U+9023	162	7
U+9024	162	7
U+9025	162	7
U+9026	162	7
U+9027	162	7
U+9028	162	8
U+9029	162	8
U+902A	162	8
U+902B	162	8
U+902C	162	8
U+902D	162	8
U+902E	162	8
U+902F	162	8
U+9030	162	8
U+9031	162	8
U+9032	162	8
U+9033	162	8
U+9034	162	8
U+9035	162	8
U+9036	162	8
U+9037	162	8
U+9038	162	8
U+9039	162	8
U+903A	162	8
U+903B	162	8
U+903C	162	9
U+903D	162	9
U+903E	162	9
U+903F	162	9
U+9040	162	9
U+9041	162	9
U+9042	162	9
U+9043	162	9
U+9044	162	9
U+9045	162	9
U+9046	162	9
U+9047	162	9
U+9048	162	9
U+9049	162	9
U+904A	162	9
U+904B	162	9
U+904C	162	9
U+904D	162	9
U+904E	162	9
U+904F	162	9
U+9050	162	9
U+9051	162	9
U+9052	162	9
U+9053	162	9
U+9054	162	9
U+9055	162	9
U+9056	162	9
U+9057	162	9
U+9058	162	10
U+9059	162	10
U+905A	162	10
U+905B	162	10
U+905C	162	10
U+905D	162	10
U+905E	162	10
U+905F	162	10
U+9060	162	10
U+9061	162	10
U+9062	162	10
U+9063	162	10
U+9064	162	10
U+9065	162	10
U+9066	162	11
U+9067	162	11
U+9068	162	11
U+9069	162	11
U+906A	162	11
U+906B	162	11
U+906C	162	11
U+906D	162	11
U+906E	162	11
U+906F	162	11
U+9070	162	11
U+9071	162	11
U+9072	162	12
U+9073	162	11
U+9074	162	12
U+9075	162	12
U+9076	162	12
U+9077	162	12
U+9078	162	12
U+9079	162	12
U+907A	162	12
U+907B	162	12
U+907C	162	12
U+907D	162	13
U+907E	162	13
U+907F	162	13
U+9080	162	13
U+9081	162	13
U+9082	162	13
U+9083	162	13
U+9084	162	13
U+9085	162	13
U+9086	162	12
U+9087	162	14
U+9088	162	14
U+9089	162	13
U+908A	162	15
U+908B	162	15
U+908C	162	15
U+908D	162	16
U+908E	162	17
U+908F	162	19
U+9090	162	19
U+9091	163	0
U+9092	163	2
U+9093	163	2
U+9094	163	3
U+9095	163	3
U+9096	163	3
U+9097	163	3
U+9098	163	3
U+9099	163	3
U+909A	163	3
U+909B	163	3
U+909C	163	3
U+909D	163	3
U+909E	163	4
U+909F	163	4
U+90A0	163	4
U+90A1	163	4
U+90A2	163	4
U+90A3	163	4
U+90A4	163	4
U+90A5	163	4
U+90A6	163	4
U+90A7	163	4
U+90A8	163	4
U+90A9	163	4
U+90AA	163	4
U+90AB	163	4
U+90AC	163	4
U+90AD	163	5
U+90AE	163	5
U+90AF	163	5
U+90B0	163	5
U+90B1	163	5
U+90B2	163	5
U+90B3	163	5
U+90B4	163	5
U+90B5	163	5
U+90B6	163	5
U+90B7	163	5
U+90B8	163	5
U+90B9	163	5
U+90BA	163	5
U+90BB	163	5
U+90BC	163	6
U+90BD	163	6
U+90BE	163	6
U+90BF	163	6
U+90C0	163	6
U+90C1	163	6
U+90C2	163	6
U+90C3	163	6
U+90C4	163	6
U+90C5	163	6
U+90C6	163	6
U+90C7	163	6
U+90C8	163	6
U+90C9	163	6
U+90CA	163	6
U+90CB	163	6
U+90CC	163	6
U+90CD	163	6
U+90CE	163	6
U+90CF	163	6
U+90D0	163	6
U+90D1	163	6
U+90D2	163	7
U+90D3	163	6
U+90D4	163	7
U+90D5	163	7
U+90D6	163	7
U+90D7	163	7
U+90D8	163	7
U+90D9	163	7
U+90DA	163	7
U+90DB	163	7
U+90DC	163	7
U+90DD	163	7
U+90DE	163	7
U+90DF	163	7
U+90E0	163	7
U+90E1	163	7
U+90E2	163	7
U+90E3	163	7
U+90E4	163	7
U+90E5	163	7
U+90E6	163	7
U+90E7	163	7
U+90E8	163	8
U+90E9	163	8
U+90EA	163	8
U+90EB	163	8
U+90EC	163	8
U+90ED	163	8
U+90EE	163	8
U+90EF	163	8
U+90F0	163	8
U+90F1	163	8
U+90F2	163	8
U+90F3	163	8
U+90F4	163	8
U+90F5	163	8
U+90F6	163	8
U+90F7	163	8
U+90F8	163	8
U+90F9	163	9
U+90FA	163	9
U+90FB	163	9
U+90FC	163	9
U+90FD	163	9
U+90FE	163	9
U+90FF	163	9
U+9100	163	9
U+9101	163	9
U+9102	163	9
U+9103	163	9
U+9104	163	9
U+9105	163	9
U+9106	163	9
U+9107	163	9
U+9108	163	9
U+9109	163	9
U+910A	163	9
U+910B	163	10
U+910C	163	10
U+910D	163	10
U+910E	163	10
U+910F	163	10
U+9110	163	10
U+9111	163	10
U+9112	163	10
U+9113	163	10
U+9114	163	10
U+9115	163	10
U+9116	163	10
U+9117	163	10
U+9118	163	11
U+9119	163	11
U+911A	163	11
U+911B	163	11
U+911C	163	11
U+911D	163	11
U+911E	163	11
U+911F	163	11
U+9120	163	11
U+9121	163	11
U+9122	163	11
U+9123	163	11
U+9124	163	11
U+9125	163	11
U+9126	163	12
U+9127	163	12
U+9128	163	12
U+9129	163	12
U+912A	163	12
U+912B	163	12
U+912C	163	12
U+912D	163	12
U+912E	163	12
U+912F	163	12
U+9130	163	12
U+9131	163	12
U+9132	163	12
U+9133	163	13
U+9134	163	13
U+9135	163	13
U+9136	163	13
U+9137	163	13
U+9138	163	14
U+9139	163	14
U+913A	163	15
U+913B	163	15
U+913C	163	15
U+913D	163	15
U+913E	163	15
U+913F	163	16
U+9140	163	16
U+9141	163	17
U+9142	163	16
U+9143	163	17
U+9144	163	18
U+9145	163	18
U+9146	163	18
U+9147	163	19
U+9148	163	19
U+9149	164	0
U+914A	164	2
U+914B	164	2
U+914C	164	3
U+914D	164	3
U+914E	164	3
U+914F	164	3
U+9150	164	3
U+9151	164	3
U+9152	164	3
U+9153	164	4
U+9154	164	4
U+9155	164	4
U+9156	164	4
U+9157	164	4
U+9158	164	4
U+9159	164	4
U+915A	164	4
U+915B	164	4
U+915C	164	4
U+915D	164	4
U+915E	164	4
U+915F	164	5
U+9160	164	5
U+9161	164	5
U+9162	164	5
U+9163	164	5
U+9164	164	5
U+9165	164	5
U+9166	164	6
U+9167	164	6
U+9168	164	6
U+9169	164	6
U+916A	164	6
U+916B	164	6
U+916C	164	6
U+916D	164	6
U+916E	164	6
U+916F	164	6
U+9170	164	6
U+9171	164	6
U+9172	164	7
U+9173	164	7
U+9174	164	7
U+9175	164	7
U+9176	164	7
U+9177	164	7
U+9178	164	7
U+9179	164	7
U+917A	164	7
U+917B	164	7
U+917C	164	7
U+917D	164	7
U+917E	164	7
U+917F	164	7
U+9180	164	8
U+9181	164	8
U+9182	164	8
U+9183	164	8
U+9184	164	8
U+9185	164	8
U+9186	164	8
U+9187	164	8
U+9188	164	8
U+9189	164	8
U+918A	164	8
U+918B	164	8
U+918C	164	8
U+918D	164	9
U+918E	164	9
U+918F	164	9
U+9190	164	9
U+9191	164	9
U+9192	164	9
U+9193	164	9
U+9194	164	9
U+9195	164	9
U+9196	164	9
U+9197	164	9
U+9198	164	10
U+9199	164	10
U+919A	164	10
U+919B	164	10
U+919C	164	10
U+919D	164	10
U+919E	164	10
U+919F	164	10
U+91A0	164	10
U+91A1	164	10
U+91A2	164	10
U+91A3	164	10
U+91A4	164	10
U+91A5	164	11
U+91A6	164	11
U+91A7	164	11
U+91A8	164	11
U+91A9	164	11
U+91AA	164	11
U+91AB	164	11
U+91AC	164	11
U+91AD	164	12
U+91AE	164	12
U+91AF	164	12
U+91B0	164	12
U+91B1	164	12
U+91B2	164	13
U+91B3	164	13
U+91B4	164	13
U+91B5	164	13
U+91B6	164	13
U+91B7	164	13
U+91B8	164	13
U+91B9	164	14
U+91BA	164	14
U+91BB	164	14
U+91BC	164	16
U+91BD	164	17
U+91BE	164	17
U+91BF	164	17
U+91C0	164	17
U+91C1	164	18
U+91C2	164	18
U+91C3	164	19
U+91C4	164	19
U+91C5	164	20
U+91C6	165	0
U+91C7	165	1
U+91C8	165	4
U+91C9	165	5
U+91CA	165	5
U+91CB	165	13
U+91CC	166	0
U+91CD	166	2
U+91CE	166	4
U+91CF	166	5
U+91D0	166	11
U+91D1	167	0
U+91D2	167	0
U+91D3	167	1
U+91D4	167	1
U+91D5	167	2
U+91D6	167	2
U+91D7	167	2
U+91D8	167	2
U+91D9	167	2
U+91DA	167	2
U+91DB	167	2
U+91DC	167	2
U+91DD	167	2
U+91DE	167	2
U+91DF	167	2
U+91E0	167	2
U+91E1	167	2
U+91E2	167	2
U+91E3	167	3
U+91E4	167	3
U+91E5	167	3
U+91E6	167	3
U+91E7	167	3
U+91E8	167	3
U+91E9	167	3
U+91EA	167	3
U+91EB	167	3
U+91EC	167	3
U+91ED	167	3
U+91EE	167	3
U+91EF	167	3
U+91F0	167	3
U+91F1	167	3
U+91F2	167	3
U+91F3	167	3
U+91F4	167	3
U+91F5	167	3
U+91F6	167	3
U+91F7	167	3
U+91F8	167	3
U+91F9	167	3
U+91FA	167	3
U+91FB	167	3
U+91FC	167	3
U+91FD	167	4
U+91FE	167	4
U+91FF	167	4
U+9200	167	4
U+9201	167	4
U+9202	167	4
U+9203	167	4
U+9204	167	4
U+9205	167	4
U+9206	167	4
U+9207	167	4
U+9208	167	4
U+9209	167	4
U+920A	167	4
U+920B	167	4
U+920C	167	4
U+920D	167	4
U+920E	167	4
U+920F	167	4
U+9210	167	4
U+9211	167	4
U+9212	167	4
U+9213	167	4
U+9214	167	4
U+9215	167	4
U+9216	167	4
U+9217	167	4
U+9218	167	4
U+9219	167	4
U+921A	167	4
U+921B	167	4
U+921C	167	4
U+921D	167	4
U+921E	167	4
U+921F	167	4
U+9220	167	4
U+9221	167	4
U+9222	167	4
U+9223	167	4
U+9224	167	4
U+9225	167	4
U+9226	167	4
U+9227	167	4
U+9228	167	4
U+9229	167	4
U+922A	167	4
U+922B	167	4
U+922C	167	4
U+922D	167	5
U+922E	167	5
U+922F	167	5
U+9230	167	5
U+9231	167	5
U+9232	167	5
U+9233	167	5
U+9234	167	5
U+9235	167	5
U+9236	167	5
U+9237	167	5
U+9238	167	5
U+9239	167	5
U+923A	167	5
U+923B	167	5
U+923C	167	5
U+923D	167	5
U+923E	167	5
U+923F	167	5
U+9240	167	5
U+9241	167	5
U+9242	167	5
U+9243	167	5
U+9244	167	5
U+9245	167	5
U+9246	167	5
U+9247	167	5
U+9248	167	5
U+9249	167	5
U+924A	167	5
U+924B	167	5
U+924C	167	5
U+924D	167	5
U+924E	167	5
U+924F	167	5
U+9250	167	5
U+9251	167	5
U+9252	167	5
U+9253	167	5
U+9254	167	5
U+9255	167	5
U+9256	167	5
U+9257	167	5
U+9258	167	5
U+9259	167	5
U+925A	167	5
U+925B	167	5
U+925C	167	5
U+925D	167	5
U+925E	167	5
U+925F	167	5
U+9260	167	5
U+9261	167	5
U+9262	167	5
U+9263	167	5
U+9264	167	5
U+9265	167	5
U+9266	167	5
U+9267	167	5
U+9268	167	5
U+9269	167	5
U+926A	167	5
U+926B	167	5
U+926C	167	5
U+926D	167	5
U+926E	167	5
U+926F	167	5
U+9270	167	5
U+9271	167	5
U+9272	167	5
U+9273	167	5
U+9274	167	5
U+9275	167	6
U+9276	167	6
U+9277	167	6
U+9278	167	6
U+9279	167	6
U+927A	167	6
U+927B	167	6
U+927C	167	8
U+927D	167	6
U+927E	167	6
U+927F	167	6
U+9280	167	6
U+9281	167	6
U+9282	167	6
U+9283	167	6
U+9284	167	6
U+9285	167	6
U+9286	167	6
U+9287	167	6
U+9288	167	6
U+9289	167	6
U+928A	167	6
U+928B	167	6
U+928C	167	6
U+928D	167	6
U+928E	167	6
U+928F	167	5
U+9290	167	6
U+9291	167	6
U+9292	167	6
U+9293	167	6
U+9294	167	6
U+9295	167	6
U+9296	167	6
U+9297	167	6
U+9298	167	6
U+9299	167	6
U+929A	167	6
U+929B	167	6
U+929C	167	6
U+929D	167	6
U+929E	167	6
U+929F	167	6
U+92A0	167	6
U+92A1	167	6
U+92A2	167	6
U+92A3	167	6
U+92A4	167	6
U+92A5	167	6
U+92A6	167	6
U+92A7	167	6
U+92A8	167	6
U+92A9	167	6
U+92AA	167	6
U+92AB	167	6
U+92AC	167	6
U+92AD	167	6
U+92AE	167	6
U+92AF	167	6
U+92B0	167	6
U+92B1	167	6
U+92B2	167	7
U+92B3	167	7
U+92B4	167	7
U+92B5	167	7
U+92B6	167	7
U+92B7	167	7
U+92B8	167	7
U+92B9	167	7
U+92BA	167	7
U+92BB	167	7
U+92BC	167	7
U+92BD	167	7
U+92BE	167	7
U+92BF	167	7
U+92C0	167	7
U+92C1	167	7
U+92C2	167	7
U+92C3	167	7
U+92C4	167	7
U+92C5	167	7
U+92C6	167	7
U+92C7	167	7
U+92C8	167	7
U+92C9	167	7
U+92CA	167	7
U+92CB	167	7
U+92CC	167	7
U+92CD	167	7
U+92CE	167	7
U+92CF	167	7
U+92D0	167	7
U+92D1	167	7
U+92D2	167	7
U+92D3	167	7
U+92D4	167	7
U+92D5	167	7
U+92D6	167	7
U+92D7	167	7
U+92D8	167	7
U+92D9	167	7
U+92DA	167	7
U+92DB	167	7
U+92DC	167	7
U+92DD	167	7
U+92DE	167	7
U+92DF	167	7
U+92E0	167	7
U+92E1	167	7
U+92E2	167	7
U+92E3	167	7
U+92E4	167	7
U+92E5	167	7
U+92E6	167	7
U+92E7	167	7
U+92E8	167	7
U+92E9	167	7
U+92EA	167	7
U+92EB	167	7
U+92EC	167	7
U+92ED	167	7
U+92EE	167	7
U+92EF	167	7
U+92F0	167	7
U+92F1	167	7
U+92F2	167	7
U+92F3	167	7
U+92F4	167	7
U+92F5	167	7
U+92F6	167	7
U+92F7	167	8
U+92F8	167	8
U+92F9	167	8
U+92FA	167	8
U+92FB	167	8
U+92FC	167	8
U+92FD	167	8
U+92FE	167	8
U+92FF	167	8
U+9300	167	8
U+9301	167	8
U+9302	167	8
U+9303	167	8
U+9304	167	8
U+9305	167	8
U+9306	167	8
U+9307	167	8
U+9308	167	8
U+9309	167	8
U+930A	167	8
U+930B	167	8
U+930C	167	8
U+930D	167	8
U+930E	167	8
U+930F	167	8
U+9310	167	8
U+9311	167	8
U+9312	167	8
U+9313	167	8
U+9314	167	8
U+9315	167	8
U+9316	167	8
U+9317	167	8
U+9318	167	8
U+9319	167	8
U+931A	167	8
U+931B	167	8
U+931C	167	8
U+931D	167	8
U+931E	167	8
U+931F	167	8
U+9320	167	8
U+9321	167	8
U+9322	167	8
U+9323	167	8
U+9324	167	8
U+9325	167	8
U+9326	167	8
U+9327	167	8
U+9328	167	9
U+9329	167	8
U+932A	167	8
U+932B	167	8
U+932C	167	8
U+932D	167	8
U+932E	167	8
U+932F	167	8
U+9330	167	8
U+9331	167	8
U+9332	167	8
U+9333	167	8
U+9334	167	8
U+9335	167	8
U+9336	167	8
U+9337	167	8
U+9338	167	8
U+9339	167	8
U+933A	167	8
U+933B	167	8
U+933C	167	8
U+933D	167	8
U+933E	167	8
U+933F	167	8
U+9340	167	8
U+9341	167	8
U+9342	167	8
U+9343	167	8
U+9344	167	8
U+9345	167	8
U+9346	167	8
U+9347	167	9
U+9348	167	8
U+9349	167	9
U+934A	167	9
U+934B	167	9
U+934C	167	9
U+934D	167	9
U+934E	167	9
U+934F	167	9
U+9350	167	9
U+9351	167	9
U+9352	167	9
U+9353	167	9
U+9354	167	9
U+9355	167	9
U+9356	167	9
U+9357	167	9
U+9358	167	9
U+9359	167	9
U+935A	167	9
U+935B	167	9
U+935C	167	9
U+935D	167	9
U+935E	167	9
U+935F	167	9
U+9360	167	9
U+9361	167	9
U+9362	167	9
U+9363	167	9
U+9364	167	9
U+9365	167	9
U+9366	167	9
U+9367	167	9
U+9368	167	9
U+9369	167	9
U+936A	167	9
U+936B	167	9
U+936C	167	9
U+936D	167	9
U+936E	167	9
U+936F	167	9
U+9370	167	9
U+9371	167	9
U+9372	167	9
U+9373	167	9
U+9374	167	9
U+9375	167	9
U+9376	167	9
U+9377	167	9
U+9378	167	9
U+9379	167	9
U+937A	167	9
U+937B	167	9
U+937C	167	9
U+937D	167	9
U+937E	167	9
U+937F	167	9
U+9380	167	9
U+9381	167	9
U+9382	167	9
U+9383	167	9
U+9384	167	9
U+9385	167	9
U+9386	167	9
U+9387	167	9
U+9388	167	10
U+9389	167	10
U+938A	167	10
U+938B	167	10
U+938C	167	10
U+938D	167	10
U+938E	167	10
U+938F	167	10
U+9390	167	10
U+9391	167	10
U+9392	167	10
U+9393	167	10
U+9394	167	10
U+9395	167	10
U+9396	167	10
U+9397	167	10
U+9398	167	10
U+9399	167	10
U+939A	167	10
U+939B	167	10
U+939C	167	10
U+939D	167	10
U+939E	167	10
U+939F	167	10
U+93A0	167	10
U+93A1	167	10
U+93A2	167	10
U+93A3	167	10
U+93A4	167	10
U+93A5	167	10
U+93A6	167	10
U+93A7	167	10
U+93A8	167	10
U+93A9	167	11
U+93AA	167	10
U+93AB	167	10
U+93AC	167	10
U+93AD	167	10
U+93AE	167	10
U+93AF	167	10
U+93B0	167	10
U+93B1	167	10
U+93B2	167	10
U+93B3	167	10
U+93B4	167	10
U+93B5	167	10
U+93B6	167	10
U+93B7	167	10
U+93B8	167	10
U+93B9	167	10
U+93BA	167	10
U+93BB	167	10
U+93BC	167	10
U+93BD	167	10
U+93BE	167	10
U+93BF	167	10
U+93C0	167	11
U+93C1	167	11
U+93C2	167	11
U+93C3	167	11
U+93C4	167	11
U+93C5	167	11
U+93C6	167	11
U+93C7	167	11
U+93C8	167	11
U+93C9	167	11
U+93CA	167	11
U+93CB	167	11
U+93CC	167	11
U+93CD	167	11
U+93CE	167	11
U+93CF	167	11
U+93D0	167	11
U+93D1	167	11
U+93D2	167	11
U+93D3	167	11
U+93D4	167	11
U+93D5	167	11
U+93D6	167	11
U+93D7	167	11
U+93D8	167	11
U+93D9	167	11
U+93DA	167	11
U+93DB	167	11
U+93DC	167	11
U+93DD	167	11
U+93DE	167	11
U+93DF	167	11
U+93E0	167	11
U+93E1	167	11
U+93E2	167	11
U+93E3	167	11
U+93E4	167	11
U+93E5	167	11
U+93E6	167	11
U+93E7	167	11
U+93E8	167	11
U+93E9	167	11
U+93EA	167	11
U+93EB	167	11
U+93EC	167	11
U+93ED	167	11
U+93EE	167	11
U+93EF	167	11
U+93F0	167	11
U+93F1	167	11
U+93F2	167	11
U+93F3	167	12
U+93F4	167	13
U+93F5	167	12
U+93F6	167	12
U+93F7	167	12
U+93F8	167	12
U+93F9	167	11
U+93FA	167	12
U+93FB	167	12
U+93FC	167	12
U+93FD	167	12
U+93FE	167	12
U+93FF	167	12
U+9400	167	12
U+9401	167	12
U+9402	167	12
U+9403	167	12
U+9404	167	12
U+9405	167	12
U+9406	167	12
U+9407	167	12
U+9408	167	12
U+9409	167	12
U+940A	167	12
U+940B	167	12
U+940C	167	12
U+940D	167	12
U+940E	167	12
U+940F	167	12
U+9410	167	12
U+9411	167	12
U+9412	167	12
U+9413	167	12
U+9414	167	12
U+9415	167	12
U+9416	167	12
U+9417	167	12
U+9418	167	12
U+9419	167	12
U+941A	167	12
U+941B	167	12
U+941C	167	12
U+941D	167	12
U+941E	167	12
U+941F	167	12
U+9420	167	12
U+9421	167	12
U+9422	167	12
U+9423	167	12
U+9424	167	12
U+9425	167	12
U+9426	167	12
U+9427	167	12
U+9428	167	12
U+9429	167	13
U+942A	167	13
U+942B	167	13
U+942C	167	13
U+942D	167	13
U+942E	167	13
U+942F	167	13
U+9430	167	13
U+9431	167	13
U+9432	167	13
U+9433	167	13
U+9434	167	13
U+9435	167	13
U+9436	167	13
U+9437	167	13
U+9438	167	13
U+9439	167	13
U+943A	167	13
U+943B	167	13
U+943C	167	13
U+943D	167	13
U+943E	167	13
U+943F	167	13
U+9440	167	13
U+9441	167	13
U+9442	167	14
U+9443	167	14
U+9444	167	14
U+9445	167	14
U+9446	167	14
U+9447	167	14
U+9448	167	14
U+9449	167	14
U+944A	167	14
U+944B	167	14
U+944C	167	14
U+944D	167	14
U+944E	167	14
U+944F	167	14
U+9450	167	14
U+9451	167	14
U+9452	167	14
U+9453	167	14
U+9454	167	14
U+9455	167	15
U+9456	167	15
U+9457	167	15
U+9458	167	15
U+9459	167	15
U+945A	167	15
U+945B	167	15
U+945C	167	15
U+945D	167	15
U+945E	167	15
U+945F	167	15
U+9460	167	15
U+9461	167	15
U+9462	167	15
U+9463	167	15
U+9464	167	15
U+9465	167	15
U+9466	167	15
U+9467	167	14
U+9468	167	16
U+9469	167	16
U+946A	167	16
U+946B	167	16
U+946C	167	16
U+946D	167	17
U+946E	167	17
U+946F	167	17
U+9470	167	17
U+9471	167	17
U+9472	167	17
U+9473	167	17
U+9474	167	18
U+9475	167	18
U+9476	167	18
U+9477	167	18
U+9478	167	18
U+9479	167	18
U+947A	167	18
U+947B	167	19
U+947C	167	19
U+947D	167	19
U+947E	167	19
U+947F	167	19
U+9480	167	20
U+9481	167	20
U+9482	167	20
U+9483	167	21
U+9484	167	21
U+9485	167	0
U+9486	167	1
U+9487	167	1
U+9488	167	2
U+9489	167	2
U+948A	167	2
U+948B	167	2
U+948C	167	2
U+948D	167	3
U+948E	167	3
U+948F	167	3
U+9490	167	3
U+9491	167	3
U+9492	167	3
U+9493	167	3
U+9494	167	3
U+9495	167	3
U+9496	167	3
U+9497	167	3
U+9498	167	4
U+9499	167	4
U+949A	167	4
U+949B	167	4
U+949C	167	4
U+949D	167	4
U+949E	167	4
U+949F	167	4
U+94A0	167	4
U+94A1	167	4
U+94A2	167	4
U+94A3	167	4
U+94A4	167	4
U+94A5	167	4
U+94A6	167	4
U+94A7	167	4
U+94A8	167	4
U+94A9	167	4
U+94AA	167	4
U+94AB	167	4
U+94AC	167	4
U+94AD	167	4
U+94AE	167	4
U+94AF	167	4
U+94B0	167	5
U+94B1	167	5
U+94B2	167	5
U+94B3	167	5
U+94B4	167	5
U+94B5	167	5
U+94B6	167	5
U+94B7	167	5
U+94B8	167	5
U+94B9	167	5
U+94BA	167	5
U+94BB	167	5
U+94BC	167	5
U+94BD	167	5
U+94BE	167	5
U+94BF	167	5
U+94C0	167	5
U+94C1	167	5
U+94C2	167	5
U+94C3	167	5
U+94C4	167	5
U+94C5	167	5
U+94C6	167	5
U+94C7	167	5
U+94C8	167	5
U+94C9	167	5
U+94CA	167	5
U+94CB	167	5
U+94CC	167	5
U+94CD	167	5
U+94CE	167	5
U+94CF	167	6
U+94D0	167	6
U+94D1	167	6
U+94D2	167	6
U+94D3	167	6
U+94D4	167	6
U+94D5	167	6
U+94D6	167	6
U+94D7	167	6
U+94D8	167	6
U+94D9	167	6
U+94DA	167	6
U+94DB	167	6
U+94DC	167	6
U+94DD	167	6
U+94DE	167	6
U+94DF	167	6
U+94E0	167	6
U+94E1	167	6
U+94E2	167	6
U+94E3	167	6
U+94E4	167	6
U+94E5	167	6
U+94E6	167	6
U+94E7	167	6
U+94E8	167	6
U+94E9	167	6
U+94EA	167	6
U+94EB	167	6
U+94EC	167	6
U+94ED	167	6
U+94EE	167	6
U+94EF	167	6
U+94F0	167	6
U+94F1	167	6
U+94F2	167	6
U+94F3	167	6
U+94F4	167	6
U+94F5	167	6
U+94F6	167	6
U+94F7	167	6
U+94F8	167	7
U+94F9	167	7
U+94FA	167	7
U+94FB	167	7
U+94FC	167	7
U+94FD	167	7
U+94FE	167	7
U+94FF	167	7
U+9500	167	7
U+9501	167	7
U+9502	167	7
U+9503	167	7
U+9504	167	7
U+9505	167	7
U+9506	167	7
U+9507	167	7
U+9508	167	7
U+9509	167	7
U+950A	167	7
U+950B	167	7
U+950C	167	7
U+950D	167	7
U+950E	167	7
U+950F	167	7
U+9510	167	7
U+9511	167	7
U+9512	167	7
U+9513	167	7
U+9514	167	7
U+9515	167	7
U+9516	167	8
U+9517	167	8
U+9518	167	8
U+9519	167	8
U+951A	167	8
U+951B	167	8
U+951C	167	8
U+951D	167	8
U+951E	167	8
U+951F	167	8
U+9520	167	8
U+9521	167	8
U+9522	167	8
U+9523	167	8
U+9524	167	8
U+9525	167	8
U+9526	167	8
U+9527	167	8
U+9528	167	8
U+9529	167	8
U+952A	167	8
U+952B	167	8
U+952C	167	8
U+952D	167	8
U+952E	167	8
U+952F	167	8
U+9530	167	8
U+9531	167	8
U+9532	167	9
U+9533	167	9
U+9534	167	9
U+9535	167	9
U+9536	167	9
U+9537	167	9
U+9538	167	9
U+9539	167	9
U+953A	167	9
U+953B	167	9
U+953C	167	9
U+953D	167	9
U+953E	167	9
U+953F	167	9
U+9540	167	9
U+9541	167	9
U+9542	167	9
U+9543	167	9
U+9544	167	9
U+9545	167	9
U+9546	167	10
U+9547	167	10
U+9548	167	10
U+9549	167	10
U+954A	167	10
U+954B	167	10
U+954C	167	10
U+954D	167	10
U+954E	167	10
U+954F	167	10
U+9550	167	10
U+9551	167	10
U+9552	167	10
U+9553	167	10
U+9554	167	10
U+9555	167	10
U+9556	167	11
U+9557	167	11
U+9558	167	11
U+9559	167	11
U+955A	167	11
U+955B	167	11
U+955C	167	11
U+955D	167	11
U+955E	167	11
U+955F	167	11
U+9560	167	11
U+9561	167	12
U+9562	167	12
U+9563	167	12
U+9564	167	12
U+9565	167	12
U+9566	167	12
U+9567	167	12
U+9568	167	12
U+9569	167	12
U+956A	167	12
U+956B	167	12
U+956C	167	13
U+956D	167	13
U+956E	167	13
U+956F	167	13
U+9570	167	13
U+9571	167	13
U+9572	167	14
U+9573	167	15
U+9574	167	15
U+9575	167	17
U+9576	167	17
U+9577	168	0
U+9578	168	0
U+9579	168	3
U+957A	168	4
U+957B	168	5
U+957C	168	8
U+957D	168	12
U+957E	168	14
U+957F	168	0
U+9580	169	0
U+9581	169	1
U+9582	169	1
U+9583	169	2
U+9584	169	2
U+9585	169	2
U+9586	169	3
U+9587	169	3
U+9588	169	3
U+9589	169	3
U+958A	169	3
U+958B	169	4
U+958C	169	4
U+958D	169	4
U+958E	169	4
U+958F	169	4
U+9590	169	4
U+9591	169	4
U+9592	169	4
U+9593	169	4
U+9594	169	4
U+9595	169	4
U+9596	169	4
U+9597	169	4
U+9598	169	5
U+9599	169	5
U+959A	169	5
U+959B	169	5
U+959C	169	5
U+959D	169	5
U+959E	169	5
U+959F	169	5
U+95A0	169	5
U+95A1	169	6
U+95A2	169	6
U+95A3	169	6
U+95A4	169	6
U+95A5	169	6
U+95A6	169	6
U+95A7	169	6
U+95A8	169	6
U+95A9	169	6
U+95AA	169	6
U+95AB	169	7
U+95AC	169	7
U+95AD	169	7
U+95AE	169	7
U+95AF	169	7
U+95B0	169	7
U+95B1	169	7
U+95B2	169	7
U+95B3	169	7
U+95B4	169	7
U+95B5	169	8
U+95B6	169	8
U+95B7	169	9
U+95B8	169	8
U+95B9	169	8
U+95BA	169	8
U+95BB	169	8
U+95BC	169	8
U+95BD	169	8
U+95BE	169	8
U+95BF	169	8
U+95C0	169	8
U+95C1	169	8
U+95C2	169	8
U+95C3	169	9
U+95C4	169	9
U+95C5	169	9
U+95C6	169	9
U+95C7	169	9
U+95C8	169	9
U+95C9	169	9
U+95CA	169	9
U+95CB	169	9
U+95CC	169	9
U+95CD	169	9
U+95CE	169	9
U+95CF	169	9
U+95D0	169	10
U+95D1	169	10
U+95D2	169	10
U+95D3	169	10
U+95D4	169	10
U+95D5	169	10
U+95D6	169	10
U+95D7	169	10
U+95D8	169	10
U+95D9	169	11
U+95DA	169	11
U+95DB	169	11
U+95DC	169	11
U+95DD	169	11
U+95DE	169	12
U+95DF	169	12
U+95E0	169	12
U+95E1	169	12
U+95E2	169	13
U+95E3	169	13
U+95E4	169	13
U+95E5	169	13
U+95E6	169	13
U+95E7	169	14
U+95E8	169	0
U+95E9	169	1
U+95EA	169	2
U+95EB	169	3
U+95EC	169	3
U+95ED	169	3
U+95EE	169	3
U+95EF	169	3
U+95F0	169	4
U+95F1	169	4
U+95F2	169	4
U+95F3	169	4
U+95F4	169	4
U+95F5	169	4
U+95F6	169	4
U+95F7	169	4
U+95F8	169	5
U+95F9	169	5
U+95FA	169	6
U+95FB	169	6
U+95FC	169	6
U+95FD	169	6
U+95FE	169	6
U+95FF	169	6
U+9600	169	6
U+9601	169	6
U+9602	169	6
U+9603	169	7
U+9604	169	7
U+9605	169	7
U+9606	169	7
U+9607	169	8
U+9608	169	8
U+9609	169	8
U+960A	169	8
U+960B	169	8
U+960C	169	8
U+960D	169	8
U+960E	169	8
U+960F	169	8
U+9610	169	8
U+9611	169	9
U+9612	169	9
U+9613	169	9
U+9614	169	9
U+9615	169	9
U+9616	169	10
U+9617	169	10
U+9618	169	10
U+9619	169	10
U+961A	169	11
U+961B	169	13
U+961C	170	0
U+961D	170	0
U+961E	170	2
U+961F	170	2
U+9620	170	3
U+9621	170	3
U+9622	170	3
U+9623	170	3
U+9624	170	3
U+9625	170	4
U+9626	170	4
U+9627	170	4
U+9628	170	4
U+9629	170	4
U+962A	170	4
U+962B	170	4
U+962C	170	4
U+962D	170	4
U+962E	170	4
U+962F	170	4
U+9630	170	4
U+9631	170	4
U+9632	170	4
U+9633	170	4
U+9634	170	4
U+9635	170	4
U+9636	170	4
U+9637	170	5
U+9638	170	5
U+9639	170	5
U+963A	170	5
U+963B	170	5
U+963C	170	5
U+963D	170	5
U+963E	170	5
U+963F	170	5
U+9640	170	5
U+9641	170	5
U+9642	170	5
U+9643	170	5
U+9644	170	5
U+9645	170	5
U+9646	170	5
U+9647	170	5
U+9648	170	5
U+9649	170	5
U+964A	170	6
U+964B	170	6
U+964C	170	6
U+964D	170	6
U+964E	170	6
U+964F	170	6
U+9650	170	6
U+9651	170	6
U+9652	170	6
U+9653	170	6
U+9654	170	6
U+9655	170	6
U+9656	170	7
U+9657	170	7
U+9658	170	7
U+9659	170	7
U+965A	170	8
U+965B	170	7
U+965C	170	7
U+965D	170	7
U+965E	170	7
U+965F	170	7
U+9660	170	7
U+9661	170	7
U+9662	170	7
U+9663	170	7
U+9664	170	7
U+9665	170	7
U+9666	170	7
U+9667	170	7
U+9668	170	7
U+9669	170	7
U+966A	170	8
U+966B	170	8
U+966C	170	8
U+966D	170	8
U+966E	170	8
U+966F	170	8
U+9670	170	8
U+9671	170	8
U+9672	170	8
U+9673	170	8
U+9674	170	8
U+9675	170	8
U+9676	170	8
U+9677	170	8
U+9678	170	8
U+9679	170	8
U+967A	170	8
U+967B	170	9
U+967C	170	9
U+967D	170	9
U+967E	170	9
U+967F	170	9
U+9680	170	9
U+9681	170	9
U+9682	170	9
U+9683	170	9
U+9684	170	9
U+9685	170	9
U+9686	170	9
U+9687	170	9
U+9688	170	9
U+9689	170	9
U+968A	170	9
U+968B	170	9
U+968C	170	9
U+968D	170	9
U+968E	170	9
U+968F	170	10
U+9690	170	9
U+9691	170	10
U+9692	170	10
U+9693	170	10
U+9694	170	10
U+9695	170	10
U+9696	170	10
U+9697	170	10
U+9698	170	10
U+9699	170	10
U+969A	170	11
U+969B	170	11
U+969C	170	11
U+969D	170	11
U+969E	170	11
U+969F	170	11
U+96A0	170	11
U+96A1	170	11
U+96A2	170	12
U+96A3	170	12
U+96A4	170	12
U+96A5	170	12
U+96A6	170	13
U+96A7	170	13
U+96A8	170	13
U+96A9	170	13
U+96AA	170	13
U+96AB	170	13
U+96AC	170	14
U+96AD	170	14
U+96AE	170	14
U+96AF	170	14
U+96B0	170	14
U+96B1	170	14
U+96B2	170	14
U+96B3	170	15
U+96B4	170	16
U+96B5	170	17
U+96B6	171	0
U+96B7	171	8
U+96B8	171	9
U+96B9	172	0
U+96BA	172	2
U+96BB	172	2
U+96BC	172	2
U+96BD	172	2
U+96BE	172	2
U+96BF	172	3
U+96C0	172	3
U+96C1	172	4
U+96C2	172	4
U+96C3	172	4
U+96C4	172	4
U+96C5	172	4
U+96C6	172	4
U+96C7	172	4
U+96C8	172	4
U+96C9	172	5
U+96CA	172	5
U+96CB	172	5
U+96CC	172	5
U+96CD	172	5
U+96CE	172	5
U+96CF	172	5
U+96D0	172	6
U+96D1	172	6
U+96D2	172	6
U+96D3	172	7
U+96D4	172	8
U+96D5	172	8
U+96D6	172	9
U+96D7	172	10
U+96D8	172	10
U+96D9	172	10
U+96DA	172	10
U+96DB	172	10
U+96DC	172	10
U+96DD	172	10
U+96DE	172	10
U+96DF	172	10
U+96E0	172	10
U+96E1	172	11
U+96E2	172	11
U+96E3	172	11
U+96E4	172	13
U+96E5	172	16
U+96E6	172	16
U+96E7	172	20
U+96E8	173	0
U+96E9	173	3
U+96EA	173	3
U+96EB	173	3
U+96EC	173	4
U+96ED	173	4
U+96EE	173	4
U+96EF	173	4
U+96F0	173	4
U+96F1	173	4
U+96F2	173	4
U+96F3	173	4
U+96F4	173	5
U+96F5	173	5
U+96F6	173	5
U+96F7	173	5
U+96F8	173	5
U+96F9	173	5
U+96FA	173	5
U+96FB	173	5
U+96FC	173	5
U+96FD	173	5
U+96FE	173	5
U+96FF	173	6
U+9700	173	6
U+9701	173	6
U+9702	173	7
U+9703	173	7
U+9704	173	7
U+9705	173	7
U+9706	173	7
U+9707	173	7
U+9708	173	7
U+9709	173	7
U+970A	173	7
U+970B	173	8
U+970C	173	8
U+970D	173	8
U+970E	173	8
U+970F	173	8
U+9710	173	8
U+9711	173	8
U+9712	173	8
U+9713	173	8
U+9714	173	8
U+9715	173	8
U+9716	173	8
U+9717	173	8
U+9718	173	9
U+9719	173	9
U+971A	173	9
U+971B	173	9
U+971C	173	9
U+971D	173	9
U+971E	173	9
U+971F	173	9
U+9720	173	9
U+9721	173	10
U+9722	173	10
U+9723	173	10
U+9724	173	10
U+9725	173	10
U+9726	173	11
U+9727	173	11
U+9728	173	11
U+9729	173	11
U+972A	173	11
U+972B	173	11
U+972C	173	11
U+972D	173	11
U+972E	173	12
U+972F	173	12
U+9730	173	12
U+9731	173	12
U+9732	173	12
U+9733	173	12
U+9734	173	12
U+9735	173	13
U+9736	173	13
U+9737	173	13
U+9738	173	13
U+9739	173	13
U+973A	173	13
U+973B	173	13
U+973C	173	14
U+973D	173	14
U+973E	173	14
U+973F	173	14
U+9740	173	14
U+9741	173	15
U+9742	173	16
U+9743	173	16
U+9744	173	16
U+9745	173	16
U+9746	173	16
U+9747	173	16
U+9748	173	16
U+9749	173	17
U+974A	173	18
U+974B	173	19
U+974C	173	19
U+974D	173	19
U+974E	173	19
U+974F	173	21
U+9750	173	31
U+9751	174	0
U+9752	174	0
U+9753	174	4
U+9754	174	4
U+9755	174	5
U+9756	174	5
U+9757	174	6
U+9758	174	6
U+9759	174	6
U+975A	174	7
U+975B	174	8
U+975C	174	8
U+975D	174	10
U+975E	175	0
U+975F	175	4
U+9760	175	7
U+9761	175	11
U+9762	176	0
U+9763	176	0
U+9764	176	5
U+9765	176	6
U+9766	176	7
U+9767	176	12
U+9768	176	14
U+9769	177	0
U+976A	177	2
U+976B	177	3
U+976C	177	3
U+976D	177	3
U+976E	177	3
U+976F	177	3
U+9770	177	3
U+9771	177	3
U+9772	177	4
U+9773	177	4
U+9774	177	4
U+9775	177	4
U+9776	177	4
U+9777	177	4
U+9778	177	4
U+9779	177	4
U+977A	177	5
U+977B	177	5
U+977C	177	5
U+977D	177	5
U+977E	177	5
U+977F	177	5
U+9780	177	5
U+9781	177	5
U+9782	177	5
U+9783	177	5
U+9784	177	5
U+9785	177	5
U+9786	177	5
U+9787	177	6
U+9788	177	6
U+9789	177	6
U+978A	177	6
U+978B	177	6
U+978C	177	6
U+978D	177	6
U+978E	177	6
U+978F	177	6
U+9790	177	6
U+9791	177	6
U+9792	177	6
U+9793	177	7
U+9794	177	7
U+9795	177	7
U+9796	177	7
U+9797	177	7
U+9798	177	7
U+9799	177	7
U+979A	177	8
U+979B	177	8
U+979C	177	8
U+979D	177	8
U+979E	177	8
U+979F	177	8
U+97A0	177	8
U+97A1	177	8
U+97A2	177	9
U+97A3	177	9
U+97A4	177	9
U+97A5	177	9
U+97A6	177	9
U+97A7	177	9
U+97A8	177	9
U+97A9	177	9
U+97AA	177	9
U+97AB	177	9
U+97AC	177	9
U+97AD	177	9
U+97AE	177	9
U+97AF	177	9
U+97B0	177	9
U+97B1	177	10
U+97B2	177	10
U+97B3	177	10
U+97B4	177	10
U+97B5	177	10
U+97B6	177	10
U+97B7	177	10
U+97B8	177	11
U+97B9	177	11
U+97BA	177	11
U+97BB	177	11
U+97BC	177	12
U+97BD	177	12
U+97BE	177	12
U+97BF	177	12
U+97C0	177	13
U+97C1	177	13
U+97C2	177	13
U+97C3	177	13
U+97C4	177	14
U+97C5	177	14
U+97C6	177	15
U+97C7	177	15
U+97C8	177	15
U+97C9	177	17
U+97CA	177	21
U+97CB	178	0
U+97CC	178	3
U+97CD	178	5
U+97CE	178	5
U+97CF	178	6
U+97D0	178	6
U+97D1	178	6
U+97D2	178	7
U+97D3	178	8
U+97D4	178	8
U+97D5	178	8
U+97D6	178	9
U+97D7	178	9
U+97D8	178	9
U+97D9	178	9
U+97DA	178	9
U+97DB	178	11
U+97DC	178	10
U+97DD	178	10
U+97DE	178	10
U+97DF	178	10
U+97E0	178	11
U+97E1	178	12
U+97E2	178	12
U+97E3	178	13
U+97E4	178	15
U+97E5	178	15
U+97E6	178	0
U+97E7	178	3
U+97E8	178	5
U+97E9	178	8
U+97EA	178	9
U+97EB	178	9
U+97EC	178	10
U+97ED	179	0
U+97EE	179	4
U+97EF	179	6
U+97F0	179	7
U+97F1	179	8
U+97F2	179	10
U+97F3	180	0
U+97F4	180	4
U+97F5	180	4
U+97F6	180	5
U+97F7	180	5
U+97F8	180	7
U+97F9	180	9
U+97FA	180	9
U+97FB	180	10
U+97FC	180	10
U+97FD	180	11
U+97FE	180	11
U+97FF	180	11
U+9800	180	14
U+9801	181	0
U+9802	181	2
U+9803	181	2
U+9804	181	2
U+9805	181	3
U+9806	181	3
U+9807	181	3
U+9808	181	3
U+9809	181	3
U+980A	181	4
U+980B	181	4
U+980C	181	4
U+980D	181	4
U+980E	181	4
U+980F	181	4
U+9810	181	4
U+9811	181	4
U+9812	181	4
U+9813	181	4
U+9814	181	5
U+9815	181	5
U+9816	181	5
U+9817	181	5
U+9818	181	5
U+9819	181	5
U+981A	181	5
U+981B	181	6
U+981C	181	6
U+981D	181	6
U+981E	181	6
U+981F	181	6
U+9820	181	6
U+9821	181	6
U+9822	181	6
U+9823	181	6
U+9824	181	7
U+9825	181	7
U+9826	181	6
U+9827	181	6
U+9828	181	6
U+9829	181	6
U+982A	181	6
U+982B	181	6
U+982C	181	6
U+982D	181	7
U+982E	181	7
U+982F	181	7
U+9830	181	7
U+9831	181	7
U+9832	181	7
U+9833	181	7
U+9834	181	7
U+9835	181	7
U+9836	181	7
U+9837	181	7
U+9838	181	7
U+9839	181	7
U+983A	181	7
U+983B	181	7
U+983C	181	7
U+983D	181	7
U+983E	181	9
U+983F	181	8
U+9840	181	8
U+9841	181	8
U+9842	181	8
U+9843	181	8
U+9844	181	8
U+9845	181	8
U+9846	181	8
U+9847	181	8
U+9848	181	8
U+9849	181	8
U+984A	181	8
U+984B	181	9
U+984C	181	9
U+984D	181	9
U+984E	181	9
U+984F	181	9
U+9850	181	9
U+9851	181	9
U+9852	181	9
U+9853	181	9
U+9854	181	9
U+9855	181	9
U+9856	181	10
U+9857	181	10
U+9858	181	10
U+9859	181	10
U+985A	181	10
U+985B	181	10
U+985C	181	10
U+985D	181	10
U+985E	181	10
U+985F	181	11
U+9860	181	11
U+9861	181	11
U+9862	181	11
U+9863	181	11
U+9864	181	12
U+9865	181	12
U+9866	181	12
U+9867	181	12
U+9868	181	12
U+9869	181	13
U+986A	181	13
U+986B	181	13
U+986C	181	14
U+986D	181	14
U+986E	181	14
U+986F	181	14
U+9870	181	15
U+9871	181	16
U+9872	181	16
U+9873	181	18
U+9874	181	18
U+9875	181	0
U+9876	181	2
U+9877	181	2
U+9878	181	3
U+9879	181	3
U+987A	181	3
U+987B	181	3
U+987C	181	4
U+987D	181	4
U+987E	181	4
U+987F	181	4
U+9880	181	4
U+9881	181	4
U+9882	181	4
U+9883	181	4
U+9884	181	4
U+9885	181	5
U+9886	181	5
U+9887	181	5
U+9888	181	5
U+9889	181	6
U+988A	181	6
U+988B	181	6
U+988C	181	6
U+988D	181	6
U+988E	181	6
U+988F	181	6
U+9890	181	7
U+9891	181	7
U+9892	181	7
U+9893	181	7
U+9894	181	7
U+9895	181	7
U+9896	181	7
U+9897	181	8
U+9898	181	9
U+9899	181	9
U+989A	181	9
U+989B	181	9
U+989C	181	9
U+989D	181	9
U+989E	181	10
U+989F	181	10
U+98A0	181	10
U+98A1	181	10
U+98A2	181	12
U+98A3	181	12
U+98A4	181	13
U+98A5	181	14
U+98A6	181	15
U+98A7	181	17
U+98A8	182	0
U+98A9	182	3
U+98AA	182	3
U+98AB	182	4
U+98AC	182	4
U+98AD	182	5
U+98AE	182	5
U+98AF	182	5
U+98B0	182	5
U+98B1	182	5
U+98B2	182	6
U+98B3	182	6
U+98B4	182	7
U+98B5	182	7
U+98B6	182	8
U+98B7	182	8
U+98B8	182	9
U+98B9	182	9
U+98BA	182	9
U+98BB	182	10
U+98BC	182	10
U+98BD	182	10
U+98BE	182	10
U+98BF	182	10
U+98C0	182	10
U+98C1	182	11
U+98C2	182	11
U+98C3	182	11
U+98C4	182	11
U+98C5	182	12
U+98C6	182	12
U+98C7	182	12
U+98C8	182	12
U+98C9	182	12
U+98CA	182	12
U+98CB	182	13
U+98CC	182	18
U+98CD	182	18
U+98CE	182	0
U+98CF	182	3
U+98D0	182	5
U+98D1	182	5
U+98D2	182	5
U+98D3	182	8
U+98D4	182	9
U+98D5	182	10
U+98D6	182	9
U+98D7	182	10
U+98D8	182	11
U+98D9	182	12
U+98DA	182	12
U+98DB	183	0
U+98DC	183	12
U+98DD	183	18
U+98DE	183	0
U+98DF	184	0
U+98E0	184	0
U+98E1	184	2
U+98E2	184	2
U+98E3	184	2
U+98E4	184	2
U+98E5	184	3
U+98E6	184	3
U+98E7	184	3
U+98E8	184	3
U+98E9	184	4
U+98EA	184	4
U+98EB	184	4
U+98EC	184	4
U+98ED	184	4
U+98EE	184	4
U+98EF	184	4
U+98F0	184	4
U+98F1	184	4
U+98F2	184	4
U+98F3	184	5
U+98F4	184	5
U+98F5	184	5
U+98F6	184	5
U+98F7	184	5
U+98F8	184	5
U+98F9	184	5
U+98FA	184	6
U+98FB	184	5
U+98FC	184	5
U+98FD	184	5
U+98FE	184	5
U+98FF	184	5
U+9900	184	6
U+9901	184	6
U+9902	184	6
U+9903	184	6
U+9904	184	6
U+9905	184	6
U+9906	184	6
U+9907	184	6
U+9908	184	6
U+9909	184	6
U+990A	184	6
U+990B	184	6
U+990C	184	6
U+990D	184	6
U+990E	184	6
U+990F	184	6
U+9910	184	7
U+9911	184	7
U+9912	184	7
U+9913	184	7
U+9914	184	7
U+9915	184	7
U+9916	184	7
U+9917	184	7
U+9918	184	7
U+9919	184	7
U+991A	184	8
U+991B	184	8
U+991C	184	8
U+991D	184	7
U+991E	184	8
U+991F	184	8
U+9920	184	8
U+9921	184	8
U+9922	184	8
U+9923	184	8
U+9924	184	8
U+9925	184	8
U+9926	184	8
U+9927	184	8
U+9928	184	8
U+9929	184	8
U+992A	184	9
U+992B	184	9
U+992C	184	9
U+992D	184	9
U+992E	184	9
U+992F	184	9
U+9930	184	9
U+9931	184	9
U+9932	184	9
U+9933	184	9
U+9934	184	9
U+9935	184	9
U+9936	184	10
U+9937	184	9
U+9938	184	10
U+9939	184	10
U+993A	184	10
U+993B	184	10
U+993C	184	10
U+993D	184	10
U+993E	184	10
U+993F	184	10
U+9940	184	10
U+9941	184	10
U+9942	184	10
U+9943	184	11
U+9944	184	11
U+9945	184	11
U+9946	184	11
U+9947	184	11
U+9948	184	11
U+9949	184	11
U+994A	184	12
U+994B	184	12
U+994C	184	12
U+994D	184	12
U+994E	184	12
U+994F	184	12
U+9950	184	12
U+9951	184	12
U+9952	184	12
U+9953	184	12
U+9954	184	13
U+9955	184	13
U+9956	184	13
U+9957	184	13
U+9958	184	13
U+9959	184	13
U+995A	184	14
U+995B	184	14
U+995C	184	14
U+995D	184	16
U+995E	184	17
U+995F	184	17
U+9960	184	19
U+9961	184	19
U+9962	184	22
U+9963	184	0
U+9964	184	2
U+9965	184	2
U+9966	184	3
U+9967	184	3
U+9968	184	4
U+9969	184	4
U+996A	184	4
U+996B	184	4
U+996C	184	4
U+996D	184	4
U+996E	184	4
U+996F	184	5
U+9970	184	5
U+9971	184	5
U+9972	184	5
U+9973	184	5
U+9974	184	5
U+9975	184	6
U+9976	184	6
U+9977	184	6
U+9978	184	6
U+9979	184	6
U+997A	184	6
U+997B	184	6
U+997C	184	6
U+997D	184	7
U+997E	184	7
U+997F	184	7
U+9980	184	7
U+9981	184	7
U+9982	184	7
U+9983	184	8
U+9984	184	8
U+9985	184	8
U+9986	184	8
U+9987	184	9
U+9988	184	9
U+9989	184	10
U+998A	184	9
U+998B	184	9
U+998C	184	10
U+998D	184	10
U+998E	184	10
U+998F	184	10
U+9990	184	10
U+9991	184	11
U+9992	184	11
U+9993	184	12
U+9994	184	12
U+9995	184	22
U+9996	185	0
U+9997	185	2
U+9998	185	8
U+9999	186	0
U+999A	186	4
U+999B	186	5
U+999C	186	5
U+999D	186	5
U+999E	186	7
U+999F	186	7
U+99A0	186	7
U+99A1	186	8
U+99A2	186	8
U+99A3	186	8
U+99A4	186	9
U+99A5	186	9
U+99A6	186	10
U+99A7	186	10
U+99A8	186	11
U+99A9	186	12
U+99AA	186	14
U+99AB	186	18
U+99AC	187	0
U+99AD	187	2
U+99AE	187	2
U+99AF	187	3
U+99B0	187	3
U+99B1	187	3
U+99B2	187	3
U+99B3	187	3
U+99B4	187	3
U+99B5	187	3
U+99B6	187	4
U+99B7	187	4
U+99B8	187	4
U+99B9	187	4
U+99BA	187	4
U+99BB	187	4
U+99BC	187	4
U+99BD	187	4
U+99BE	187	4
U+99BF	187	4
U+99C0	187	4
U+99C1	187	4
U+99C2	187	4
U+99C3	187	4
U+99C4	187	4
U+99C5	187	4
U+99C6	187	4
U+99C7	187	4
U+99C8	187	5
U+99C9	187	5
U+99CA	187	5
U+99CB	187	5
U+99CC	187	5
U+99CD	187	5
U+99CE	187	5
U+99CF	187	5
U+99D0	187	5
U+99D1	187	5
U+99D2	187	5
U+99D3	187	5
U+99D4	187	5
U+99D5	187	5
U+99D6	187	5
U+99D7	187	5
U+99D8	187	5
U+99D9	187	5
U+99DA	187	5
U+99DB	187	5
U+99DC	187	5
U+99DD	187	5
U+99DE	187	5
U+99DF	187	5
U+99E0	187	5
U+99E1	187	6
U+99E2	187	6
U+99E3	187	6
U+99E4	187	6
U+99E5	187	6
U+99E6	187	6
U+99E7	187	6
U+99E8	187	6
U+99E9	187	6
U+99EA	187	6
U+99EB	187	6
U+99EC	187	6
U+99ED	187	6
U+99EE	187	6
U+99EF	187	6
U+99F0	187	6
U+99F1	187	6
U+99F2	187	6
U+99F3	187	8
U+99F4	187	7
U+99F5	187	7
U+99F6	187	7
U+99F7	187	7
U+99F8	187	7
U+99F9	187	7
U+99FA	187	7
U+99FB	187	7
U+99FC	187	7
U+99FD	187	7
U+99FE	187	7
U+99FF	187	7
U+9A00	187	7
U+9A01	187	7
U+9A02	187	7
U+9A03	187	7
U+9A04	187	8
U+9A05	187	8
U+9A06	187	8
U+9A07	187	8
U+9A08	187	8
U+9A09	187	8
U+9A0A	187	8
U+9A0B	187	8
U+9A0C	187	8
U+9A0D	187	8
U+9A0E	187	8
U+9A0F	187	8
U+9A10	187	8
U+9A11	187	8
U+9A12	187	8
U+9A13	187	8
U+9A14	187	9
U+9A15	187	9
U+9A16	187	9
U+9A17	187	9
U+9A18	187	9
U+9A19	187	9
U+9A1A	187	9
U+9A1B	187	9
U+9A1C	187	9
U+9A1D	187	9
U+9A1E	187	9
U+9A1F	187	9
U+9A20	187	9
U+9A21	187	9
U+9A22	187	9
U+9A23	187	9
U+9A24	187	9
U+9A25	187	9
U+9A26	187	9
U+9A27	187	9
U+9A28	187	9
U+9A29	187	10
U+9A2A	187	10
U+9A2B	187	10
U+9A2C	187	10
U+9A2D	187	10
U+9A2E	187	10
U+9A2F	187	10
U+9A30	187	10
U+9A31	187	10
U+9A32	187	10
U+9A33	187	10
U+9A34	187	10
U+9A35	187	10
U+9A36	187	10
U+9A37	187	10
U+9A38	187	10
U+9A39	187	11
U+9A3A	187	11
U+9A3B	187	11
U+9A3C	187	11
U+9A3D	187	11
U+9A3E	187	11
U+9A3F	187	11
U+9A40	187	11
U+9A41	187	11
U+9A42	187	11
U+9A43	187	11
U+9A44	187	11
U+9A45	187	11
U+9A46	187	11
U+9A47	187	11
U+9A48	187	12
U+9A49	187	12
U+9A4A	187	12
U+9A4B	187	12
U+9A4C	187	12
U+9A4D	187	12
U+9A4E	187	12
U+9A4F	187	12
U+9A50	187	12
U+9A51	187	12
U+9A52	187	12
U+9A53	187	12
U+9A54	187	12
U+9A55	187	12
U+9A56	187	13
U+9A57	187	13
U+9A58	187	13
U+9A59	187	13
U+9A5A	187	13
U+9A5B	187	13
U+9A5C	187	13
U+9A5D	187	14
U+9A5E	187	14
U+9A5F	187	14
U+9A60	187	16
U+9A61	187	16
U+9A62	187	16
U+9A63	187	16
U+9A64	187	17
U+9A65	187	17
U+9A66	187	17
U+9A67	187	17
U+9A68	187	18
U+9A69	187	18
U+9A6A	187	19
U+9A6B	187	20
U+9A6C	187	0
U+9A6D	187	2
U+9A6E	187	3
U+9A6F	187	3
U+9A70	187	3
U+9A71	187	4
U+9A72	187	4
U+9A73	187	4
U+9A74	187	4
U+9A75	187	5
U+9A76	187	5
U+9A77	187	5
U+9A78	187	5
U+9A79	187	5
U+9A7A	187	5
U+9A7B	187	5
U+9A7C	187	5
U+9A7D	187	5
U+9A7E	187	5
U+9A7F	187	5
U+9A80	187	5
U+9A81	187	6
U+9A82	187	6
U+9A83	187	6
U+9A84	187	6
U+9A85	187	6
U+9A86	187	6
U+9A87	187	6
U+9A88	187	6
U+9A89	187	6
U+9A8A	187	7
U+9A8B	187	7
U+9A8C	187	7
U+9A8D	187	7
U+9A8E	187	7
U+9A8F	187	7
U+9A90	187	8
U+9A91	187	8
U+9A92	187	8
U+9A93	187	8
U+9A94	187	8
U+9A95	187	8
U+9A96	187	8
U+9A97	187	9
U+9A98	187	9
U+9A99	187	9
U+9A9A	187	9
U+9A9B	187	9
U+9A9C	187	10
U+9A9D	187	10
U+9A9E	187	10
U+9A9F	187	10
U+9AA0	187	11
U+9AA1	187	11
U+9AA2	187	11
U+9AA3	187	12
U+9AA4	187	14
U+9AA5	187	16
U+9AA6	187	17
U+9AA7	187	17
U+9AA8	188	0
U+9AA9	188	2
U+9AAA	188	3
U+9AAB	188	3
U+9AAC	188	3
U+9AAD	188	3
U+9AAE	188	3
U+9AAF	188	4
U+9AB0	188	4
U+9AB1	188	4
U+9AB2	188	5
U+9AB3	188	5
U+9AB4	188	5
U+9AB5	188	5
U+9AB6	188	5
U+9AB7	188	5
U+9AB8	188	6
U+9AB9	188	6
U+9ABA	188	6
U+9ABB	188	6
U+9ABC	188	6
U+9ABD	188	7
U+9ABE	188	7
U+9ABF	188	8
U+9AC0	188	8
U+9AC1	188	8
U+9AC2	188	9
U+9AC3	188	9
U+9AC4	188	9
U+9AC5	188	9
U+9AC6	188	10
U+9AC7	188	10
U+9AC8	188	10
U+9AC9	188	10
U+9ACA	188	10
U+9ACB	188	10
U+9ACC	188	10
U+9ACD	188	11
U+9ACE	188	11
U+9ACF	188	11
U+9AD0	188	12
U+9AD1	188	13
U+9AD2	188	13
U+9AD3	188	13
U+9AD4	188	13
U+9AD5	188	14
U+9AD6	188	15
U+9AD7	188	16
U+9AD8	189	0
U+9AD9	189	0
U+9ADA	189	4
U+9ADB	189	5
U+9ADC	189	8
U+9ADD	189	12
U+9ADE	189	13
U+9ADF	190	0
U+9AE0	190	2
U+9AE1	190	3
U+9AE2	190	3
U+9AE3	190	4
U+9AE4	190	4
U+9AE5	190	4
U+9AE6	190	4
U+9AE7	190	4
U+9AE8	190	4
U+9AE9	190	4
U+9AEA	190	4
U+9AEB	190	5
U+9AEC	190	5
U+9AED	190	5
U+9AEE	190	5
U+9AEF	190	5
U+9AF0	190	5
U+9AF1	190	5
U+9AF2	190	5
U+9AF3	190	5
U+9AF4	190	5
U+9AF5	190	6
U+9AF6	190	6
U+9AF7	190	6
U+9AF8	190	6
U+9AF9	190	6
U+9AFA	190	6
U+9AFB	190	6
U+9AFC	190	7
U+9AFD	190	7
U+9AFE	190	7
U+9AFF	190	7
U+9B00	190	7
U+9B01	190	7
U+9B02	190	7
U+9B03	190	8
U+9B04	190	8
U+9B05	190	8
U+9B06	190	8
U+9B07	190	6
U+9B08	190	8
U+9B09	190	9
U+9B0A	190	9
U+9B0B	190	9
U+9B0C	190	9
U+9B0D	190	9
U+9B0E	190	9
U+9B0F	190	9
U+9B10	190	10
U+9B11	190	10
U+9B12	190	10
U+9B13	190	10
U+9B14	190	11
U+9B15	190	11
U+9B16	190	11
U+9B17	190	11
U+9B18	190	11
U+9B19	190	12
U+9B1A	190	12
U+9B1B	190	12
U+9B1C	190	12
U+9B1D	190	11
U+9B1E	190	13
U+9B1F	190	13
U+9B20	190	13
U+9B21	190	14
U+9B22	190	14
U+9B23	190	15
U+9B24	190	17
U+9B25	191	0
U+9B26	191	4
U+9B27	191	5
U+9B28	191	6
U+9B29	191	8
U+9B2A	191	10
U+9B2B	191	12
U+9B2C	191	14
U+9B2D	191	14
U+9B2E	191	17
U+9B2F	192	0
U+9B30	192	17
U+9B31	192	19
U+9B32	193	0
U+9B33	193	6
U+9B34	193	7
U+9B35	193	8
U+9B36	193	8
U+9B37	193	9
U+9B38	193	10
U+9B39	193	11
U+9B3A	193	11
U+9B3B	193	12
U+9B3C	194	0
U+9B3D	194	3
U+9B3E	194	4
U+9B3F	194	4
U+9B40	194	4
U+9B41	194	4
U+9B42	194	4
U+9B43	194	5
U+9B44	194	5
U+9B45	194	5
U+9B46	194	5
U+9B47	194	6
U+9B48	194	7
U+9B49	194	7
U+9B4A	194	8
U+9B4B	194	8
U+9B4C	194	8
U+9B4D	194	8
U+9B4E	194	8
U+9B4F	194	8
U+9B50	194	10
U+9B51	194	11
U+9B52	194	11
U+9B53	194	11
U+9B54	194	11
U+9B55	194	12
U+9B56	194	12
U+9B57	194	14
U+9B58	194	14
U+9B59	194	14
U+9B5A	195	0
U+9B5B	195	2
U+9B5C	195	2
U+9B5D	195	2
U+9B5E	195	2
U+9B5F	195	3
U+9B60	195	3
U+9B61	195	3
U+9B62	195	3
U+9B63	195	4
U+9B64	195	4
U+9B65	195	4
U+9B66	195	4
U+9B67	195	4
U+9B68	195	4
U+9B69	195	4
U+9B6A	195	4
U+9B6B	195	4
U+9B6C	195	4
U+9B6D	195	4
U+9B6E	195	4
U+9B6F	195	4
U+9B70	195	4
U+9B71	195	4
U+9B72	195	4
U+9B73	195	4
U+9B74	195	4
U+9B75	195	4
U+9B76	195	4
U+9B77	195	4
U+9B78	195	4
U+9B79	195	4
U+9B7A	195	5
U+9B7B	195	5
U+9B7C	195	5
U+9B7D	195	5
U+9B7E	195	5
U+9B7F	195	5
U+9B80	195	5
U+9B81	195	5
U+9B82	195	5
U+9B83	195	5
U+9B84	195	5
U+9B85	195	5
U+9B86	195	5
U+9B87	195	5
U+9B88	195	5
U+9B89	195	5
U+9B8A	195	5
U+9B8B	195	5
U+9B8C	195	5
U+9B8D	195	5
U+9B8E	195	5
U+9B8F	195	5
U+9B90	195	5
U+9B91	195	5
U+9B92	195	5
U+9B93	195	5
U+9B94	195	5
U+9B95	195	5
U+9B96	195	5
U+9B97	195	5
U+9B98	195	5
U+9B99	195	6
U+9B9A	195	6
U+9B9B	195	6
U+9B9C	195	6
U+9B9D	195	6
U+9B9E	195	6
U+9B9F	195	6
U+9BA0	195	6
U+9BA1	195	6
U+9BA2	195	6
U+9BA3	195	5
U+9BA4	195	6
U+9BA5	195	6
U+9BA6	195	6
U+9BA7	195	6
U+9BA8	195	6
U+9BA9	195	6
U+9BAA	195	6
U+9BAB	195	6
U+9BAC	195	6
U+9BAD	195	6
U+9BAE	195	6
U+9BAF	195	6
U+9BB0	195	6
U+9BB1	195	6
U+9BB2	195	6
U+9BB3	195	6
U+9BB4	195	6
U+9BB5	195	7
U+9BB6	195	7
U+9BB7	195	7
U+9BB8	195	7
U+9BB9	195	7
U+9BBA	195	6
U+9BBB	195	7
U+9BBC	195	7
U+9BBD	195	7
U+9BBE	195	7
U+9BBF	195	7
U+9BC0	195	7
U+9BC1	195	7
U+9BC2	195	7
U+9BC3	195	7
U+9BC4	195	7
U+9BC5	195	7
U+9BC6	195	7
U+9BC7	195	7
U+9BC8	195	7
U+9BC9	195	7
U+9BCA	195	7
U+9BCB	195	7
U+9BCC	195	7
U+9BCD	195	7
U+9BCE	195	7
U+9BCF	195	7
U+9BD0	195	7
U+9BD1	195	7
U+9BD2	195	7
U+9BD3	195	7
U+9BD4	195	8
U+9BD5	195	8
U+9BD6	195	8
U+9BD7	195	8
U+9BD8	195	8
U+9BD9	195	8
U+9BDA	195	8
U+9BDB	195	8
U+9BDC	195	8
U+9BDD	195	8
U+9BDE	195	8
U+9BDF	195	8
U+9BE0	195	8
U+9BE1	195	8
U+9BE2	195	8
U+9BE3	195	8
U+9BE4	195	8
U+9BE5	195	8
U+9BE6	195	8
U+9BE7	195	8
U+9BE8	195	8
U+9BE9	195	8
U+9BEA	195	8
U+9BEB	195	8
U+9BEC	195	8
U+9BED	195	8
U+9BEE	195	8
U+9BEF	195	8
U+9BF0	195	8
U+9BF1	195	8
U+9BF2	195	8
U+9BF3	195	8
U+9BF4	195	8
U+9BF5	195	8
U+9BF6	195	9
U+9BF7	195	9
U+9BF8	195	9
U+9BF9	195	9
U+9BFA	195	9
U+9BFB	195	8
U+9BFC	195	9
U+9BFD	195	7
U+9BFE	195	9
U+9BFF	195	9
U+9C00	195	9
U+9C01	195	9
U+9C02	195	9
U+9C03	195	9
U+9C04	195	9
U+9C05	195	9
U+9C06	195	9
U+9C07	195	9
U+9C08	195	9
U+9C09	195	9
U+9C0A	195	9
U+9C0B	195	9
U+9C0C	195	9
U+9C0D	195	9
U+9C0E	195	9
U+9C0F	195	9
U+9C10	195	9
U+9C11	195	9
U+9C12	195	9
U+9C13	195	9
U+9C14	195	9
U+9C15	195	9
U+9C16	195	9
U+9C17	195	9
U+9C18	195	9
U+9C19	195	9
U+9C1A	195	9
U+9C1B	195	9
U+9C1C	195	10
U+9C1D	195	10
U+9C1E	195	10
U+9C1F	195	10
U+9C20	195	9
U+9C21	195	10
U+9C22	195	10
U+9C23	195	10
U+9C24	195	10
U+9C25	195	10
U+9C26	195	10
U+9C27	195	10
U+9C28	195	10
U+9C29	195	10
U+9C2A	195	10
U+9C2B	195	10
U+9C2C	195	10
U+9C2D	195	10
U+9C2E	195	10
U+9C2F	195	10
U+9C30	195	10
U+9C31	195	11
U+9C32	195	11
U+9C33	195	11
U+9C34	195	11
U+9C35	195	11
U+9C36	195	11
U+9C37	195	11
U+9C38	195	11
U+9C39	195	11
U+9C3A	195	11
U+9C3B	195	11
U+9C3C	195	11
U+9C3D	195	11
U+9C3E	195	11
U+9C3F	195	11
U+9C40	195	11
U+9C41	195	11
U+9C42	195	11
U+9C43	195	11
U+9C44	195	11
U+9C45	195	11
U+9C46	195	11
U+9C47	195	11
U+9C48	195	11
U+9C49	195	12
U+9C4A	195	12
U+9C4B	195	12
U+9C4C	195	12
U+9C4D	195	12
U+9C4E	195	12
U+9C4F	195	12
U+9C50	195	12
U+9C51	195	12
U+9C52	195	12
U+9C53	195	12
U+9C54	195	12
U+9C55	195	12
U+9C56	195	12
U+9C57	195	12
U+9C58	195	12
U+9C59	195	12
U+9C5A	195	12
U+9C5B	195	12
U+9C5C	195	13
U+9C5D	195	13
U+9C5E	195	13
U+9C5F	195	13
U+9C60	195	13
U+9C61	195	13
U+9C62	195	13
U+9C63	195	13
U+9C64	195	13
U+9C65	195	13
U+9C66	195	13
U+9C67	195	13
U+9C68	195	14
U+9C69	195	13
U+9C6A	195	13
U+9C6B	195	13
U+9C6C	195	14
U+9C6D	195	14
U+9C6E	195	14
U+9C6F	195	14
U+9C70	195	14
U+9C71	195	15
U+9C72	195	15
U+9C73	195	15
U+9C74	195	15
U+9C75	195	15
U+9C76	195	15
U+9C77	195	16
U+9C78	195	16
U+9C79	195	18
U+9C7A	195	19
U+9C7B	195	22
U+9C7C	195	0
U+9C7D	195	2
U+9C7E	195	3
U+9C7F	195	4
U+9C80	195	4
U+9C81	195	4
U+9C82	195	4
U+9C83	195	4
U+9C84	195	5
U+9C85	195	5
U+9C86	195	5
U+9C87	195	5
U+9C88	195	5
U+9C89	195	5
U+9C8A	195	5
U+9C8B	195	5
U+9C8C	195	5
U+9C8D	195	5
U+9C8E	195	5
U+9C8F	195	5
U+9C90	195	5
U+9C91	195	6
U+9C92	195	6
U+9C93	195	6
U+9C94	195	6
U+9C95	195	6
U+9C96	195	6
U+9C97	195	6
U+9C98	195	6
U+9C99	195	6
U+9C9A	195	6
U+9C9B	195	6
U+9C9C	195	6
U+9C9D	195	6
U+9C9E	195	6
U+9C9F	195	6
U+9CA0	195	7
U+9CA1	195	7
U+9CA2	195	7
U+9CA3	195	7
U+9CA4	195	7
U+9CA5	195	7
U+9CA6	195	7
U+9CA7	195	7
U+9CA8	195	7
U+9CA9	195	7
U+9CAA	195	7
U+9CAB	195	7
U+9CAC	195	7
U+9CAD	195	8
U+9CAE	195	8
U+9CAF	195	8
U+9CB0	195	8
U+9CB1	195	8
U+9CB2	195	8
U+9CB3	195	8
U+9CB4	195	8
U+9CB5	195	8
U+9CB6	195	8
U+9CB7	195	8
U+9CB8	195	8
U+9CB9	195	8
U+9CBA	195	8
U+9CBB	195	8
U+9CBC	195	9
U+9CBD	195	9
U+9CBE	195	10
U+9CBF	195	9
U+9CC0	195	9
U+9CC1	195	9
U+9CC2	195	9
U+9CC3	195	9
U+9CC4	195	9
U+9CC5	195	9
U+9CC6	195	9
U+9CC7	195	9
U+9CC8	195	9
U+9CC9	195	9
U+9CCA	195	9
U+9CCB	195	9
U+9CCC	195	10
U+9CCD	195	10
U+9CCE	195	10
U+9CCF	195	10
U+9CD0	195	10
U+9CD1	195	10
U+9CD2	195	10
U+9CD3	195	11
U+9CD4	195	11
U+9CD5	195	11
U+9CD6	195	11
U+9CD7	195	11
U+9CD8	195	11
U+9CD9	195	11
U+9CDA	195	11
U+9CDB	195	11
U+9CDC	195	12
U+9CDD	195	12
U+9CDE	195	12
U+9CDF	195	12
U+9CE0	195	13
U+9CE1	195	13
U+9CE2	195	13
U+9CE3	195	13
U+9CE4	195	14
U+9CE5	196	0
U+9CE6	196	1
U+9CE7	196	2
U+9CE8	196	2
U+9CE9	196	2
U+9CEA	196	2
U+9CEB	196	2
U+9CEC	196	2
U+9CED	196	2
U+9CEE	196	2
U+9CEF	196	2
U+9CF0	196	2
U+9CF1	196	3
U+9CF2	196	3
U+9CF3	196	3
U+9CF4	196	3
U+9CF5	196	3
U+9CF6	196	3
U+9CF7	196	4
U+9CF8	196	4
U+9CF9	196	4
U+9CFA	196	4
U+9CFB	196	4
U+9CFC	196	4
U+9CFD	196	4
U+9CFE	196	4
U+9CFF	196	4
U+9D00	196	4
U+9D01	196	4
U+9D02	196	4
U+9D03	196	4
U+9D04	196	4
U+9D05	196	4
U+9D06	196	4
U+9D07	196	4
U+9D08	196	4
U+9D09	196	4
U+9D0A	196	5
U+9D0B	196	4
U+9D0C	196	4
U+9D0D	196	4
U+9D0E	196	4
U+9D0F	196	5
U+9D10	196	5
U+9D11	196	5
U+9D12	196	5
U+9D13	196	5
U+9D14	196	5
U+9D15	196	5
U+9D16	196	5
U+9D17	196	5
U+9D18	196	5
U+9D19	196	5
U+9D1A	196	5
U+9D1B	196	5
U+9D1C	196	5
U+9D1D	196	5
U+9D1E	196	5
U+9D1F	196	5
U+9D20	196	5
U+9D21	196	5
U+9D22	196	5
U+9D23	196	5
U+9D24	196	5
U+9D25	196	5
U+9D26	196	5
U+9D27	196	5
U+9D28	196	5
U+9D29	196	5
U+9D2A	196	5
U+9D2B	196	5
U+9D2C	196	5
U+9D2D	196	6
U+9D2E	196	6
U+9D2F	196	6
U+9D30	196	6
U+9D31	196	6
U+9D32	196	6
U+9D33	196	6
U+9D34	196	6
U+9D35	196	6
U+9D36	196	6
U+9D37	196	6
U+9D38	196	6
U+9D39	196	6
U+9D3A	196	6
U+9D3B	196	6
U+9D3C	196	6
U+9D3D	196	6
U+9D3E	196	6
U+9D3F	196	6
U+9D40	196	6
U+9D41	196	6
U+9D42	196	6
U+9D43	196	6
U+9D44	196	6
U+9D45	196	6
U+9D46	196	6
U+9D47	196	6
U+9D48	196	6
U+9D49	196	6
U+9D4A	196	7
U+9D4B	196	7
U+9D4C	196	7
U+9D4D	196	7
U+9D4E	196	7
U+9D4F	196	7
U+9D50	196	7
U+9D51	196	7
U+9D52	196	7
U+9D53	196	7
U+9D54	196	7
U+9D55	196	7
U+9D56	196	7
U+9D57	196	7
U+9D58	196	7
U+9D59	196	7
U+9D5A	196	7
U+9D5B	196	7
U+9D5C	196	7
U+9D5D	196	7
U+9D5E	196	7
U+9D5F	196	7
U+9D60	196	7
U+9D61	196	7
U+9D62	196	7
U+9D63	196	7
U+9D64	148	11
U+9D65	196	7
U+9D66	196	8
U+9D67	196	8
U+9D68	196	8
U+9D69	196	8
U+9D6A	196	8
U+9D6B	196	8
U+9D6C	196	8
U+9D6D	196	8
U+9D6E	196	8
U+9D6F	196	8
U+9D70	196	8
U+9D71	196	8
U+9D72	196	8
U+9D73	196	8
U+9D74	196	8
U+9D75	196	8
U+9D76	196	8
U+9D77	196	8
U+9D78	196	8
U+9D79	196	8
U+9D7A	196	8
U+9D7B	196	8
U+9D7C	196	8
U+9D7D	196	8
U+9D7E	196	8
U+9D7F	196	8
U+9D80	196	8
U+9D81	196	8
U+9D82	196	8
U+9D83	196	8
U+9D84	196	8
U+9D85	196	8
U+9D86	196	8
U+9D87	196	8
U+9D88	196	8
U+9D89	196	8
U+9D8A	196	8
U+9D8B	196	8
U+9D8C	196	8
U+9D8D	196	8
U+9D8E	196	8
U+9D8F	196	8
U+9D90	196	9
U+9D91	196	8
U+9D92	196	9
U+9D93	196	9
U+9D94	196	9
U+9D95	196	9
U+9D96	196	9
U+9D97	196	9
U+9D98	196	9
U+9D99	196	9
U+9D9A	196	9
U+9D9B	196	9
U+9D9C	196	9
U+9D9D	196	9
U+9D9E	196	9
U+9D9F	196	9
U+9DA0	196	9
U+9DA1	196	9
U+9DA2	196	9
U+9DA3	196	9
U+9DA4	196	9
U+9DA5	196	9
U+9DA6	196	9
U+9DA7	196	9
U+9DA8	196	9
U+9DA9	196	9
U+9DAA	196	9
U+9DAB	196	9
U+9DAC	196	10
U+9DAD	196	10
U+9DAE	196	10
U+9DAF	196	10
U+9DB0	196	10
U+9DB1	196	10
U+9DB2	196	10
U+9DB3	196	10
U+9DB4	196	10
U+9DB5	196	10
U+9DB6	196	10
U+9DB7	196	10
U+9DB8	196	10
U+9DB9	196	10
U+9DBA	196	10
U+9DBB	196	10
U+9DBC	196	10
U+9DBD	196	10
U+9DBE	196	10
U+9DBF	196	10
U+9DC0	196	10
U+9DC1	196	10
U+9DC2	196	10
U+9DC3	196	10
U+9DC4	196	10
U+9DC5	196	10
U+9DC6	196	10
U+9DC7	196	10
U+9DC8	196	10
U+9DC9	196	10
U+9DCA	196	10
U+9DCB	196	11
U+9DCC	196	10
U+9DCD	196	10
U+9DCE	196	10
U+9DCF	196	10
U+9DD0	196	11
U+9DD1	196	11
U+9DD2	196	11
U+9DD3	196	11
U+9DD4	196	11
U+9DD5	196	11
U+9DD6	196	11
U+9DD7	196	11
U+9DD8	196	11
U+9DD9	196	11
U+9DDA	196	11
U+9DDB	196	11
U+9DDC	196	11
U+9DDD	196	11
U+9DDE	196	11
U+9DDF	196	11
U+9DE0	195	11
U+9DE1	196	12
U+9DE2	196	12
U+9DE3	196	12
U+9DE4	196	12
U+9DE5	196	12
U+9DE6	196	12
U+9DE7	196	12
U+9DE8	196	12
U+9DE9	196	12
U+9DEA	196	12
U+9DEB	196	12
U+9DEC	196	12
U+9DED	196	12
U+9DEE	196	12
U+9DEF	196	12
U+9DF0	196	12
U+9DF1	196	12
U+9DF2	196	12
U+9DF3	196	12
U+9DF4	196	12
U+9DF5	196	12
U+9DF6	196	12
U+9DF7	196	12
U+9DF8	196	12
U+9DF9	196	13
U+9DFA	196	12
U+9DFB	196	12
U+9DFC	196	12
U+9DFD	196	13
U+9DFE	196	13
U+9DFF	196	13
U+9E00	196	13
U+9E01	196	13
U+9E02	196	13
U+9E03	196	13
U+9E04	196	13
U+9E05	196	13
U+9E06	196	13
U+9E07	196	13
U+9E08	196	13
U+9E09	196	13
U+9E0A	196	13
U+9E0B	196	14
U+9E0C	196	14
U+9E0D	196	14
U+9E0E	196	14
U+9E0F	196	14
U+9E10	196	14
U+9E11	196	14
U+9E12	196	14
U+9E13	196	15
U+9E14	196	15
U+9E15	196	16
U+9E16	196	16
U+9E17	196	16
U+9E18	196	17
U+9E19	196	17
U+9E1A	196	17
U+9E1B	196	18
U+9E1C	196	18
U+9E1D	196	19
U+9E1E	196	19
U+9E1F	196	0
U+9E20	196	2
U+9E21	196	2
U+9E22	196	3
U+9E23	196	3
U+9E24	196	3
U+9E25	196	4
U+9E26	196	4
U+9E27	196	4
U+9E28	196	4
U+9E29	196	4
U+9E2A	196	5
U+9E2B	196	5
U+9E2C	196	5
U+9E2D	196	5
U+9E2E	196	5
U+9E2F	196	5
U+9E30	196	5
U+9E31	196	5
U+9E32	196	5
U+9E33	196	5
U+9E34	196	5
U+9E35	196	5
U+9E36	196	5
U+9E37	196	6
U+9E38	196	6
U+9E39	196	6
U+9E3A	196	6
U+9E3B	196	6
U+9E3C	196	6
U+9E3D	196	6
U+9E3E	196	6
U+9E3F	196	6
U+9E40	196	7
U+9E41	196	7
U+9E42	196	7
U+9E43	196	7
U+9E44	196	7
U+9E45	196	7
U+9E46	196	7
U+9E47	196	7
U+9E48	196	7
U+9E49	196	8
U+9E4A	196	8
U+9E4B	196	8
U+9E4C	196	8
U+9E4D	196	8
U+9E4E	196	8
U+9E4F	196	8
U+9E50	196	8
U+9E51	196	8
U+9E52	196	8
U+9E53	196	8
U+9E54	196	8
U+9E55	196	9
U+9E56	196	9
U+9E57	196	9
U+9E58	196	10
U+9E59	196	9
U+9E5A	196	9
U+9E5B	196	9
U+9E5C	196	9
U+9E5D	196	10
U+9E5E	196	10
U+9E5F	196	10
U+9E60	196	10
U+9E61	196	10
U+9E62	196	10
U+9E63	196	10
U+9E64	196	10
U+9E65	196	11
U+9E66	196	11
U+9E67	196	11
U+9E68	196	11
U+9E69	196	12
U+9E6A	196	12
U+9E6B	196	12
U+9E6C	196	12
U+9E6D	196	13
U+9E6E	196	13
U+9E6F	196	13
U+9E70	196	13
U+9E71	196	14
U+9E72	196	14
U+9E73	196	17
U+9E74	196	17
U+9E75	197	0
U+9E76	197	4
U+9E77	197	5
U+9E78	197	8
U+9E79	197	9
U+9E7A	197	10
U+9E7B	197	10
U+9E7C	197	13
U+9E7D	197	13
U+9E7E	197	9
U+9E7F	198	0
U+9E80	198	2
U+9E81	198	2
U+9E82	198	2
U+9E83	198	4
U+9E84	198	4
U+9E85	198	5
U+9E86	198	5
U+9E87	198	5
U+9E88	198	5
U+9E89	198	6
U+9E8A	198	6
U+9E8B	198	6
U+9E8C	198	7
U+9E8D	198	7
U+9E8E	198	7
U+9E8F	198	7
U+9E90	198	7
U+9E91	198	8
U+9E92	198	8
U+9E93	198	8
U+9E94	198	8
U+9E95	198	8
U+9E96	198	8
U+9E97	198	8
U+9E98	198	9
U+9E99	198	9
U+9E9A	198	9
U+9E9B	198	9
U+9E9C	198	10
U+9E9D	198	10
U+9E9E	198	11
U+9E9F	198	12
U+9EA0	198	13
U+9EA1	198	14
U+9EA2	198	17
U+9EA3	198	20
U+9EA4	198	22
U+9EA5	199	0
U+9EA6	199	0
U+9EA7	199	3
U+9EA8	199	4
U+9EA9	199	4
U+9EAA	199	4
U+9EAB	199	4
U+9EAC	199	5
U+9EAD	199	5
U+9EAE	199	5
U+9EAF	199	6
U+9EB0	199	6
U+9EB1	199	7
U+9EB2	199	7
U+9EB3	199	8
U+9EB4	199	8
U+9EB5	199	9
U+9EB6	199	11
U+9EB7	199	18
U+9EB8	199	4
U+9EB9	199	8
U+9EBA	199	9
U+9EBB	200	0
U+9EBC	200	3
U+9EBD	200	3
U+9EBE	200	4
U+9EBF	200	7
U+9EC0	200	8
U+9EC1	200	9
U+9EC2	200	13
U+9EC3	201	0
U+9EC4	201	0
U+9EC5	201	4
U+9EC6	201	4
U+9EC7	201	5
U+9EC8	201	5
U+9EC9	201	5
U+9ECA	201	6
U+9ECB	201	6
U+9ECC	201	13
U+9ECD	202	0
U+9ECE	202	3
U+9ECF	202	5
U+9ED0	202	10
U+9ED1	203	0
U+9ED2	203	0
U+9ED3	203	3
U+9ED4	203	4
U+9ED5	203	4
U+9ED6	203	4
U+9ED7	203	4
U+9ED8	203	4
U+9ED9	86	11
U+9EDA	203	5
U+9EDB	203	5
U+9EDC	203	5
U+9EDD	203	5
U+9EDE	203	5
U+9EDF	203	6
U+9EE0	203	6
U+9EE1	203	6
U+9EE2	203	7
U+9EE3	203	7
U+9EE4	203	8
U+9EE5	203	8
U+9EE6	203	8
U+9EE7	203	8
U+9EE8	203	8
U+9EE9	203	8
U+9EEA	203	8
U+9EEB	203	9
U+9EEC	203	9
U+9EED	203	9
U+9EEE	203	9
U+9EEF	203	9
U+9EF0	203	10
U+9EF1	203	10
U+9EF2	203	11
U+9EF3	203	11
U+9EF4	203	11
U+9EF5	203	13
U+9EF6	203	14
U+9EF7	203	15
U+9EF8	203	16
U+9EF9	204	0
U+9EFA	204	4
U+9EFB	204	5
U+9EFC	204	7
U+9EFD	205	0
U+9EFE	205	0
U+9EFF	205	4
U+9F00	205	5
U+9F01	205	5
U+9F02	205	5
U+9F03	205	6
U+9F04	205	6
U+9F05	205	8
U+9F06	205	10
U+9F07	205	10
U+9F08	205	12
U+9F09	205	12
U+9F0A	205	13
U+9F0B	205	4
U+9F0C	205	5
U+9F0D	205	12
U+9F0E	206	0
U+9F0F	206	2
U+9F10	206	2
U+9F11	206	2
U+9F12	206	3
U+9F13	207	0
U+9F14	207	0
U+9F15	207	5
U+9F16	207	5
U+9F17	207	6
U+9F18	207	8
U+9F19	207	8
U+9F1A	207	8
U+9F1B	207	8
U+9F1C	207	10
U+9F1D	207	11
U+9F1E	207	11
U+9F1F	207	12
U+9F20	208	0
U+9F22	208	4
U+9F23	208	4
U+9F24	208	4
U+9F25	208	5
U+9F26	208	5
U+9F27	208	5
U+9F28	208	5
U+9F29	208	5
U+9F2A	208	5
U+9F2B	208	5
U+9F2C	208	5
U+9F2D	208	6
U+9F2E	208	7
U+9F2F	208	7
U+9F30	208	7
U+9F31	208	8
U+9F32	208	9
U+9F33	208	9
U+9F34	208	9
U+9F35	208	9
U+9F36	208	10
U+9F37	208	10
U+9F38	208	10
U+9F39	208	10
U+9F3A	208	15
U+9F3B	209	0
U+9F3C	209	2
U+9F3D	209	2
U+9F3E	209	3
U+9F3F	209	3
U+9F40	209	5
U+9F41	209	5
U+9F42	209	8
U+9F43	209	9
U+9F44	209	9
U+9F45	209	10
U+9F46	209	10
U+9F47	209	11
U+9F48	209	13
U+9F49	209	22
U+9F4A	210	0
U+9F4B	210	3
U+9F4C	210	4
U+9F4D	210	5
U+9F4E	210	7
U+9F4F	210	9
U+9F50	210	0
U+9F51	210	9
U+9F52	211	0
U+9F53	211	1
U+9F54	211	2
U+9F55	211	3
U+9F56	211	4
U+9F57	211	4
U+9F58	211	4
U+9F59	211	5
U+9F5A	211	5
U+9F5B	211	5
U+9F5C	211	5
U+9F5D	211	5
U+9F5E	211	5
U+9F5F	211	5
U+9F60	211	5
U+9F61	211	5
U+9F63	211	5
U+9F64	211	6
U+9F65	211	6
U+9F66	211	6
U+9F67	211	6
U+9F68	211	6
U+9F69	211	6
U+9F6A	211	7
U+9F6B	211	7
U+9F6C	211	7
U+9F6D	211	8
U+9F6E	211	8
U+9F6F	211	8
U+9F70	211	8
U+9F71	211	8
U+9F72	211	9
U+9F73	211	9
U+9F74	211	9
U+9F75	211	9
U+9F76	211	9
U+9F77	211	9
U+9F78	211	10
U+9F79	211	10
U+9F7A	211	10
U+9F7B	211	10
U+9F7C	211	13
U+9F7D	211	13
U+9F7E	211	20
U+9F7F	211	0
U+9F80	211	2
U+9F81	211	3
U+9F82	211	4
U+9F83	211	5
U+9F84	211	5
U+9F85	211	5
U+9F86	211	5
U+9F87	211	6
U+9F88	211	6
U+9F89	211	7
U+9F8A	211	7
U+9F8B	211	9
U+9F8C	211	9
U+9F8D	212	0
U+9F8E	212	2
U+9F8F	212	3
U+9F90	53	16
U+9F91	212	4
U+9F92	212	5
U+9F93	212	6
U+9F94	212	6
U+9F95	212	6
U+9F96	212	16
U+9F97	212	17
U+9F98	212	32
U+9F99	212	0
U+9F9A	212	6
U+9F9B	212	6
U+9F9C	213	0
U+9F9D	213	5
U+9F9E	213	12
U+9F9F	213	0
U+9FA0	214	0
U+9FA1	214	4
U+9FA2	214	5
U+9FA3	214	8
U+9FA4	214	9
U+9FA5	214	9
U+9FA6	86	11
U+9FA7	72	12
U+9FA8	22	8
U+9FA9	140	13
U+9FAA	156	2
U+9FAB	159	5
U+9FAC	167	8
U+9FAD	187	11
U+9FAE	187	17
U+9FAF	167	5
U+9FB0	77	0
U+9FB1	31	2
U+9FB2	167	10
U+9FB3	32	13
U+9FB4	5	1
U+9FB5	64	0
U+9FB6	32	1
U+9FB7	140	1
U+9FB8	42	2
U+9FB9	12	4
U+9FBA	24	6
U+9FBB	149	12
U+9FBC	32	14
U+9FBD	86	11
U+9FBE	107	8
U+9FBF	140	8
U+9FC0	140	18
U+9FC1	149	6
U+9FC2	159	11
U+9FC3	109	7
U+9FC4	75	6
U+9FC5	113	13
U+9FC6	113	4
U+9FC7	9	6
U+9FC8	60	4
U+9FC9	60	4
U+9FCA	140	7
U+9FCB	145	12
U+9FCC	85	9
U+9FCD	32	6
U+9FCE	112	6
U+9FCF	167	7
U+9FD0	195	10
U+9FD1	15	5
U+9FD2	140	6
U+9FD3	140	9
U+9FD4	167	10
U+9FD5	195	4
U+9FD6	1	6
U+9FD7	1	8
U+9FD8	9	10
U+9FD9	9	11
U+9FDA	9	14
U+9FDB	15	22
U+9FDC	64	19
U+9FDD	75	23
U+9FDE	78	16
U+9FDF	115	7
U+9FE0	115	16
U+9FE1	122	28
U+9FE2	128	8
U+9FE3	128	9
U+9FE4	128	12
U+9FE5	138	17
U+9FE6	140	18
U+9FE7	170	23
U+9FE8	173	19
U+9FE9	195	18
U+9FEA	86	13
U+9FEB	84	13
U+9FEC	112	5
U+9FED	167	5
U+9FEE	53	10
U+9FEF	119	10
U+9FF0	85	12
U+9FF1	96	4
U+9FF2	151	7
U+9FF3	195	11
U+9FF4	195	5
U+9FF5	195	7
U+9FF6	195	7
U+9FF7	195	9
U+9FF8	195	11
U+9FF9	195	11
U+9FFA	196	7
U+9FFB	208	5
U+9FFC	208	5
U+9FFD	30	10
U+9FFE	32	9
U+9FFF	85	9
